Species,Tag,OriginalStemID,TrueStemID,CensusID,DBH,ExactDate,ListOfTSM,Status,growth_form,species,Bio_Mu_Growth,Bio_Gamma_Growth,Bio_Sigma0_Growth,Bio_Sigma1_Growth,Bio_H0_Mortality,Bio_Beta_Mortality,Bio_Recruit_Meanlog,Bio_Recruit_Sdlog,Bio_Recruit_MaxDBH_unit,Bio_Recruitment_lambda,Bio_Max_Shrink,Bio_K_Shrink,Bio_Max_Growth,Bio_Max_Growth_Soft,Bio_K_Growth,ReconstructionMethod,DP_MaxStatesPerCensus,DP_MaxStatesCensusID,DP_KUsed,DP_PosteriorTop1ID,DP_PosteriorTop1Prob,DP_PosteriorTop2ID,DP_PosteriorTop2Prob,DP_PosteriorEntropy,DP_PosteriorReconstructedProb,DP_PosteriorUnlinkedProb,obs_row_id,DP_FallbackReason,ReconstructedStemID,ConstraintViolation,SweepAuditOverride,ReconstructedStemID_PreSweep,SweepRollbackToPreSweep,DP_Chunk,DP_PosteriorBin,run_out_dir
sp1,1,1,,1,7.53760054216104,1980-01-01,"","",tree,all,0.0381571271145179,0.372624469424891,0.406738340860665,0.00773303781512013,0.0620795782771553,-0.0203753924797626,1.4564596855136,1.07130403370132,25.9999,0.0638624477390889,-0.5,0,5,3.51132224183,0,dp,720,7,6,1,0.994633050281291,6,0.00536673296703095,0.0334107872822864,0.994633050281291,0.00536673296703095,1,,1,,FALSE,1,FALSE,1,confident,20260507_145347_unknown_allT_DP_MB_ME_g5_sm0p5_kg0_ks0_rcpp
sp1,1,1,,2,9.86822324525956,1984-11-17,"","",tree,all,0.0381571271145179,0.372624469424891,0.406738340860665,0.00773303781512013,0.0620795782771553,-0.0203753924797626,1.4564596855136,1.07130403370132,25.9999,0.0638624477390889,-0.5,0,5,3.51132224183,0,dp,720,7,6,1,0.997908819718534,6,0.00209118028146561,0.0149916302932011,0.997908819718534,0.00209118028146561,6,,1,,FALSE,1,FALSE,1,confident,20260507_145347_unknown_allT_DP_MB_ME_g5_sm0p5_kg0_ks0_rcpp
sp1,1,1,,3,16.0919541341749,1989-11-28,"","",tree,all,0.0381571271145179,0.372624469424891,0.406738340860665,0.00773303781512013,0.0620795782771553,-0.0203753924797626,1.4564596855136,1.07130403370132,25.9999,0.0638624477390889,-0.5,0,5,3.51132224183,0,dp,720,7,6,1,0.999299874132003,6,0.000700125867997375,0.00578577035868011,0.999299874132003,0.000700125867997375,11,,1,,FALSE,1,FALSE,1,confident,20260507_145347_unknown_allT_DP_MB_ME_g5_sm0p5_kg0_ks0_rcpp
sp1,1,1,,4,20.4137680991966,1995-01-06,"","",tree,all,0.0381571271145179,0.372624469424891,0.406738340860665,0.00773303781512013,0.0620795782771553,-0.0203753924797626,1.4564596855136,1.07130403370132,25.9999,0.0638624477390889,-0.5,0,5,3.51132224183,0,dp,720,7,6,1,0.999999726528881,6,2.73471119183175e-07,4.40618572804818e-06,0.999999726528881,2.73471119183175e-07,16,,1,,FALSE,1,FALSE,1,confident,20260507_145347_unknown_allT_DP_MB_ME_g5_sm0p5_kg0_ks0_rcpp
sp1,1,1,,5,26.3992585297951,1999-10-13,"","",tree,all,0.0381571271145179,0.372624469424891,0.406738340860665,0.00773303781512013,0.0620795782771553,-0.0203753924797626,1.4564596855136,1.07130403370132,25.9999,0.0638624477390889,-0.5,0,5,3.51132224183,0,dp,720,7,6,1,1,2,0,0,1,0,21,,1,,FALSE,1,FALSE,1,confident,20260507_145347_unknown_allT_DP_MB_ME_g5_sm0p5_kg0_ks0_rcpp
sp1,1,1,,6,37.0364736351304,2004-10-28,"","",tree,all,0.0381571271145179,0.372624469424891,0.406738340860665,0.00773303781512013,0.0620795782771553,-0.0203753924797626,1.4564596855136,1.07130403370132,25.9999,0.0638624477390889,-0.5,0,5,3.51132224183,0,dp,720,7,6,1,1,2,0,0,1,0,26,,1,,FALSE,1,FALSE,1,confident,20260507_145347_unknown_allT_DP_MB_ME_g5_sm0p5_kg0_ks0_rcpp
sp1,1,1,1,7,44.3043674667768,2009-11-16,"","",tree,all,0.0381571271145179,0.372624469424891,0.406738340860665,0.00773303781512013,0.0620795782771553,-0.0203753924797626,1.4564596855136,1.07130403370132,25.9999,0.0638624477390889,-0.5,0,5,3.51132224183,0,given,720,7,6,1,1,2,0,0,1,0,31,,1,,FALSE,1,FALSE,1,confident,20260507_145347_unknown_allT_DP_MB_ME_g5_sm0p5_kg0_ks0_rcpp
sp1,1,1,1,8,56.2439665949433,2014-10-26,"","",tree,all,0.0381571271145179,0.372624469424891,0.406738340860665,0.00773303781512013,0.0620795782771553,-0.0203753924797626,1.4564596855136,1.07130403370132,25.9999,0.0638624477390889,-0.5,0,5,3.51132224183,0,given,,,,,,,,,,,36,,1,,FALSE,1,FALSE,1,,20260507_145347_unknown_allT_DP_MB_ME_g5_sm0p5_kg0_ks0_rcpp
sp1,1,1,1,9,63.8208734285944,2019-10-06,"","",tree,all,0.0381571271145179,0.372624469424891,0.406738340860665,0.00773303781512013,0.0620795782771553,-0.0203753924797626,1.4564596855136,1.07130403370132,25.9999,0.0638624477390889,-0.5,0,5,3.51132224183,0,given,,,,,,,,,,,41,,1,,FALSE,1,FALSE,1,,20260507_145347_unknown_allT_DP_MB_ME_g5_sm0p5_kg0_ks0_rcpp
sp1,1,2,,1,23.5790347139569,1980-01-01,"","",tree,all,0.0381571271145179,0.372624469424891,0.406738340860665,0.00773303781512013,0.0620795782771553,-0.0203753924797626,1.4564596855136,1.07130403370132,25.9999,0.0638624477390889,-0.5,0,5,3.51132224183,0,dp,720,7,6,5,0.521014680754286,2,0.47898510280192,0.692267065382781,0.521014680754286,2.16443794303322e-07,2,,5,,FALSE,5,FALSE,1,ambiguous,20260507_145347_unknown_allT_DP_MB_ME_g5_sm0p5_kg0_ks0_rcpp
sp1,1,2,,2,30.5374963069562,1984-11-17,"","",tree,all,0.0381571271145179,0.372624469424891,0.406738340860665,0.00773303781512013,0.0620795782771553,-0.0203753924797626,1.4564596855136,1.07130403370132,25.9999,0.0638624477390889,-0.5,0,5,3.51132224183,0,dp,720,7,6,5,0.521014793537645,2,0.478985206462355,0.692263677241714,0.521014793537645,0,7,,5,,FALSE,5,FALSE,1,ambiguous,20260507_145347_unknown_allT_DP_MB_ME_g5_sm0p5_kg0_ks0_rcpp
sp1,1,2,,3,36.070646176136,1989-11-28,"","",tree,all,0.0381571271145179,0.372624469424891,0.406738340860665,0.00773303781512013,0.0620795782771553,-0.0203753924797626,1.4564596855136,1.07130403370132,25.9999,0.0638624477390889,-0.5,0,5,3.51132224183,0,dp,720,7,6,5,0.521014793537646,2,0.478985206462354,0.692263677241714,0.521014793537646,0,12,,5,,FALSE,5,FALSE,1,ambiguous,20260507_145347_unknown_allT_DP_MB_ME_g5_sm0p5_kg0_ks0_rcpp
sp1,1,2,,4,48.6474445526364,1995-01-06,"","",tree,all,0.0381571271145179,0.372624469424891,0.406738340860665,0.00773303781512013,0.0620795782771553,-0.0203753924797626,1.4564596855136,1.07130403370132,25.9999,0.0638624477390889,-0.5,0,5,3.51132224183,0,dp,720,7,6,5,0.521014793537646,2,0.478985206462354,0.692263677241714,0.521014793537646,0,17,,5,,FALSE,5,FALSE,1,ambiguous,20260507_145347_unknown_allT_DP_MB_ME_g5_sm0p5_kg0_ks0_rcpp
sp1,1,2,,5,55.5670391275302,1999-10-13,"","",tree,all,0.0381571271145179,0.372624469424891,0.406738340860665,0.00773303781512013,0.0620795782771553,-0.0203753924797626,1.4564596855136,1.07130403370132,25.9999,0.0638624477390889,-0.5,0,5,3.51132224183,0,dp,720,7,6,5,0.521014793537645,2,0.478985206462355,0.692263677241714,0.521014793537645,0,22,,5,,FALSE,5,FALSE,1,ambiguous,20260507_145347_unknown_allT_DP_MB_ME_g5_sm0p5_kg0_ks0_rcpp
sp1,1,2,,6,66.5013744640114,2004-10-28,"","",tree,all,0.0381571271145179,0.372624469424891,0.406738340860665,0.00773303781512013,0.0620795782771553,-0.0203753924797626,1.4564596855136,1.07130403370132,25.9999,0.0638624477390889,-0.5,0,5,3.51132224183,0,dp,720,7,6,2,0.587840641625619,5,0.412159358374382,0.677634845621236,0.587840641625619,0,27,,2,,FALSE,2,FALSE,1,ambiguous,20260507_145347_unknown_allT_DP_MB_ME_g5_sm0p5_kg0_ks0_rcpp
sp1,1,2,2,7,77.5998995762377,2009-11-16,"","",tree,all,0.0381571271145179,0.372624469424891,0.406738340860665,0.00773303781512013,0.0620795782771553,-0.0203753924797626,1.4564596855136,1.07130403370132,25.9999,0.0638624477390889,-0.5,0,5,3.51132224183,0,given,720,7,6,2,1,1,0,0,1,0,32,,2,,FALSE,2,FALSE,1,confident,20260507_145347_unknown_allT_DP_MB_ME_g5_sm0p5_kg0_ks0_rcpp
sp1,1,2,2,8,79.8367150321494,2014-10-26,"","",tree,all,0.0381571271145179,0.372624469424891,0.406738340860665,0.00773303781512013,0.0620795782771553,-0.0203753924797626,1.4564596855136,1.07130403370132,25.9999,0.0638624477390889,-0.5,0,5,3.51132224183,0,given,,,,,,,,,,,37,,2,,FALSE,2,FALSE,1,,20260507_145347_unknown_allT_DP_MB_ME_g5_sm0p5_kg0_ks0_rcpp
sp1,1,2,2,9,89.3592697871013,2019-10-06,"","",tree,all,0.0381571271145179,0.372624469424891,0.406738340860665,0.00773303781512013,0.0620795782771553,-0.0203753924797626,1.4564596855136,1.07130403370132,25.9999,0.0638624477390889,-0.5,0,5,3.51132224183,0,given,,,,,,,,,,,42,,2,,FALSE,2,FALSE,1,,20260507_145347_unknown_allT_DP_MB_ME_g5_sm0p5_kg0_ks0_rcpp
sp1,1,3,,1,,1980-01-01,"","",tree,all,0.0381571271145179,0.372624469424891,0.406738340860665,0.00773303781512013,0.0620795782771553,-0.0203753924797626,1.4564596855136,1.07130403370132,25.9999,0.0638624477390889,-0.5,0,5,3.51132224183,0,given_orphan,720,7,6,,,,,,,,3,,3,,FALSE,,FALSE,1,,20260507_145347_unknown_allT_DP_MB_ME_g5_sm0p5_kg0_ks0_rcpp
sp1,1,3,,2,,1984-11-17,"","",tree,all,0.0381571271145179,0.372624469424891,0.406738340860665,0.00773303781512013,0.0620795782771553,-0.0203753924797626,1.4564596855136,1.07130403370132,25.9999,0.0638624477390889,-0.5,0,5,3.51132224183,0,given_orphan,720,7,6,,,,,,,,8,,3,,FALSE,,FALSE,1,,20260507_145347_unknown_allT_DP_MB_ME_g5_sm0p5_kg0_ks0_rcpp
sp1,1,3,,3,,1989-11-28,"","",tree,all,0.0381571271145179,0.372624469424891,0.406738340860665,0.00773303781512013,0.0620795782771553,-0.0203753924797626,1.4564596855136,1.07130403370132,25.9999,0.0638624477390889,-0.5,0,5,3.51132224183,0,given_orphan,720,7,6,,,,,,,,13,,3,,FALSE,,FALSE,1,,20260507_145347_unknown_allT_DP_MB_ME_g5_sm0p5_kg0_ks0_rcpp
sp1,1,3,,4,,1995-01-06,"","",tree,all,0.0381571271145179,0.372624469424891,0.406738340860665,0.00773303781512013,0.0620795782771553,-0.0203753924797626,1.4564596855136,1.07130403370132,25.9999,0.0638624477390889,-0.5,0,5,3.51132224183,0,given_orphan,720,7,6,,,,,,,,18,,3,,FALSE,,FALSE,1,,20260507_145347_unknown_allT_DP_MB_ME_g5_sm0p5_kg0_ks0_rcpp
sp1,1,3,,5,,1999-10-13,"","",tree,all,0.0381571271145179,0.372624469424891,0.406738340860665,0.00773303781512013,0.0620795782771553,-0.0203753924797626,1.4564596855136,1.07130403370132,25.9999,0.0638624477390889,-0.5,0,5,3.51132224183,0,given_orphan,720,7,6,,,,,,,,23,,3,,FALSE,,FALSE,1,,20260507_145347_unknown_allT_DP_MB_ME_g5_sm0p5_kg0_ks0_rcpp
sp1,1,3,,6,,2004-10-28,"","",tree,all,0.0381571271145179,0.372624469424891,0.406738340860665,0.00773303781512013,0.0620795782771553,-0.0203753924797626,1.4564596855136,1.07130403370132,25.9999,0.0638624477390889,-0.5,0,5,3.51132224183,0,given_orphan,720,7,6,,,,,,,,28,,3,,FALSE,,FALSE,1,,20260507_145347_unknown_allT_DP_MB_ME_g5_sm0p5_kg0_ks0_rcpp
sp1,1,3,3,7,0.150562872315699,2009-11-16,"","",tree,all,0.0381571271145179,0.372624469424891,0.406738340860665,0.00773303781512013,0.0620795782771553,-0.0203753924797626,1.4564596855136,1.07130403370132,25.9999,0.0638624477390889,-0.5,0,5,3.51132224183,0,given,720,7,6,3,1,1,0,0,1,0,33,,3,,FALSE,3,FALSE,1,confident,20260507_145347_unknown_allT_DP_MB_ME_g5_sm0p5_kg0_ks0_rcpp
sp1,1,3,3,8,0.150562872315699,2014-10-26,"","",tree,all,0.0381571271145179,0.372624469424891,0.406738340860665,0.00773303781512013,0.0620795782771553,-0.0203753924797626,1.4564596855136,1.07130403370132,25.9999,0.0638624477390889,-0.5,0,5,3.51132224183,0,given,,,,,,,,,,,38,,3,,FALSE,3,FALSE,1,,20260507_145347_unknown_allT_DP_MB_ME_g5_sm0p5_kg0_ks0_rcpp
sp1,1,3,3,9,0.832462965912623,2019-10-06,"","",tree,all,0.0381571271145179,0.372624469424891,0.406738340860665,0.00773303781512013,0.0620795782771553,-0.0203753924797626,1.4564596855136,1.07130403370132,25.9999,0.0638624477390889,-0.5,0,5,3.51132224183,0,given,,,,,,,,,,,43,,3,,FALSE,3,FALSE,1,,20260507_145347_unknown_allT_DP_MB_ME_g5_sm0p5_kg0_ks0_rcpp
sp1,1,4,,1,,1980-01-01,"","",tree,all,0.0381571271145179,0.372624469424891,0.406738340860665,0.00773303781512013,0.0620795782771553,-0.0203753924797626,1.4564596855136,1.07130403370132,25.9999,0.0638624477390889,-0.5,0,5,3.51132224183,0,given_orphan,720,7,6,,,,,,,,4,,4,,FALSE,,FALSE,1,,20260507_145347_unknown_allT_DP_MB_ME_g5_sm0p5_kg0_ks0_rcpp
sp1,1,4,,2,0.306522675835534,1984-11-17,"","",tree,all,0.0381571271145179,0.372624469424891,0.406738340860665,0.00773303781512013,0.0620795782771553,-0.0203753924797626,1.4564596855136,1.07130403370132,25.9999,0.0638624477390889,-0.5,0,5,3.51132224183,0,dp,720,7,6,4,0.919131330272751,6,0.0808568130088256,0.281002378528768,0.919131330272751,0.0808568130088256,9,,4,,FALSE,4,FALSE,1,ambiguous,20260507_145347_unknown_allT_DP_MB_ME_g5_sm0p5_kg0_ks0_rcpp
sp1,1,4,,3,1.95646528492596,1989-11-28,"","",tree,all,0.0381571271145179,0.372624469424891,0.406738340860665,0.00773303781512013,0.0620795782771553,-0.0203753924797626,1.4564596855136,1.07130403370132,25.9999,0.0638624477390889,-0.5,0,5,3.51132224183,0,dp,720,7,6,4,0.983377618698871,6,0.0166199125639139,0.0846096705685653,0.983377618698871,0.0166199125639139,14,,4,,FALSE,4,FALSE,1,confident,20260507_145347_unknown_allT_DP_MB_ME_g5_sm0p5_kg0_ks0_rcpp
sp1,1,4,,4,4.74877698820337,1995-01-06,"","",tree,all,0.0381571271145179,0.372624469424891,0.406738340860665,0.00773303781512013,0.0620795782771553,-0.0203753924797626,1.4564596855136,1.07130403370132,25.9999,0.0638624477390889,-0.5,0,5,3.51132224183,0,dp,720,7,6,4,0.993094423564553,6,0.00690530296432783,0.0412429080565025,0.993094423564553,0.00690530296432783,19,,4,,FALSE,4,FALSE,1,confident,20260507_145347_unknown_allT_DP_MB_ME_g5_sm0p5_kg0_ks0_rcpp
sp1,1,4,,5,7.4757080601187,1999-10-13,"","",tree,all,0.0381571271145179,0.372624469424891,0.406738340860665,0.00773303781512013,0.0620795782771553,-0.0203753924797626,1.4564596855136,1.07130403370132,25.9999,0.0638624477390889,-0.5,0,5,3.51132224183,0,dp,720,7,6,4,0.997063240470379,6,0.00293675952962055,0.0200550682366393,0.997063240470379,0.00293675952962055,24,,4,,FALSE,4,FALSE,1,confident,20260507_145347_unknown_allT_DP_MB_ME_g5_sm0p5_kg0_ks0_rcpp
sp1,1,4,,6,12.4532282368242,2004-10-28,"","",tree,all,0.0381571271145179,0.372624469424891,0.406738340860665,0.00773303781512013,0.0620795782771553,-0.0203753924797626,1.4564596855136,1.07130403370132,25.9999,0.0638624477390889,-0.5,0,5,3.51132224183,0,dp,720,7,6,4,0.999076704405878,6,0.000923295594121951,0.00737445362225272,0.999076704405878,0.000923295594121951,29,,4,,FALSE,4,FALSE,1,confident,20260507_145347_unknown_allT_DP_MB_ME_g5_sm0p5_kg0_ks0_rcpp
sp1,1,4,4,7,17.3241826599667,2009-11-16,"","",tree,all,0.0381571271145179,0.372624469424891,0.406738340860665,0.00773303781512013,0.0620795782771553,-0.0203753924797626,1.4564596855136,1.07130403370132,25.9999,0.0638624477390889,-0.5,0,5,3.51132224183,0,given,720,7,6,4,1,1,0,0,1,0,34,,4,,FALSE,4,FALSE,1,confident,20260507_145347_unknown_allT_DP_MB_ME_g5_sm0p5_kg0_ks0_rcpp
sp1,1,4,4,8,21.5172180724279,2014-10-26,"","",tree,all,0.0381571271145179,0.372624469424891,0.406738340860665,0.00773303781512013,0.0620795782771553,-0.0203753924797626,1.4564596855136,1.07130403370132,25.9999,0.0638624477390889,-0.5,0,5,3.51132224183,0,given,,,,,,,,,,,39,,4,,FALSE,4,FALSE,1,,20260507_145347_unknown_allT_DP_MB_ME_g5_sm0p5_kg0_ks0_rcpp
sp1,1,4,4,9,33.2547119133555,2019-10-06,"","",tree,all,0.0381571271145179,0.372624469424891,0.406738340860665,0.00773303781512013,0.0620795782771553,-0.0203753924797626,1.4564596855136,1.07130403370132,25.9999,0.0638624477390889,-0.5,0,5,3.51132224183,0,given,,,,,,,,,,,44,,4,,FALSE,4,FALSE,1,,20260507_145347_unknown_allT_DP_MB_ME_g5_sm0p5_kg0_ks0_rcpp
sp1,1,5,,1,42.7415207218314,1980-01-01,"","",tree,all,0.0381571271145179,0.372624469424891,0.406738340860665,0.00773303781512013,0.0620795782771553,-0.0203753924797626,1.4564596855136,1.07130403370132,25.9999,0.0638624477390889,-0.5,0,5,3.51132224183,0,dp,720,7,6,2,0.521014793377233,5,0.478985206314883,0.692263684079519,0.521014793377233,3.07883937582019e-10,5,,2,,FALSE,2,FALSE,1,ambiguous,20260507_145347_unknown_allT_DP_MB_ME_g5_sm0p5_kg0_ks0_rcpp
sp1,1,5,,2,45.4506258617407,1984-11-17,"","",tree,all,0.0381571271145179,0.372624469424891,0.406738340860665,0.00773303781512013,0.0620795782771553,-0.0203753924797626,1.4564596855136,1.07130403370132,25.9999,0.0638624477390889,-0.5,0,5,3.51132224183,0,dp,720,7,6,2,0.521014793537645,5,0.478985206462355,0.692263677241714,0.521014793537645,0,10,,2,,FALSE,2,FALSE,1,ambiguous,20260507_145347_unknown_allT_DP_MB_ME_g5_sm0p5_kg0_ks0_rcpp
sp1,1,5,,3,54.3738713053589,1989-11-28,"","",tree,all,0.0381571271145179,0.372624469424891,0.406738340860665,0.00773303781512013,0.0620795782771553,-0.0203753924797626,1.4564596855136,1.07130403370132,25.9999,0.0638624477390889,-0.5,0,5,3.51132224183,0,dp,720,7,6,2,0.521014793537646,5,0.478985206462354,0.692263677241714,0.521014793537646,0,15,,2,,FALSE,2,FALSE,1,ambiguous,20260507_145347_unknown_allT_DP_MB_ME_g5_sm0p5_kg0_ks0_rcpp
sp1,1,5,,4,61.0594947779095,1995-01-06,"","",tree,all,0.0381571271145179,0.372624469424891,0.406738340860665,0.00773303781512013,0.0620795782771553,-0.0203753924797626,1.4564596855136,1.07130403370132,25.9999,0.0638624477390889,-0.5,0,5,3.51132224183,0,dp,720,7,6,2,0.521014793537646,5,0.478985206462354,0.692263677241714,0.521014793537646,0,20,,2,,FALSE,2,FALSE,1,ambiguous,20260507_145347_unknown_allT_DP_MB_ME_g5_sm0p5_kg0_ks0_rcpp
sp1,1,5,,5,65.4528653727692,1999-10-13,"","",tree,all,0.0381571271145179,0.372624469424891,0.406738340860665,0.00773303781512013,0.0620795782771553,-0.0203753924797626,1.4564596855136,1.07130403370132,25.9999,0.0638624477390889,-0.5,0,5,3.51132224183,0,dp,720,7,6,2,0.521014793537645,5,0.478985206462355,0.692263677241714,0.521014793537645,0,25,,2,,FALSE,2,FALSE,1,ambiguous,20260507_145347_unknown_allT_DP_MB_ME_g5_sm0p5_kg0_ks0_rcpp
sp1,1,5,,6,65.4528653727692,2004-10-28,"","",tree,all,0.0381571271145179,0.372624469424891,0.406738340860665,0.00773303781512013,0.0620795782771553,-0.0203753924797626,1.4564596855136,1.07130403370132,25.9999,0.0638624477390889,-0.5,0,5,3.51132224183,0,dp,720,7,6,5,0.587840641625619,2,0.412159358374382,0.677634845621236,0.587840641625619,0,30,,5,,FALSE,5,FALSE,1,ambiguous,20260507_145347_unknown_allT_DP_MB_ME_g5_sm0p5_kg0_ks0_rcpp
sp1,1,5,5,7,70.015710727766,2009-11-16,"","",tree,all,0.0381571271145179,0.372624469424891,0.406738340860665,0.00773303781512013,0.0620795782771553,-0.0203753924797626,1.4564596855136,1.07130403370132,25.9999,0.0638624477390889,-0.5,0,5,3.51132224183,0,given,720,7,6,5,1,1,0,0,1,0,35,,5,,FALSE,5,FALSE,1,confident,20260507_145347_unknown_allT_DP_MB_ME_g5_sm0p5_kg0_ks0_rcpp
sp1,1,5,5,8,73.420801044693,2014-10-26,"","",tree,all,0.0381571271145179,0.372624469424891,0.406738340860665,0.00773303781512013,0.0620795782771553,-0.0203753924797626,1.4564596855136,1.07130403370132,25.9999,0.0638624477390889,-0.5,0,5,3.51132224183,0,given,,,,,,,,,,,40,,5,,FALSE,5,FALSE,1,,20260507_145347_unknown_allT_DP_MB_ME_g5_sm0p5_kg0_ks0_rcpp
sp1,1,5,5,9,87.8222502325724,2019-10-06,"","",tree,all,0.0381571271145179,0.372624469424891,0.406738340860665,0.00773303781512013,0.0620795782771553,-0.0203753924797626,1.4564596855136,1.07130403370132,25.9999,0.0638624477390889,-0.5,0,5,3.51132224183,0,given,,,,,,,,,,,45,,5,,FALSE,5,FALSE,1,,20260507_145347_unknown_allT_DP_MB_ME_g5_sm0p5_kg0_ks0_rcpp
sp1,2,1,,1,15.5426316102452,1980-01-01,"","",tree,all,0.0381571271145179,0.372624469424891,0.406738340860665,0.00773303781512013,0.0620795782771553,-0.0203753924797626,1.4564596855136,1.07130403370132,25.9999,0.0638624477390889,-0.5,0,5,3.51132224183,0,dp,24,1,4,5,0.356778826019455,6,0.356778826019455,1.09353588192992,0.356778826019455,0.713557652038909,1,,5,,FALSE,5,FALSE,1,unlinked-likely,20260507_145347_unknown_allT_DP_MB_ME_g5_sm0p5_kg0_ks0_rcpp
sp1,2,1,,2,19.1640392297841,1985-01-04,"","",tree,all,0.0381571271145179,0.372624469424891,0.406738340860665,0.00773303781512013,0.0620795782771553,-0.0203753924797626,1.4564596855136,1.07130403370132,25.9999,0.0638624477390889,-0.5,0,5,3.51132224183,0,dp,24,1,4,5,0.363986762201961,6,0.363986762201961,1.08985681325277,0.363986762201961,0.727973524403921,5,,5,,FALSE,5,FALSE,1,unlinked-likely,20260507_145347_unknown_allT_DP_MB_ME_g5_sm0p5_kg0_ks0_rcpp
sp1,2,1,,3,27.2024891603932,1990-01-31,"","",tree,all,0.0381571271145179,0.372624469424891,0.406738340860665,0.00773303781512013,0.0620795782771553,-0.0203753924797626,1.4564596855136,1.07130403370132,25.9999,0.0638624477390889,-0.5,0,5,3.51132224183,0,dp,24,1,4,5,0.376620979824304,6,0.376620979824304,1.08085291966291,0.376620979824304,0.753241959648608,9,,5,,FALSE,5,FALSE,1,unlinked-likely,20260507_145347_unknown_allT_DP_MB_ME_g5_sm0p5_kg0_ks0_rcpp
sp1,2,1,,4,33.0172718510449,1995-03-23,"","",tree,all,0.0381571271145179,0.372624469424891,0.406738340860665,0.00773303781512013,0.0620795782771553,-0.0203753924797626,1.4564596855136,1.07130403370132,25.9999,0.0638624477390889,-0.5,0,5,3.51132224183,0,dp,24,1,4,5,0.384024563326366,6,0.384024563326366,1.07399396642042,0.384024563326366,0.768049126652731,13,,5,,FALSE,5,FALSE,1,unlinked-likely,20260507_145347_unknown_allT_DP_MB_ME_g5_sm0p5_kg0_ks0_rcpp
sp1,2,1,,5,39.5031021140406,2000-02-20,"","",tree,all,0.0381571271145179,0.372624469424891,0.406738340860665,0.00773303781512013,0.0620795782771553,-0.0203753924797626,1.4564596855136,1.07130403370132,25.9999,0.0638624477390889,-0.5,0,5,3.51132224183,0,dp,24,1,4,5,0.390946486838483,6,0.390946486838483,1.06646853590894,0.390946486838483,0.781892973676965,17,,5,,FALSE,5,FALSE,1,unlinked-likely,20260507_145347_unknown_allT_DP_MB_ME_g5_sm0p5_kg0_ks0_rcpp
sp1,2,1,,6,,2005-03-02,"","",tree,all,0.0381571271145179,0.372624469424891,0.406738340860665,0.00773303781512013,0.0620795782771553,-0.0203753924797626,1.4564596855136,1.07130403370132,25.9999,0.0638624477390889,-0.5,0,5,3.51132224183,0,given_orphan,24,1,4,,,,,,,,21,,1,,FALSE,,FALSE,1,,20260507_145347_unknown_allT_DP_MB_ME_g5_sm0p5_kg0_ks0_rcpp
sp1,2,1,1,7,,2010-04-20,"","",tree,all,0.0381571271145179,0.372624469424891,0.406738340860665,0.00773303781512013,0.0620795782771553,-0.0203753924797626,1.4564596855136,1.07130403370132,25.9999,0.0638624477390889,-0.5,0,5,3.51132224183,0,given,24,1,4,,,,,,,,25,,1,,FALSE,1,FALSE,1,,20260507_145347_unknown_allT_DP_MB_ME_g5_sm0p5_kg0_ks0_rcpp
sp1,2,1,1,8,,2015-03-18,"","",tree,all,0.0381571271145179,0.372624469424891,0.406738340860665,0.00773303781512013,0.0620795782771553,-0.0203753924797626,1.4564596855136,1.07130403370132,25.9999,0.0638624477390889,-0.5,0,5,3.51132224183,0,given,,,,,,,,,,,29,,1,,FALSE,1,FALSE,1,,20260507_145347_unknown_allT_DP_MB_ME_g5_sm0p5_kg0_ks0_rcpp
sp1,2,1,1,9,,2020-03-09,"","",tree,all,0.0381571271145179,0.372624469424891,0.406738340860665,0.00773303781512013,0.0620795782771553,-0.0203753924797626,1.4564596855136,1.07130403370132,25.9999,0.0638624477390889,-0.5,0,5,3.51132224183,0,given,,,,,,,,,,,33,,1,,FALSE,1,FALSE,1,,20260507_145347_unknown_allT_DP_MB_ME_g5_sm0p5_kg0_ks0_rcpp
sp1,2,2,,1,11.0045800156871,1980-01-01,"","",tree,all,0.0381571271145179,0.372624469424891,0.406738340860665,0.00773303781512013,0.0620795782771553,-0.0203753924797626,1.4564596855136,1.07130403370132,25.9999,0.0638624477390889,-0.5,0,5,3.51132224183,0,dp,24,1,4,3,0.339792543580499,5,0.330103728209751,1.09851871433401,0.339792543580499,0.660207456419501,2,,3,,FALSE,3,FALSE,1,unlinked-likely,20260507_145347_unknown_allT_DP_MB_ME_g5_sm0p5_kg0_ks0_rcpp
sp1,2,2,,2,17.1092853523817,1985-01-04,"","",tree,all,0.0381571271145179,0.372624469424891,0.406738340860665,0.00773303781512013,0.0620795782771553,-0.0203753924797626,1.4564596855136,1.07130403370132,25.9999,0.0638624477390889,-0.5,0,5,3.51132224183,0,dp,24,1,4,3,0.353344808261435,5,0.323327595869282,1.09771987686753,0.353344808261435,0.646655191738565,6,,3,,FALSE,3,FALSE,1,unlinked-likely,20260507_145347_unknown_allT_DP_MB_ME_g5_sm0p5_kg0_ks0_rcpp
sp1,2,2,,3,21.990507117763,1990-01-31,"","",tree,all,0.0381571271145179,0.372624469424891,0.406738340860665,0.00773303781512013,0.0620795782771553,-0.0203753924797626,1.4564596855136,1.07130403370132,25.9999,0.0638624477390889,-0.5,0,5,3.51132224183,0,dp,24,1,4,3,0.374919953972528,5,0.312540023013736,1.09479480645485,0.374919953972528,0.625080046027473,10,,3,,FALSE,3,FALSE,1,unlinked-likely,20260507_145347_unknown_allT_DP_MB_ME_g5_sm0p5_kg0_ks0_rcpp
sp1,2,2,,4,28.0387802388318,1995-03-23,"","",tree,all,0.0381571271145179,0.372624469424891,0.406738340860665,0.00773303781512013,0.0620795782771553,-0.0203753924797626,1.4564596855136,1.07130403370132,25.9999,0.0638624477390889,-0.5,0,5,3.51132224183,0,dp,24,1,4,3,0.384066544520907,5,0.307966727739546,1.09295238720384,0.307966727739546,0.615933455479093,14,,6,,FALSE,6,FALSE,1,unlinked-likely,20260507_145347_unknown_allT_DP_MB_ME_g5_sm0p5_kg0_ks0_rcpp
sp1,2,2,,5,32.3271094777987,2000-02-20,"","",tree,all,0.0381571271145179,0.372624469424891,0.406738340860665,0.00773303781512013,0.0620795782771553,-0.0203753924797626,1.4564596855136,1.07130403370132,25.9999,0.0638624477390889,-0.5,0,5,3.51132224183,0,dp,24,1,4,3,0.356751638074307,5,0.321624180962847,1.09739206292153,0.321624180962847,0.643248361925694,18,,6,,FALSE,6,FALSE,1,unlinked-likely,20260507_145347_unknown_allT_DP_MB_ME_g5_sm0p5_kg0_ks0_rcpp
sp1,2,2,,6,,2005-03-02,"","",tree,all,0.0381571271145179,0.372624469424891,0.406738340860665,0.00773303781512013,0.0620795782771553,-0.0203753924797626,1.4564596855136,1.07130403370132,25.9999,0.0638624477390889,-0.5,0,5,3.51132224183,0,given_orphan,24,1,4,,,,,,,,22,,2,,FALSE,,FALSE,1,,20260507_145347_unknown_allT_DP_MB_ME_g5_sm0p5_kg0_ks0_rcpp
sp1,2,2,2,7,,2010-04-20,"","",tree,all,0.0381571271145179,0.372624469424891,0.406738340860665,0.00773303781512013,0.0620795782771553,-0.0203753924797626,1.4564596855136,1.07130403370132,25.9999,0.0638624477390889,-0.5,0,5,3.51132224183,0,given,24,1,4,,,,,,,,26,,2,,FALSE,2,FALSE,1,,20260507_145347_unknown_allT_DP_MB_ME_g5_sm0p5_kg0_ks0_rcpp
sp1,2,2,2,8,,2015-03-18,"","",tree,all,0.0381571271145179,0.372624469424891,0.406738340860665,0.00773303781512013,0.0620795782771553,-0.0203753924797626,1.4564596855136,1.07130403370132,25.9999,0.0638624477390889,-0.5,0,5,3.51132224183,0,given,,,,,,,,,,,30,,2,,FALSE,2,FALSE,1,,20260507_145347_unknown_allT_DP_MB_ME_g5_sm0p5_kg0_ks0_rcpp
sp1,2,2,2,9,,2020-03-09,"","",tree,all,0.0381571271145179,0.372624469424891,0.406738340860665,0.00773303781512013,0.0620795782771553,-0.0203753924797626,1.4564596855136,1.07130403370132,25.9999,0.0638624477390889,-0.5,0,5,3.51132224183,0,given,,,,,,,,,,,34,,2,,FALSE,2,FALSE,1,,20260507_145347_unknown_allT_DP_MB_ME_g5_sm0p5_kg0_ks0_rcpp
sp1,2,3,,1,7.29080687475009,1980-01-01,"","",tree,all,0.0381571271145179,0.372624469424891,0.406738340860665,0.00773303781512013,0.0620795782771553,-0.0203753924797626,1.4564596855136,1.07130403370132,25.9999,0.0638624477390889,-0.5,0,5,3.51132224183,0,dp,24,1,4,3,0.37376510845841,5,0.313117445770795,1.09500211868154,0.313117445770795,0.62623489154159,3,,6,,FALSE,6,FALSE,1,unlinked-likely,20260507_145347_unknown_allT_DP_MB_ME_g5_sm0p5_kg0_ks0_rcpp
sp1,2,3,,2,12.1838738770477,1985-01-04,"","",tree,all,0.0381571271145179,0.372624469424891,0.406738340860665,0.00773303781512013,0.0620795782771553,-0.0203753924797626,1.4564596855136,1.07130403370132,25.9999,0.0638624477390889,-0.5,0,5,3.51132224183,0,dp,24,1,4,3,0.374628716142486,5,0.312685641928757,1.09484762493637,0.312685641928757,0.625371283857514,7,,6,,FALSE,6,FALSE,1,unlinked-likely,20260507_145347_unknown_allT_DP_MB_ME_g5_sm0p5_kg0_ks0_rcpp
sp1,2,3,,3,21.1803918920917,1990-01-31,"","",tree,all,0.0381571271145179,0.372624469424891,0.406738340860665,0.00773303781512013,0.0620795782771553,-0.0203753924797626,1.4564596855136,1.07130403370132,25.9999,0.0638624477390889,-0.5,0,5,3.51132224183,0,dp,24,1,4,3,0.378322005676081,5,0.31083899716196,1.09415103746312,0.31083899716196,0.621677994323919,11,,6,,FALSE,6,FALSE,1,unlinked-likely,20260507_145347_unknown_allT_DP_MB_ME_g5_sm0p5_kg0_ks0_rcpp
sp1,2,3,,4,28.079685446052,1995-03-23,"","",tree,all,0.0381571271145179,0.372624469424891,0.406738340860665,0.00773303781512013,0.0620795782771553,-0.0203753924797626,1.4564596855136,1.07130403370132,25.9999,0.0638624477390889,-0.5,0,5,3.51132224183,0,dp,24,1,4,3,0.383982582131824,5,0.308008708934088,1.09297091322033,0.383982582131824,0.616017417868176,15,,3,,FALSE,3,FALSE,1,unlinked-likely,20260507_145347_unknown_allT_DP_MB_ME_g5_sm0p5_kg0_ks0_rcpp
sp1,2,3,,5,33.1402141256717,2000-02-20,"","",tree,all,0.0381571271145179,0.372624469424891,0.406738340860665,0.00773303781512013,0.0620795782771553,-0.0203753924797626,1.4564596855136,1.07130403370132,25.9999,0.0638624477390889,-0.5,0,5,3.51132224183,0,dp,24,1,4,3,0.425141335602659,5,0.287429332198671,1.08035895335753,0.425141335602659,0.574858664397341,19,,3,,FALSE,3,FALSE,1,unlinked-likely,20260507_145347_unknown_allT_DP_MB_ME_g5_sm0p5_kg0_ks0_rcpp
sp1,2,3,,6,41.7183744205571,2005-03-02,"","",tree,all,0.0381571271145179,0.372624469424891,0.406738340860665,0.00773303781512013,0.0620795782771553,-0.0203753924797626,1.4564596855136,1.07130403370132,25.9999,0.0638624477390889,-0.5,0,5,3.51132224183,0,dp,24,1,4,3,1,4,0,0,1,0,23,,3,,FALSE,3,FALSE,1,confident,20260507_145347_unknown_allT_DP_MB_ME_g5_sm0p5_kg0_ks0_rcpp
sp1,2,3,3,7,45.5718090697934,2010-04-20,"","",tree,all,0.0381571271145179,0.372624469424891,0.406738340860665,0.00773303781512013,0.0620795782771553,-0.0203753924797626,1.4564596855136,1.07130403370132,25.9999,0.0638624477390889,-0.5,0,5,3.51132224183,0,given,24,1,4,3,1,4,0,0,1,0,27,,3,,FALSE,3,FALSE,1,confident,20260507_145347_unknown_allT_DP_MB_ME_g5_sm0p5_kg0_ks0_rcpp
sp1,2,3,3,8,51.1012837148115,2015-03-18,"","",tree,all,0.0381571271145179,0.372624469424891,0.406738340860665,0.00773303781512013,0.0620795782771553,-0.0203753924797626,1.4564596855136,1.07130403370132,25.9999,0.0638624477390889,-0.5,0,5,3.51132224183,0,given,,,,,,,,,,,31,,3,,FALSE,3,FALSE,1,,20260507_145347_unknown_allT_DP_MB_ME_g5_sm0p5_kg0_ks0_rcpp
sp1,2,3,3,9,,2020-03-09,"","",tree,all,0.0381571271145179,0.372624469424891,0.406738340860665,0.00773303781512013,0.0620795782771553,-0.0203753924797626,1.4564596855136,1.07130403370132,25.9999,0.0638624477390889,-0.5,0,5,3.51132224183,0,given,,,,,,,,,,,35,,3,,FALSE,3,FALSE,1,,20260507_145347_unknown_allT_DP_MB_ME_g5_sm0p5_kg0_ks0_rcpp
sp1,2,4,,1,,1980-01-01,"","",tree,all,0.0381571271145179,0.372624469424891,0.406738340860665,0.00773303781512013,0.0620795782771553,-0.0203753924797626,1.4564596855136,1.07130403370132,25.9999,0.0638624477390889,-0.5,0,5,3.51132224183,0,given_orphan,24,1,4,,,,,,,,4,,4,,FALSE,,FALSE,1,,20260507_145347_unknown_allT_DP_MB_ME_g5_sm0p5_kg0_ks0_rcpp
sp1,2,4,,2,,1985-01-04,"","",tree,all,0.0381571271145179,0.372624469424891,0.406738340860665,0.00773303781512013,0.0620795782771553,-0.0203753924797626,1.4564596855136,1.07130403370132,25.9999,0.0638624477390889,-0.5,0,5,3.51132224183,0,given_orphan,24,1,4,,,,,,,,8,,4,,FALSE,,FALSE,1,,20260507_145347_unknown_allT_DP_MB_ME_g5_sm0p5_kg0_ks0_rcpp
sp1,2,4,,3,,1990-01-31,"","",tree,all,0.0381571271145179,0.372624469424891,0.406738340860665,0.00773303781512013,0.0620795782771553,-0.0203753924797626,1.4564596855136,1.07130403370132,25.9999,0.0638624477390889,-0.5,0,5,3.51132224183,0,given_orphan,24,1,4,,,,,,,,12,,4,,FALSE,,FALSE,1,,20260507_145347_unknown_allT_DP_MB_ME_g5_sm0p5_kg0_ks0_rcpp
sp1,2,4,,4,,1995-03-23,"","",tree,all,0.0381571271145179,0.372624469424891,0.406738340860665,0.00773303781512013,0.0620795782771553,-0.0203753924797626,1.4564596855136,1.07130403370132,25.9999,0.0638624477390889,-0.5,0,5,3.51132224183,0,given_orphan,24,1,4,,,,,,,,16,,4,,FALSE,,FALSE,1,,20260507_145347_unknown_allT_DP_MB_ME_g5_sm0p5_kg0_ks0_rcpp
sp1,2,4,,5,,2000-02-20,"","",tree,all,0.0381571271145179,0.372624469424891,0.406738340860665,0.00773303781512013,0.0620795782771553,-0.0203753924797626,1.4564596855136,1.07130403370132,25.9999,0.0638624477390889,-0.5,0,5,3.51132224183,0,given_orphan,24,1,4,,,,,,,,20,,4,,FALSE,,FALSE,1,,20260507_145347_unknown_allT_DP_MB_ME_g5_sm0p5_kg0_ks0_rcpp
sp1,2,4,,6,0.608488140821093,2005-03-02,"","",tree,all,0.0381571271145179,0.372624469424891,0.406738340860665,0.00773303781512013,0.0620795782771553,-0.0203753924797626,1.4564596855136,1.07130403370132,25.9999,0.0638624477390889,-0.5,0,5,3.51132224183,0,dp,24,1,4,4,1,3,0,0,1,0,24,,4,,FALSE,4,FALSE,1,confident,20260507_145347_unknown_allT_DP_MB_ME_g5_sm0p5_kg0_ks0_rcpp
sp1,2,4,4,7,2.3159936975399,2010-04-20,"","",tree,all,0.0381571271145179,0.372624469424891,0.406738340860665,0.00773303781512013,0.0620795782771553,-0.0203753924797626,1.4564596855136,1.07130403370132,25.9999,0.0638624477390889,-0.5,0,5,3.51132224183,0,given,24,1,4,4,1,3,0,0,1,0,28,,4,,FALSE,4,FALSE,1,confident,20260507_145347_unknown_allT_DP_MB_ME_g5_sm0p5_kg0_ks0_rcpp
sp1,2,4,4,8,5.42044601565413,2015-03-18,"","",tree,all,0.0381571271145179,0.372624469424891,0.406738340860665,0.00773303781512013,0.0620795782771553,-0.0203753924797626,1.4564596855136,1.07130403370132,25.9999,0.0638624477390889,-0.5,0,5,3.51132224183,0,given,,,,,,,,,,,32,,4,,FALSE,4,FALSE,1,,20260507_145347_unknown_allT_DP_MB_ME_g5_sm0p5_kg0_ks0_rcpp
sp1,2,4,4,9,12.2053763208539,2020-03-09,"","",tree,all,0.0381571271145179,0.372624469424891,0.406738340860665,0.00773303781512013,0.0620795782771553,-0.0203753924797626,1.4564596855136,1.07130403370132,25.9999,0.0638624477390889,-0.5,0,5,3.51132224183,0,given,,,,,,,,,,,36,,4,,FALSE,4,FALSE,1,,20260507_145347_unknown_allT_DP_MB_ME_g5_sm0p5_kg0_ks0_rcpp
sp1,3,1,,1,4.48498215153657,1980-01-01,"","",tree,all,0.0381571271145179,0.372624469424891,0.406738340860665,0.00773303781512013,0.0620795782771553,-0.0203753924797626,1.4564596855136,1.07130403370132,25.9999,0.0638624477390889,-0.5,0,5,3.51132224183,0,dp,120,3,5,4,0.333131884654092,2,0.327639206830926,1.33364704332472,0.333131884654092,0.339228908514982,1,,4,,FALSE,4,FALSE,1,ambiguous,20260507_145347_unknown_allT_DP_MB_ME_g5_sm0p5_kg0_ks0_rcpp
sp1,3,1,,2,8.77489445976649,1985-02-25,"","",tree,all,0.0381571271145179,0.372624469424891,0.406738340860665,0.00773303781512013,0.0620795782771553,-0.0203753924797626,1.4564596855136,1.07130403370132,25.9999,0.0638624477390889,-0.5,0,5,3.51132224183,0,dp,120,3,5,4,0.336576766282876,2,0.327475859318539,1.33139554293444,0.336576766282876,0.335947374398585,7,,4,,FALSE,4,FALSE,1,ambiguous,20260507_145347_unknown_allT_DP_MB_ME_g5_sm0p5_kg0_ks0_rcpp
sp1,3,1,,3,16.5767591538358,1990-01-24,"","",tree,all,0.0381571271145179,0.372624469424891,0.406738340860665,0.00773303781512013,0.0620795782771553,-0.0203753924797626,1.4564596855136,1.07130403370132,25.9999,0.0638624477390889,-0.5,0,5,3.51132224183,0,dp,120,3,5,4,0.34997163862321,2,0.322797278673999,1.32479858733043,0.34997163862321,0.327231082702792,13,,4,,FALSE,4,FALSE,1,ambiguous,20260507_145347_unknown_allT_DP_MB_ME_g5_sm0p5_kg0_ks0_rcpp
sp1,3,1,,4,23.9738095268026,1995-01-13,"","",tree,all,0.0381571271145179,0.372624469424891,0.406738340860665,0.00773303781512013,0.0620795782771553,-0.0203753924797626,1.4564596855136,1.07130403370132,25.9999,0.0638624477390889,-0.5,0,5,3.51132224183,0,dp,120,3,5,2,0.366128921656366,4,0.280993944816354,1.33674029505598,0.366128921656366,0.35287713352728,19,,2,,FALSE,2,FALSE,1,ambiguous,20260507_145347_unknown_allT_DP_MB_ME_g5_sm0p5_kg0_ks0_rcpp
sp1,3,1,,5,,2000-02-04,"","",tree,all,0.0381571271145179,0.372624469424891,0.406738340860665,0.00773303781512013,0.0620795782771553,-0.0203753924797626,1.4564596855136,1.07130403370132,25.9999,0.0638624477390889,-0.5,0,5,3.51132224183,0,given_orphan,120,3,5,,,,,,,,25,,1,,FALSE,,FALSE,1,,20260507_145347_unknown_allT_DP_MB_ME_g5_sm0p5_kg0_ks0_rcpp
sp1,3,1,,6,,2005-01-14,"","",tree,all,0.0381571271145179,0.372624469424891,0.406738340860665,0.00773303781512013,0.0620795782771553,-0.0203753924797626,1.4564596855136,1.07130403370132,25.9999,0.0638624477390889,-0.5,0,5,3.51132224183,0,given_orphan,120,3,5,,,,,,,,31,,1,,FALSE,,FALSE,1,,20260507_145347_unknown_allT_DP_MB_ME_g5_sm0p5_kg0_ks0_rcpp
sp1,3,1,1,7,,2010-02-23,"","",tree,all,0.0381571271145179,0.372624469424891,0.406738340860665,0.00773303781512013,0.0620795782771553,-0.0203753924797626,1.4564596855136,1.07130403370132,25.9999,0.0638624477390889,-0.5,0,5,3.51132224183,0,given,120,3,5,,,,,,,,37,,1,,FALSE,1,FALSE,1,,20260507_145347_unknown_allT_DP_MB_ME_g5_sm0p5_kg0_ks0_rcpp
sp1,3,1,1,8,,2014-12-19,"","",tree,all,0.0381571271145179,0.372624469424891,0.406738340860665,0.00773303781512013,0.0620795782771553,-0.0203753924797626,1.4564596855136,1.07130403370132,25.9999,0.0638624477390889,-0.5,0,5,3.51132224183,0,given,,,,,,,,,,,43,,1,,FALSE,1,FALSE,1,,20260507_145347_unknown_allT_DP_MB_ME_g5_sm0p5_kg0_ks0_rcpp
sp1,3,1,1,9,,2020-02-05,"","",tree,all,0.0381571271145179,0.372624469424891,0.406738340860665,0.00773303781512013,0.0620795782771553,-0.0203753924797626,1.4564596855136,1.07130403370132,25.9999,0.0638624477390889,-0.5,0,5,3.51132224183,0,given,,,,,,,,,,,49,,1,,FALSE,1,FALSE,1,,20260507_145347_unknown_allT_DP_MB_ME_g5_sm0p5_kg0_ks0_rcpp
sp1,3,2,,1,8.6573639381074,1980-01-01,"","",tree,all,0.0381571271145179,0.372624469424891,0.406738340860665,0.00773303781512013,0.0620795782771553,-0.0203753924797626,1.4564596855136,1.07130403370132,25.9999,0.0638624477390889,-0.5,0,5,3.51132224183,0,dp,120,3,5,2,0.333502818153871,4,0.328303659393681,1.33295673222314,0.333502818153871,0.338193522452448,2,,2,,FALSE,2,FALSE,1,ambiguous,20260507_145347_unknown_allT_DP_MB_ME_g5_sm0p5_kg0_ks0_rcpp
sp1,3,2,,2,12.3775802341776,1985-02-25,"","",tree,all,0.0381571271145179,0.372624469424891,0.406738340860665,0.00773303781512013,0.0620795782771553,-0.0203753924797626,1.4564596855136,1.07130403370132,25.9999,0.0638624477390889,-0.5,0,5,3.51132224183,0,dp,120,3,5,2,0.335928057644564,4,0.327913122411801,1.33155350392536,0.335928057644564,0.336158819943635,8,,2,,FALSE,2,FALSE,1,ambiguous,20260507_145347_unknown_allT_DP_MB_ME_g5_sm0p5_kg0_ks0_rcpp
sp1,3,2,,3,18.8334998613401,1990-01-24,"","",tree,all,0.0381571271145179,0.372624469424891,0.406738340860665,0.00773303781512013,0.0620795782771553,-0.0203753924797626,1.4564596855136,1.07130403370132,25.9999,0.0638624477390889,-0.5,0,5,3.51132224183,0,dp,120,3,5,2,0.338393783485084,4,0.324715865016843,1.33195739158238,0.338393783485084,0.336890351498073,14,,2,,FALSE,2,FALSE,1,ambiguous,20260507_145347_unknown_allT_DP_MB_ME_g5_sm0p5_kg0_ks0_rcpp
sp1,3,2,,4,23.9085640045905,1995-01-13,"","",tree,all,0.0381571271145179,0.372624469424891,0.406738340860665,0.00773303781512013,0.0620795782771553,-0.0203753924797626,1.4564596855136,1.07130403370132,25.9999,0.0638624477390889,-0.5,0,5,3.51132224183,0,dp,120,3,5,2,0.362087854567917,4,0.28581500705799,1.33738242454908,0.176048569187046,0.352097138374093,20,,7,,FALSE,7,FALSE,1,ambiguous,20260507_145347_unknown_allT_DP_MB_ME_g5_sm0p5_kg0_ks0_rcpp
sp1,3,2,,5,31.2025537562702,2000-02-04,"","",tree,all,0.0381571271145179,0.372624469424891,0.406738340860665,0.00773303781512013,0.0620795782771553,-0.0203753924797626,1.4564596855136,1.07130403370132,25.9999,0.0638624477390889,-0.5,0,5,3.51132224183,0,dp,120,3,5,2,0.784543271147771,4,0.215456728852229,0.521097251538087,0.784543271147771,0,26,,2,,FALSE,2,FALSE,1,ambiguous,20260507_145347_unknown_allT_DP_MB_ME_g5_sm0p5_kg0_ks0_rcpp
sp1,3,2,,6,40.4797024305032,2005-01-14,"","",tree,all,0.0381571271145179,0.372624469424891,0.406738340860665,0.00773303781512013,0.0620795782771553,-0.0203753924797626,1.4564596855136,1.07130403370132,25.9999,0.0638624477390889,-0.5,0,5,3.51132224183,0,dp,120,3,5,2,0.804996487842525,4,0.195003512157475,0.493397311387876,0.804996487842525,0,32,,2,,FALSE,2,FALSE,1,ambiguous,20260507_145347_unknown_allT_DP_MB_ME_g5_sm0p5_kg0_ks0_rcpp
sp1,3,2,2,7,44.7625200284779,2010-02-23,"","",tree,all,0.0381571271145179,0.372624469424891,0.406738340860665,0.00773303781512013,0.0620795782771553,-0.0203753924797626,1.4564596855136,1.07130403370132,25.9999,0.0638624477390889,-0.5,0,5,3.51132224183,0,given,120,3,5,2,1,3,0,0,1,0,38,,2,,FALSE,2,FALSE,1,confident,20260507_145347_unknown_allT_DP_MB_ME_g5_sm0p5_kg0_ks0_rcpp
sp1,3,2,2,8,52.9723080472559,2014-12-19,"","",tree,all,0.0381571271145179,0.372624469424891,0.406738340860665,0.00773303781512013,0.0620795782771553,-0.0203753924797626,1.4564596855136,1.07130403370132,25.9999,0.0638624477390889,-0.5,0,5,3.51132224183,0,given,,,,,,,,,,,44,,2,,FALSE,2,FALSE,1,,20260507_145347_unknown_allT_DP_MB_ME_g5_sm0p5_kg0_ks0_rcpp
sp1,3,2,2,9,60.1274094288374,2020-02-05,"","",tree,all,0.0381571271145179,0.372624469424891,0.406738340860665,0.00773303781512013,0.0620795782771553,-0.0203753924797626,1.4564596855136,1.07130403370132,25.9999,0.0638624477390889,-0.5,0,5,3.51132224183,0,given,,,,,,,,,,,50,,2,,FALSE,2,FALSE,1,,20260507_145347_unknown_allT_DP_MB_ME_g5_sm0p5_kg0_ks0_rcpp
sp1,3,3,,1,,1980-01-01,"","",tree,all,0.0381571271145179,0.372624469424891,0.406738340860665,0.00773303781512013,0.0620795782771553,-0.0203753924797626,1.4564596855136,1.07130403370132,25.9999,0.0638624477390889,-0.5,0,5,3.51132224183,0,given_orphan,120,3,5,,,,,,,,3,,3,,FALSE,,FALSE,1,,20260507_145347_unknown_allT_DP_MB_ME_g5_sm0p5_kg0_ks0_rcpp
sp1,3,3,,2,,1985-02-25,"","",tree,all,0.0381571271145179,0.372624469424891,0.406738340860665,0.00773303781512013,0.0620795782771553,-0.0203753924797626,1.4564596855136,1.07130403370132,25.9999,0.0638624477390889,-0.5,0,5,3.51132224183,0,given_orphan,120,3,5,,,,,,,,9,,3,,FALSE,,FALSE,1,,20260507_145347_unknown_allT_DP_MB_ME_g5_sm0p5_kg0_ks0_rcpp
sp1,3,3,,3,,1990-01-24,"","",tree,all,0.0381571271145179,0.372624469424891,0.406738340860665,0.00773303781512013,0.0620795782771553,-0.0203753924797626,1.4564596855136,1.07130403370132,25.9999,0.0638624477390889,-0.5,0,5,3.51132224183,0,given_orphan,120,3,5,,,,,,,,15,,3,,FALSE,,FALSE,1,,20260507_145347_unknown_allT_DP_MB_ME_g5_sm0p5_kg0_ks0_rcpp
sp1,3,3,,4,0.683088136706095,1995-01-13,"","",tree,all,0.0381571271145179,0.372624469424891,0.406738340860665,0.00773303781512013,0.0620795782771553,-0.0203753924797626,1.4564596855136,1.07130403370132,25.9999,0.0638624477390889,-0.5,0,5,3.51132224183,0,dp,120,3,5,3,0.951603385547898,7,0.024198307226051,0.227312809231603,0.951603385547898,0.0483966144521019,21,,3,,FALSE,3,FALSE,1,confident,20260507_145347_unknown_allT_DP_MB_ME_g5_sm0p5_kg0_ks0_rcpp
sp1,3,3,,5,2.33543199965688,2000-02-04,"","",tree,all,0.0381571271145179,0.372624469424891,0.406738340860665,0.00773303781512013,0.0620795782771553,-0.0203753924797626,1.4564596855136,1.07130403370132,25.9999,0.0638624477390889,-0.5,0,5,3.51132224183,0,dp,120,3,5,3,0.974937927004016,7,0.0125310364979918,0.134505883647625,0.974937927004016,0.0250620729959836,27,,3,,FALSE,3,FALSE,1,confident,20260507_145347_unknown_allT_DP_MB_ME_g5_sm0p5_kg0_ks0_rcpp
sp1,3,3,,6,8.33911946265971,2005-01-14,"","",tree,all,0.0381571271145179,0.372624469424891,0.406738340860665,0.00773303781512013,0.0620795782771553,-0.0203753924797626,1.4564596855136,1.07130403370132,25.9999,0.0638624477390889,-0.5,0,5,3.51132224183,0,dp,120,3,5,3,0.998166638310842,7,0.000916680844578954,0.0146555889092339,0.998166638310842,0.00183336168915791,33,,3,,FALSE,3,FALSE,1,confident,20260507_145347_unknown_allT_DP_MB_ME_g5_sm0p5_kg0_ks0_rcpp
sp1,3,3,3,7,12.6742621228703,2010-02-23,"","",tree,all,0.0381571271145179,0.372624469424891,0.406738340860665,0.00773303781512013,0.0620795782771553,-0.0203753924797626,1.4564596855136,1.07130403370132,25.9999,0.0638624477390889,-0.5,0,5,3.51132224183,0,given,120,3,5,3,1,2,0,0,1,0,39,,3,,FALSE,3,FALSE,1,confident,20260507_145347_unknown_allT_DP_MB_ME_g5_sm0p5_kg0_ks0_rcpp
sp1,3,3,3,8,18.7636201050399,2014-12-19,"","",tree,all,0.0381571271145179,0.372624469424891,0.406738340860665,0.00773303781512013,0.0620795782771553,-0.0203753924797626,1.4564596855136,1.07130403370132,25.9999,0.0638624477390889,-0.5,0,5,3.51132224183,0,given,,,,,,,,,,,45,,3,,FALSE,3,FALSE,1,,20260507_145347_unknown_allT_DP_MB_ME_g5_sm0p5_kg0_ks0_rcpp
sp1,3,3,3,9,27.567125361204,2020-02-05,"","",tree,all,0.0381571271145179,0.372624469424891,0.406738340860665,0.00773303781512013,0.0620795782771553,-0.0203753924797626,1.4564596855136,1.07130403370132,25.9999,0.0638624477390889,-0.5,0,5,3.51132224183,0,given,,,,,,,,,,,51,,3,,FALSE,3,FALSE,1,,20260507_145347_unknown_allT_DP_MB_ME_g5_sm0p5_kg0_ks0_rcpp
sp1,3,4,,1,6.50002973903841,1980-01-01,"","",tree,all,0.0381571271145179,0.372624469424891,0.406738340860665,0.00773303781512013,0.0620795782771553,-0.0203753924797626,1.4564596855136,1.07130403370132,25.9999,0.0638624477390889,-0.5,0,5,3.51132224183,0,dp,120,3,5,2,0.331258775040658,4,0.330973018545674,1.33269115090652,0.168884103206834,0.337768206413669,4,,7,,FALSE,7,FALSE,1,ambiguous,20260507_145347_unknown_allT_DP_MB_ME_g5_sm0p5_kg0_ks0_rcpp
sp1,3,4,,2,10.4617304505089,1985-02-25,"","",tree,all,0.0381571271145179,0.372624469424891,0.406738340860665,0.00773303781512013,0.0620795782771553,-0.0203753924797626,1.4564596855136,1.07130403370132,25.9999,0.0638624477390889,-0.5,0,5,3.51132224183,0,dp,120,3,5,2,0.332883692125861,4,0.331821984000442,1.33101111211381,0.167647161936848,0.335294323873697,10,,7,,FALSE,7,FALSE,1,ambiguous,20260507_145347_unknown_allT_DP_MB_ME_g5_sm0p5_kg0_ks0_rcpp
sp1,3,4,,3,18.8210256655426,1990-01-24,"","",tree,all,0.0381571271145179,0.372624469424891,0.406738340860665,0.00773303781512013,0.0620795782771553,-0.0203753924797626,1.4564596855136,1.07130403370132,25.9999,0.0638624477390889,-0.5,0,5,3.51132224183,0,dp,120,3,5,2,0.338331490087847,4,0.324817443710037,1.33193415336002,0.168425533101058,0.336851066202116,16,,7,,FALSE,7,FALSE,1,ambiguous,20260507_145347_unknown_allT_DP_MB_ME_g5_sm0p5_kg0_ks0_rcpp
sp1,3,4,,4,22.4682950976005,1995-01-13,"","",tree,all,0.0381571271145179,0.372624469424891,0.406738340860665,0.00773303781512013,0.0620795782771553,-0.0203753924797626,1.4564596855136,1.07130403370132,25.9999,0.0638624477390889,-0.5,0,5,3.51132224183,0,dp,120,3,5,4,0.433191048125656,2,0.271783223775717,1.2810951590394,0.433191048125656,0.295025728098627,22,,4,,FALSE,4,FALSE,1,ambiguous,20260507_145347_unknown_allT_DP_MB_ME_g5_sm0p5_kg0_ks0_rcpp
sp1,3,4,,5,26.0672028785503,2000-02-04,"","",tree,all,0.0381571271145179,0.372624469424891,0.406738340860665,0.00773303781512013,0.0620795782771553,-0.0203753924797626,1.4564596855136,1.07130403370132,25.9999,0.0638624477390889,-0.5,0,5,3.51132224183,0,dp,120,3,5,4,0.784543271147771,2,0.215456728852229,0.521097251538087,0.784543271147771,0,28,,4,,FALSE,4,FALSE,1,ambiguous,20260507_145347_unknown_allT_DP_MB_ME_g5_sm0p5_kg0_ks0_rcpp
sp1,3,4,,6,33.8363067839592,2005-01-14,"","",tree,all,0.0381571271145179,0.372624469424891,0.406738340860665,0.00773303781512013,0.0620795782771553,-0.0203753924797626,1.4564596855136,1.07130403370132,25.9999,0.0638624477390889,-0.5,0,5,3.51132224183,0,dp,120,3,5,4,0.804996487842525,2,0.195003512157475,0.493397311387876,0.804996487842525,0,34,,4,,FALSE,4,FALSE,1,ambiguous,20260507_145347_unknown_allT_DP_MB_ME_g5_sm0p5_kg0_ks0_rcpp
sp1,3,4,4,7,41.9721607803584,2010-02-23,"","",tree,all,0.0381571271145179,0.372624469424891,0.406738340860665,0.00773303781512013,0.0620795782771553,-0.0203753924797626,1.4564596855136,1.07130403370132,25.9999,0.0638624477390889,-0.5,0,5,3.51132224183,0,given,120,3,5,4,1,2,0,0,1,0,40,,4,,FALSE,4,FALSE,1,confident,20260507_145347_unknown_allT_DP_MB_ME_g5_sm0p5_kg0_ks0_rcpp
sp1,3,4,4,8,46.4446141329545,2014-12-19,"","",tree,all,0.0381571271145179,0.372624469424891,0.406738340860665,0.00773303781512013,0.0620795782771553,-0.0203753924797626,1.4564596855136,1.07130403370132,25.9999,0.0638624477390889,-0.5,0,5,3.51132224183,0,given,,,,,,,,,,,46,,4,,FALSE,4,FALSE,1,,20260507_145347_unknown_allT_DP_MB_ME_g5_sm0p5_kg0_ks0_rcpp
sp1,3,4,4,9,57.5826612620316,2020-02-05,"","",tree,all,0.0381571271145179,0.372624469424891,0.406738340860665,0.00773303781512013,0.0620795782771553,-0.0203753924797626,1.4564596855136,1.07130403370132,25.9999,0.0638624477390889,-0.5,0,5,3.51132224183,0,given,,,,,,,,,,,52,,4,,FALSE,4,FALSE,1,,20260507_145347_unknown_allT_DP_MB_ME_g5_sm0p5_kg0_ks0_rcpp
sp1,3,5,,1,,1980-01-01,"","",tree,all,0.0381571271145179,0.372624469424891,0.406738340860665,0.00773303781512013,0.0620795782771553,-0.0203753924797626,1.4564596855136,1.07130403370132,25.9999,0.0638624477390889,-0.5,0,5,3.51132224183,0,given_orphan,120,3,5,,,,,,,,5,,5,,FALSE,,FALSE,1,,20260507_145347_unknown_allT_DP_MB_ME_g5_sm0p5_kg0_ks0_rcpp
sp1,3,5,,2,,1985-02-25,"","",tree,all,0.0381571271145179,0.372624469424891,0.406738340860665,0.00773303781512013,0.0620795782771553,-0.0203753924797626,1.4564596855136,1.07130403370132,25.9999,0.0638624477390889,-0.5,0,5,3.51132224183,0,given_orphan,120,3,5,,,,,,,,11,,5,,FALSE,,FALSE,1,,20260507_145347_unknown_allT_DP_MB_ME_g5_sm0p5_kg0_ks0_rcpp
sp1,3,5,,3,0.883549973166741,1990-01-24,"","",tree,all,0.0381571271145179,0.372624469424891,0.406738340860665,0.00773303781512013,0.0620795782771553,-0.0203753924797626,1.4564596855136,1.07130403370132,25.9999,0.0638624477390889,-0.5,0,5,3.51132224183,0,dp,120,3,5,3,0.939210448991361,7,0.0303946894702738,0.271272971528274,0.939210448991361,0.0607893789405475,17,,3,,FALSE,3,FALSE,1,ambiguous,20260507_145347_unknown_allT_DP_MB_ME_g5_sm0p5_kg0_ks0_rcpp
sp1,3,5,,4,,1995-01-13,"","",tree,all,0.0381571271145179,0.372624469424891,0.406738340860665,0.00773303781512013,0.0620795782771553,-0.0203753924797626,1.4564596855136,1.07130403370132,25.9999,0.0638624477390889,-0.5,0,5,3.51132224183,0,given_orphan,120,3,5,,,,,,,,23,,5,,FALSE,,FALSE,1,,20260507_145347_unknown_allT_DP_MB_ME_g5_sm0p5_kg0_ks0_rcpp
sp1,3,5,,5,,2000-02-04,"","",tree,all,0.0381571271145179,0.372624469424891,0.406738340860665,0.00773303781512013,0.0620795782771553,-0.0203753924797626,1.4564596855136,1.07130403370132,25.9999,0.0638624477390889,-0.5,0,5,3.51132224183,0,given_orphan,120,3,5,,,,,,,,29,,5,,FALSE,,FALSE,1,,20260507_145347_unknown_allT_DP_MB_ME_g5_sm0p5_kg0_ks0_rcpp
sp1,3,5,,6,,2005-01-14,"","",tree,all,0.0381571271145179,0.372624469424891,0.406738340860665,0.00773303781512013,0.0620795782771553,-0.0203753924797626,1.4564596855136,1.07130403370132,25.9999,0.0638624477390889,-0.5,0,5,3.51132224183,0,given_orphan,120,3,5,,,,,,,,35,,5,,FALSE,,FALSE,1,,20260507_145347_unknown_allT_DP_MB_ME_g5_sm0p5_kg0_ks0_rcpp
sp1,3,5,5,7,,2010-02-23,"","",tree,all,0.0381571271145179,0.372624469424891,0.406738340860665,0.00773303781512013,0.0620795782771553,-0.0203753924797626,1.4564596855136,1.07130403370132,25.9999,0.0638624477390889,-0.5,0,5,3.51132224183,0,given,120,3,5,,,,,,,,41,,5,,FALSE,5,FALSE,1,,20260507_145347_unknown_allT_DP_MB_ME_g5_sm0p5_kg0_ks0_rcpp
sp1,3,5,5,8,,2014-12-19,"","",tree,all,0.0381571271145179,0.372624469424891,0.406738340860665,0.00773303781512013,0.0620795782771553,-0.0203753924797626,1.4564596855136,1.07130403370132,25.9999,0.0638624477390889,-0.5,0,5,3.51132224183,0,given,,,,,,,,,,,47,,5,,FALSE,5,FALSE,1,,20260507_145347_unknown_allT_DP_MB_ME_g5_sm0p5_kg0_ks0_rcpp
sp1,3,5,5,9,,2020-02-05,"","",tree,all,0.0381571271145179,0.372624469424891,0.406738340860665,0.00773303781512013,0.0620795782771553,-0.0203753924797626,1.4564596855136,1.07130403370132,25.9999,0.0638624477390889,-0.5,0,5,3.51132224183,0,given,,,,,,,,,,,53,,5,,FALSE,5,FALSE,1,,20260507_145347_unknown_allT_DP_MB_ME_g5_sm0p5_kg0_ks0_rcpp
sp1,3,6,,1,,1980-01-01,"","",tree,all,0.0381571271145179,0.372624469424891,0.406738340860665,0.00773303781512013,0.0620795782771553,-0.0203753924797626,1.4564596855136,1.07130403370132,25.9999,0.0638624477390889,-0.5,0,5,3.51132224183,0,given_orphan,120,3,5,,,,,,,,6,,6,,FALSE,,FALSE,1,,20260507_145347_unknown_allT_DP_MB_ME_g5_sm0p5_kg0_ks0_rcpp
sp1,3,6,,2,,1985-02-25,"","",tree,all,0.0381571271145179,0.372624469424891,0.406738340860665,0.00773303781512013,0.0620795782771553,-0.0203753924797626,1.4564596855136,1.07130403370132,25.9999,0.0638624477390889,-0.5,0,5,3.51132224183,0,given_orphan,120,3,5,,,,,,,,12,,6,,FALSE,,FALSE,1,,20260507_145347_unknown_allT_DP_MB_ME_g5_sm0p5_kg0_ks0_rcpp
sp1,3,6,,3,,1990-01-24,"","",tree,all,0.0381571271145179,0.372624469424891,0.406738340860665,0.00773303781512013,0.0620795782771553,-0.0203753924797626,1.4564596855136,1.07130403370132,25.9999,0.0638624477390889,-0.5,0,5,3.51132224183,0,given_orphan,120,3,5,,,,,,,,18,,6,,FALSE,,FALSE,1,,20260507_145347_unknown_allT_DP_MB_ME_g5_sm0p5_kg0_ks0_rcpp
sp1,3,6,,4,,1995-01-13,"","",tree,all,0.0381571271145179,0.372624469424891,0.406738340860665,0.00773303781512013,0.0620795782771553,-0.0203753924797626,1.4564596855136,1.07130403370132,25.9999,0.0638624477390889,-0.5,0,5,3.51132224183,0,given_orphan,120,3,5,,,,,,,,24,,6,,FALSE,,FALSE,1,,20260507_145347_unknown_allT_DP_MB_ME_g5_sm0p5_kg0_ks0_rcpp
sp1,3,6,,5,,2000-02-04,"","",tree,all,0.0381571271145179,0.372624469424891,0.406738340860665,0.00773303781512013,0.0620795782771553,-0.0203753924797626,1.4564596855136,1.07130403370132,25.9999,0.0638624477390889,-0.5,0,5,3.51132224183,0,given_orphan,120,3,5,,,,,,,,30,,6,,FALSE,,FALSE,1,,20260507_145347_unknown_allT_DP_MB_ME_g5_sm0p5_kg0_ks0_rcpp
sp1,3,6,,6,,2005-01-14,"","",tree,all,0.0381571271145179,0.372624469424891,0.406738340860665,0.00773303781512013,0.0620795782771553,-0.0203753924797626,1.4564596855136,1.07130403370132,25.9999,0.0638624477390889,-0.5,0,5,3.51132224183,0,given_orphan,120,3,5,,,,,,,,36,,6,,FALSE,,FALSE,1,,20260507_145347_unknown_allT_DP_MB_ME_g5_sm0p5_kg0_ks0_rcpp
sp1,3,6,6,7,,2010-02-23,"","",tree,all,0.0381571271145179,0.372624469424891,0.406738340860665,0.00773303781512013,0.0620795782771553,-0.0203753924797626,1.4564596855136,1.07130403370132,25.9999,0.0638624477390889,-0.5,0,5,3.51132224183,0,given,120,3,5,,,,,,,,42,,6,,FALSE,6,FALSE,1,,20260507_145347_unknown_allT_DP_MB_ME_g5_sm0p5_kg0_ks0_rcpp
sp1,3,6,6,8,0.393784422233795,2014-12-19,"","",tree,all,0.0381571271145179,0.372624469424891,0.406738340860665,0.00773303781512013,0.0620795782771553,-0.0203753924797626,1.4564596855136,1.07130403370132,25.9999,0.0638624477390889,-0.5,0,5,3.51132224183,0,given,,,,,,,,,,,48,,6,,FALSE,6,FALSE,1,,20260507_145347_unknown_allT_DP_MB_ME_g5_sm0p5_kg0_ks0_rcpp
sp1,3,6,6,9,1.58695045876191,2020-02-05,"","",tree,all,0.0381571271145179,0.372624469424891,0.406738340860665,0.00773303781512013,0.0620795782771553,-0.0203753924797626,1.4564596855136,1.07130403370132,25.9999,0.0638624477390889,-0.5,0,5,3.51132224183,0,given,,,,,,,,,,,54,,6,,FALSE,6,FALSE,1,,20260507_145347_unknown_allT_DP_MB_ME_g5_sm0p5_kg0_ks0_rcpp
sp1,4,1,,1,4.24044185003115,1980-01-01,"","",tree,all,0.0381571271145179,0.372624469424891,0.406738340860665,0.00773303781512013,0.0620795782771553,-0.0203753924797626,1.4564596855136,1.07130403370132,25.9999,0.0638624477390889,-0.5,0,5,3.51132224183,0,dp,120,1,5,1,0.625123091673685,7,0.185782404320383,0.939601771985536,0.625123091673685,0.371564808640765,1,,1,,FALSE,1,FALSE,1,ambiguous,20260507_145347_unknown_allT_DP_MB_ME_g5_sm0p5_kg0_ks0_rcpp
sp1,4,1,,2,7.06307965306693,1984-09-08,"","",tree,all,0.0381571271145179,0.372624469424891,0.406738340860665,0.00773303781512013,0.0620795782771553,-0.0203753924797626,1.4564596855136,1.07130403370132,25.9999,0.0638624477390889,-0.5,0,5,3.51132224183,0,dp,120,1,5,1,0.625123091673685,6,0.185782404320383,0.939601771985536,0.625123091673685,0.371564808640765,6,,1,,FALSE,1,FALSE,1,ambiguous,20260507_145347_unknown_allT_DP_MB_ME_g5_sm0p5_kg0_ks0_rcpp
sp1,4,1,,3,14.7385638428367,1989-11-09,"","",tree,all,0.0381571271145179,0.372624469424891,0.406738340860665,0.00773303781512013,0.0620795782771553,-0.0203753924797626,1.4564596855136,1.07130403370132,25.9999,0.0638624477390889,-0.5,0,5,3.51132224183,0,dp,120,1,5,1,0.626596374240045,6,0.185868432015527,0.929859616649948,0.626596374240045,0.371736864031055,11,,1,,FALSE,1,FALSE,1,ambiguous,20260507_145347_unknown_allT_DP_MB_ME_g5_sm0p5_kg0_ks0_rcpp
sp1,4,1,,4,19.7549677566377,1994-12-04,"","",tree,all,0.0381571271145179,0.372624469424891,0.406738340860665,0.00773303781512013,0.0620795782771553,-0.0203753924797626,1.4564596855136,1.07130403370132,25.9999,0.0638624477390889,-0.5,0,5,3.51132224183,0,dp,120,1,5,1,0.626596374240046,6,0.185868432015527,0.929859616649947,0.626596374240046,0.371736864031054,16,,1,,FALSE,1,FALSE,1,ambiguous,20260507_145347_unknown_allT_DP_MB_ME_g5_sm0p5_kg0_ks0_rcpp
sp1,4,1,,5,24.4850679936528,1999-10-30,"","",tree,all,0.0381571271145179,0.372624469424891,0.406738340860665,0.00773303781512013,0.0620795782771553,-0.0203753924797626,1.4564596855136,1.07130403370132,25.9999,0.0638624477390889,-0.5,0,5,3.51132224183,0,dp,120,1,5,1,0.626596374240046,6,0.185868432015527,0.929859616649947,0.626596374240046,0.371736864031054,21,,1,,FALSE,1,FALSE,1,ambiguous,20260507_145347_unknown_allT_DP_MB_ME_g5_sm0p5_kg0_ks0_rcpp
sp1,4,1,,6,35.0976802257501,2004-10-29,"","",tree,all,0.0381571271145179,0.372624469424891,0.406738340860665,0.00773303781512013,0.0620795782771553,-0.0203753924797626,1.4564596855136,1.07130403370132,25.9999,0.0638624477390889,-0.5,0,5,3.51132224183,0,dp,120,1,5,1,0.999289287174093,6,0.000329770666318517,0.00652200691407262,0.999289287174093,0.000659541332637034,26,,1,,FALSE,1,FALSE,1,confident,20260507_145347_unknown_allT_DP_MB_ME_g5_sm0p5_kg0_ks0_rcpp
sp1,4,1,1,7,39.124446214586,2009-10-24,"","",tree,all,0.0381571271145179,0.372624469424891,0.406738340860665,0.00773303781512013,0.0620795782771553,-0.0203753924797626,1.4564596855136,1.07130403370132,25.9999,0.0638624477390889,-0.5,0,5,3.51132224183,0,given,120,1,5,1,1,2,0,0,1,0,31,,1,,FALSE,1,FALSE,1,confident,20260507_145347_unknown_allT_DP_MB_ME_g5_sm0p5_kg0_ks0_rcpp
sp1,4,1,1,8,47.0363296345591,2014-08-24,"","",tree,all,0.0381571271145179,0.372624469424891,0.406738340860665,0.00773303781512013,0.0620795782771553,-0.0203753924797626,1.4564596855136,1.07130403370132,25.9999,0.0638624477390889,-0.5,0,5,3.51132224183,0,given,,,,,,,,,,,36,,1,,FALSE,1,FALSE,1,,20260507_145347_unknown_allT_DP_MB_ME_g5_sm0p5_kg0_ks0_rcpp
sp1,4,1,1,9,58.8871051979546,2019-07-23,"","",tree,all,0.0381571271145179,0.372624469424891,0.406738340860665,0.00773303781512013,0.0620795782771553,-0.0203753924797626,1.4564596855136,1.07130403370132,25.9999,0.0638624477390889,-0.5,0,5,3.51132224183,0,given,,,,,,,,,,,41,,1,,FALSE,1,FALSE,1,,20260507_145347_unknown_allT_DP_MB_ME_g5_sm0p5_kg0_ks0_rcpp
sp1,4,2,,1,23.8371597127653,1980-01-01,"","",tree,all,0.0381571271145179,0.372624469424891,0.406738340860665,0.00773303781512013,0.0620795782771553,-0.0203753924797626,1.4564596855136,1.07130403370132,25.9999,0.0638624477390889,-0.5,0,5,3.51132224183,0,dp,120,1,5,2,0.772185575375231,3,0.163297837327319,0.717850309982497,0.772185575375231,0.0644051086456375,2,,2,,FALSE,2,FALSE,1,ambiguous,20260507_145347_unknown_allT_DP_MB_ME_g5_sm0p5_kg0_ks0_rcpp
sp1,4,2,,2,27.9418054385174,1984-09-08,"","",tree,all,0.0381571271145179,0.372624469424891,0.406738340860665,0.00773303781512013,0.0620795782771553,-0.0203753924797626,1.4564596855136,1.07130403370132,25.9999,0.0638624477390889,-0.5,0,5,3.51132224183,0,dp,120,1,5,2,0.772185575375231,3,0.163297837327319,0.717850309982496,0.772185575375231,0.0644051086456374,7,,2,,FALSE,2,FALSE,1,ambiguous,20260507_145347_unknown_allT_DP_MB_ME_g5_sm0p5_kg0_ks0_rcpp
sp1,4,2,,3,40.1978136091453,1989-11-09,"","",tree,all,0.0381571271145179,0.372624469424891,0.406738340860665,0.00773303781512013,0.0620795782771553,-0.0203753924797626,1.4564596855136,1.07130403370132,25.9999,0.0638624477390889,-0.5,0,5,3.51132224183,0,dp,120,1,5,2,0.77375526012093,3,0.162235905843422,0.713837828505796,0.77375526012093,0.0640088340356486,12,,2,,FALSE,2,FALSE,1,ambiguous,20260507_145347_unknown_allT_DP_MB_ME_g5_sm0p5_kg0_ks0_rcpp
sp1,4,2,,4,41.9154771619537,1994-12-04,"","",tree,all,0.0381571271145179,0.372624469424891,0.406738340860665,0.00773303781512013,0.0620795782771553,-0.0203753924797626,1.4564596855136,1.07130403370132,25.9999,0.0638624477390889,-0.5,0,5,3.51132224183,0,dp,120,1,5,2,0.77375526012093,3,0.162235905843422,0.713837828505797,0.77375526012093,0.0640088340356487,17,,2,,FALSE,2,FALSE,1,ambiguous,20260507_145347_unknown_allT_DP_MB_ME_g5_sm0p5_kg0_ks0_rcpp
sp1,4,2,,5,47.0094234812752,1999-10-30,"","",tree,all,0.0381571271145179,0.372624469424891,0.406738340860665,0.00773303781512013,0.0620795782771553,-0.0203753924797626,1.4564596855136,1.07130403370132,25.9999,0.0638624477390889,-0.5,0,5,3.51132224183,0,dp,120,1,5,2,0.77375526012093,3,0.162235905843422,0.713837828505797,0.77375526012093,0.0640088340356486,22,,2,,FALSE,2,FALSE,1,ambiguous,20260507_145347_unknown_allT_DP_MB_ME_g5_sm0p5_kg0_ks0_rcpp
sp1,4,2,,6,50.5947334586807,2004-10-29,"","",tree,all,0.0381571271145179,0.372624469424891,0.406738340860665,0.00773303781512013,0.0620795782771553,-0.0203753924797626,1.4564596855136,1.07130403370132,25.9999,0.0638624477390889,-0.5,0,5,3.51132224183,0,dp,120,1,5,2,0.826647929014952,3,0.173326092227624,0.461434484733461,0.826647929014952,2.59787574240031e-05,27,,2,,FALSE,2,FALSE,1,ambiguous,20260507_145347_unknown_allT_DP_MB_ME_g5_sm0p5_kg0_ks0_rcpp
sp1,4,2,2,7,54.452687446501,2009-10-24,"","",tree,all,0.0381571271145179,0.372624469424891,0.406738340860665,0.00773303781512013,0.0620795782771553,-0.0203753924797626,1.4564596855136,1.07130403370132,25.9999,0.0638624477390889,-0.5,0,5,3.51132224183,0,given,120,1,5,2,1,1,0,0,1,0,32,,2,,FALSE,2,FALSE,1,confident,20260507_145347_unknown_allT_DP_MB_ME_g5_sm0p5_kg0_ks0_rcpp
sp1,4,2,2,8,63.5505501684166,2014-08-24,"","",tree,all,0.0381571271145179,0.372624469424891,0.406738340860665,0.00773303781512013,0.0620795782771553,-0.0203753924797626,1.4564596855136,1.07130403370132,25.9999,0.0638624477390889,-0.5,0,5,3.51132224183,0,given,,,,,,,,,,,37,,2,,FALSE,2,FALSE,1,,20260507_145347_unknown_allT_DP_MB_ME_g5_sm0p5_kg0_ks0_rcpp
sp1,4,2,2,9,,2019-07-23,"","",tree,all,0.0381571271145179,0.372624469424891,0.406738340860665,0.00773303781512013,0.0620795782771553,-0.0203753924797626,1.4564596855136,1.07130403370132,25.9999,0.0638624477390889,-0.5,0,5,3.51132224183,0,given,,,,,,,,,,,42,,2,,FALSE,2,FALSE,1,,20260507_145347_unknown_allT_DP_MB_ME_g5_sm0p5_kg0_ks0_rcpp
sp1,4,3,,1,14.0196161238702,1980-01-01,"","",tree,all,0.0381571271145179,0.372624469424891,0.406738340860665,0.00773303781512013,0.0620795782771553,-0.0203753924797626,1.4564596855136,1.07130403370132,25.9999,0.0638624477390889,-0.5,0,5,3.51132224183,0,dp,120,1,5,3,0.535893615616458,2,0.151903965938514,1.32204842556046,0.535893615616458,0.233695035337255,3,,3,,FALSE,3,FALSE,1,ambiguous,20260507_145347_unknown_allT_DP_MB_ME_g5_sm0p5_kg0_ks0_rcpp
sp1,4,3,,2,18.616347808195,1984-09-08,"","",tree,all,0.0381571271145179,0.372624469424891,0.406738340860665,0.00773303781512013,0.0620795782771553,-0.0203753924797626,1.4564596855136,1.07130403370132,25.9999,0.0638624477390889,-0.5,0,5,3.51132224183,0,dp,120,1,5,3,0.553039802738193,2,0.157428272793593,1.28610771295252,0.553039802738193,0.226675141957166,8,,3,,FALSE,3,FALSE,1,ambiguous,20260507_145347_unknown_allT_DP_MB_ME_g5_sm0p5_kg0_ks0_rcpp
sp1,4,3,,3,28.8114728740155,1989-11-09,"","",tree,all,0.0381571271145179,0.372624469424891,0.406738340860665,0.00773303781512013,0.0620795782771553,-0.0203753924797626,1.4564596855136,1.07130403370132,25.9999,0.0638624477390889,-0.5,0,5,3.51132224183,0,dp,120,1,5,3,0.575558908392362,2,0.162805474767104,1.23308325221239,0.575558908392362,0.218246102746646,13,,3,,FALSE,3,FALSE,1,ambiguous,20260507_145347_unknown_allT_DP_MB_ME_g5_sm0p5_kg0_ks0_rcpp
sp1,4,3,,4,36.8721286664519,1994-12-04,"","",tree,all,0.0381571271145179,0.372624469424891,0.406738340860665,0.00773303781512013,0.0620795782771553,-0.0203753924797626,1.4564596855136,1.07130403370132,25.9999,0.0638624477390889,-0.5,0,5,3.51132224183,0,dp,120,1,5,3,0.577262942810141,2,0.163345019174828,1.22857368511604,0.577262942810141,0.217550523282617,18,,3,,FALSE,3,FALSE,1,ambiguous,20260507_145347_unknown_allT_DP_MB_ME_g5_sm0p5_kg0_ks0_rcpp
sp1,4,3,,5,36.8721286664519,1999-10-30,"","",tree,all,0.0381571271145179,0.372624469424891,0.406738340860665,0.00773303781512013,0.0620795782771553,-0.0203753924797626,1.4564596855136,1.07130403370132,25.9999,0.0638624477390889,-0.5,0,5,3.51132224183,0,dp,120,1,5,3,0.577262942810141,2,0.163345019174828,1.22857368511604,0.577262942810141,0.217550523282618,23,,3,,FALSE,3,FALSE,1,ambiguous,20260507_145347_unknown_allT_DP_MB_ME_g5_sm0p5_kg0_ks0_rcpp
sp1,4,3,,6,43.6166879303779,2004-10-29,"","",tree,all,0.0381571271145179,0.372624469424891,0.406738340860665,0.00773303781512013,0.0620795782771553,-0.0203753924797626,1.4564596855136,1.07130403370132,25.9999,0.0638624477390889,-0.5,0,5,3.51132224183,0,dp,120,1,5,3,0.826628659255274,2,0.17334614800888,0.461457108373817,0.826628659255274,2.51927358461713e-05,28,,3,,FALSE,3,FALSE,1,ambiguous,20260507_145347_unknown_allT_DP_MB_ME_g5_sm0p5_kg0_ks0_rcpp
sp1,4,3,3,7,50.8916132092287,2009-10-24,"","",tree,all,0.0381571271145179,0.372624469424891,0.406738340860665,0.00773303781512013,0.0620795782771553,-0.0203753924797626,1.4564596855136,1.07130403370132,25.9999,0.0638624477390889,-0.5,0,5,3.51132224183,0,given,120,1,5,3,1,1,0,0,1,0,33,,3,,FALSE,3,FALSE,1,confident,20260507_145347_unknown_allT_DP_MB_ME_g5_sm0p5_kg0_ks0_rcpp
sp1,4,3,3,8,56.2984729681555,2014-08-24,"","",tree,all,0.0381571271145179,0.372624469424891,0.406738340860665,0.00773303781512013,0.0620795782771553,-0.0203753924797626,1.4564596855136,1.07130403370132,25.9999,0.0638624477390889,-0.5,0,5,3.51132224183,0,given,,,,,,,,,,,38,,3,,FALSE,3,FALSE,1,,20260507_145347_unknown_allT_DP_MB_ME_g5_sm0p5_kg0_ks0_rcpp
sp1,4,3,3,9,68.8579512022074,2019-07-23,"","",tree,all,0.0381571271145179,0.372624469424891,0.406738340860665,0.00773303781512013,0.0620795782771553,-0.0203753924797626,1.4564596855136,1.07130403370132,25.9999,0.0638624477390889,-0.5,0,5,3.51132224183,0,given,,,,,,,,,,,43,,3,,FALSE,3,FALSE,1,,20260507_145347_unknown_allT_DP_MB_ME_g5_sm0p5_kg0_ks0_rcpp
sp1,4,4,,1,,1980-01-01,"","",tree,all,0.0381571271145179,0.372624469424891,0.406738340860665,0.00773303781512013,0.0620795782771553,-0.0203753924797626,1.4564596855136,1.07130403370132,25.9999,0.0638624477390889,-0.5,0,5,3.51132224183,0,given_orphan,120,1,5,,,,,,,,4,,4,,FALSE,,FALSE,1,,20260507_145347_unknown_allT_DP_MB_ME_g5_sm0p5_kg0_ks0_rcpp
sp1,4,4,,2,0.799113784079293,1984-09-08,"","",tree,all,0.0381571271145179,0.372624469424891,0.406738340860665,0.00773303781512013,0.0620795782771553,-0.0203753924797626,1.4564596855136,1.07130403370132,25.9999,0.0638624477390889,-0.5,0,5,3.51132224183,0,dp,120,1,5,7,0.499644643587047,6,0.499644643587046,0.698517141524873,0.499644643587047,0.999289287174093,9,,7,,FALSE,7,FALSE,1,unlinked-likely,20260507_145347_unknown_allT_DP_MB_ME_g5_sm0p5_kg0_ks0_rcpp
sp1,4,4,,3,4.17094094742192,1989-11-09,"","",tree,all,0.0381571271145179,0.372624469424891,0.406738340860665,0.00773303781512013,0.0620795782771553,-0.0203753924797626,1.4564596855136,1.07130403370132,25.9999,0.0638624477390889,-0.5,0,5,3.51132224183,0,dp,120,1,5,7,0.499644643587047,6,0.499644643587046,0.698517141524873,0.499644643587047,0.999289287174093,14,,7,,FALSE,7,FALSE,1,unlinked-likely,20260507_145347_unknown_allT_DP_MB_ME_g5_sm0p5_kg0_ks0_rcpp
sp1,4,4,,4,7.76783305238072,1994-12-04,"","",tree,all,0.0381571271145179,0.372624469424891,0.406738340860665,0.00773303781512013,0.0620795782771553,-0.0203753924797626,1.4564596855136,1.07130403370132,25.9999,0.0638624477390889,-0.5,0,5,3.51132224183,0,dp,120,1,5,7,0.499644643587047,6,0.499644643587046,0.698517141524873,0.499644643587047,0.999289287174093,19,,7,,FALSE,7,FALSE,1,unlinked-likely,20260507_145347_unknown_allT_DP_MB_ME_g5_sm0p5_kg0_ks0_rcpp
sp1,4,4,,5,12.3342532815247,1999-10-30,"","",tree,all,0.0381571271145179,0.372624469424891,0.406738340860665,0.00773303781512013,0.0620795782771553,-0.0203753924797626,1.4564596855136,1.07130403370132,25.9999,0.0638624477390889,-0.5,0,5,3.51132224183,0,dp,120,1,5,6,0.499644643587046,7,0.499644643587046,0.698517141524873,0.499644643587046,0.999289287174093,24,,7,,FALSE,7,FALSE,1,unlinked-likely,20260507_145347_unknown_allT_DP_MB_ME_g5_sm0p5_kg0_ks0_rcpp
sp1,4,4,,6,17.2191799090629,2004-10-29,"","",tree,all,0.0381571271145179,0.372624469424891,0.406738340860665,0.00773303781512013,0.0620795782771553,-0.0203753924797626,1.4564596855136,1.07130403370132,25.9999,0.0638624477390889,-0.5,0,5,3.51132224183,0,dp,120,1,5,7,0.499644643587047,6,0.499644643587046,0.698517141524873,0.499644643587047,0.999289287174093,29,,7,,FALSE,7,FALSE,1,unlinked-likely,20260507_145347_unknown_allT_DP_MB_ME_g5_sm0p5_kg0_ks0_rcpp
sp1,4,4,4,7,,2009-10-24,"","",tree,all,0.0381571271145179,0.372624469424891,0.406738340860665,0.00773303781512013,0.0620795782771553,-0.0203753924797626,1.4564596855136,1.07130403370132,25.9999,0.0638624477390889,-0.5,0,5,3.51132224183,0,given,120,1,5,,,,,,,,34,,4,,FALSE,4,FALSE,1,,20260507_145347_unknown_allT_DP_MB_ME_g5_sm0p5_kg0_ks0_rcpp
sp1,4,4,4,8,,2014-08-24,"","",tree,all,0.0381571271145179,0.372624469424891,0.406738340860665,0.00773303781512013,0.0620795782771553,-0.0203753924797626,1.4564596855136,1.07130403370132,25.9999,0.0638624477390889,-0.5,0,5,3.51132224183,0,given,,,,,,,,,,,39,,4,,FALSE,4,FALSE,1,,20260507_145347_unknown_allT_DP_MB_ME_g5_sm0p5_kg0_ks0_rcpp
sp1,4,4,4,9,,2019-07-23,"","",tree,all,0.0381571271145179,0.372624469424891,0.406738340860665,0.00773303781512013,0.0620795782771553,-0.0203753924797626,1.4564596855136,1.07130403370132,25.9999,0.0638624477390889,-0.5,0,5,3.51132224183,0,given,,,,,,,,,,,44,,4,,FALSE,4,FALSE,1,,20260507_145347_unknown_allT_DP_MB_ME_g5_sm0p5_kg0_ks0_rcpp
sp1,4,5,,1,10.6143835051824,1980-01-01,"","",tree,all,0.0381571271145179,0.372624469424891,0.406738340860665,0.00773303781512013,0.0620795782771553,-0.0203753924797626,1.4564596855136,1.07130403370132,25.9999,0.0638624477390889,-0.5,0,5,3.51132224183,0,dp,120,1,5,3,0.298113117453014,1,0.295547333740822,1.51122217859233,0.165522880101124,0.331045760202249,5,,6,,FALSE,6,FALSE,1,ambiguous,20260507_145347_unknown_allT_DP_MB_ME_g5_sm0p5_kg0_ks0_rcpp
sp1,4,5,,2,14.4191051595005,1984-09-08,"","",tree,all,0.0381571271145179,0.372624469424891,0.406738340860665,0.00773303781512013,0.0620795782771553,-0.0203753924797626,1.4564596855136,1.07130403370132,25.9999,0.0638624477390889,-0.5,0,5,3.51132224183,0,dp,120,1,5,1,0.311197934337547,3,0.280966930331278,1.50669405322818,0.169032826791169,0.338065653582338,10,,6,,FALSE,6,FALSE,1,ambiguous,20260507_145347_unknown_allT_DP_MB_ME_g5_sm0p5_kg0_ks0_rcpp
sp1,4,5,,3,22.7768578924581,1989-11-09,"","",tree,all,0.0381571271145179,0.372624469424891,0.406738340860665,0.00773303781512013,0.0620795782771553,-0.0203753924797626,1.4564596855136,1.07130403370132,25.9999,0.0638624477390889,-0.5,0,5,3.51132224183,0,dp,120,1,5,1,0.32930339884016,3,0.260825509752742,1.49833211939074,0.173359456006279,0.346718912012558,15,,6,,FALSE,6,FALSE,1,ambiguous,20260507_145347_unknown_allT_DP_MB_ME_g5_sm0p5_kg0_ks0_rcpp
sp1,4,5,,4,28.1927511889302,1994-12-04,"","",tree,all,0.0381571271145179,0.372624469424891,0.406738340860665,0.00773303781512013,0.0620795782771553,-0.0203753924797626,1.4564596855136,1.07130403370132,25.9999,0.0638624477390889,-0.5,0,5,3.51132224183,0,dp,120,1,5,1,0.330851398201634,3,0.259121475334963,1.49747791281248,0.173707245738294,0.347414491476587,20,,6,,FALSE,6,FALSE,1,ambiguous,20260507_145347_unknown_allT_DP_MB_ME_g5_sm0p5_kg0_ks0_rcpp
sp1,4,5,,5,33.6196570780854,1999-10-30,"","",tree,all,0.0381571271145179,0.372624469424891,0.406738340860665,0.00773303781512013,0.0620795782771553,-0.0203753924797626,1.4564596855136,1.07130403370132,25.9999,0.0638624477390889,-0.5,0,5,3.51132224183,0,dp,120,1,5,1,0.330851398201634,3,0.259121475334963,1.49747791281248,0.173707245738294,0.347414491476587,25,,6,,FALSE,6,FALSE,1,ambiguous,20260507_145347_unknown_allT_DP_MB_ME_g5_sm0p5_kg0_ks0_rcpp
sp1,4,5,,6,,2004-10-29,"","",tree,all,0.0381571271145179,0.372624469424891,0.406738340860665,0.00773303781512013,0.0620795782771553,-0.0203753924797626,1.4564596855136,1.07130403370132,25.9999,0.0638624477390889,-0.5,0,5,3.51132224183,0,given_orphan,120,1,5,,,,,,,,30,,5,,FALSE,,FALSE,1,,20260507_145347_unknown_allT_DP_MB_ME_g5_sm0p5_kg0_ks0_rcpp
sp1,4,5,5,7,,2009-10-24,"","",tree,all,0.0381571271145179,0.372624469424891,0.406738340860665,0.00773303781512013,0.0620795782771553,-0.0203753924797626,1.4564596855136,1.07130403370132,25.9999,0.0638624477390889,-0.5,0,5,3.51132224183,0,given,120,1,5,,,,,,,,35,,5,,FALSE,5,FALSE,1,,20260507_145347_unknown_allT_DP_MB_ME_g5_sm0p5_kg0_ks0_rcpp
sp1,4,5,5,8,,2014-08-24,"","",tree,all,0.0381571271145179,0.372624469424891,0.406738340860665,0.00773303781512013,0.0620795782771553,-0.0203753924797626,1.4564596855136,1.07130403370132,25.9999,0.0638624477390889,-0.5,0,5,3.51132224183,0,given,,,,,,,,,,,40,,5,,FALSE,5,FALSE,1,,20260507_145347_unknown_allT_DP_MB_ME_g5_sm0p5_kg0_ks0_rcpp
sp1,4,5,5,9,,2019-07-23,"","",tree,all,0.0381571271145179,0.372624469424891,0.406738340860665,0.00773303781512013,0.0620795782771553,-0.0203753924797626,1.4564596855136,1.07130403370132,25.9999,0.0638624477390889,-0.5,0,5,3.51132224183,0,given,,,,,,,,,,,45,,5,,FALSE,5,FALSE,1,,20260507_145347_unknown_allT_DP_MB_ME_g5_sm0p5_kg0_ks0_rcpp
sp1,5,1,,1,6.40824509054799,1980-01-01,"","",tree,all,0.0381571271145179,0.372624469424891,0.406738340860665,0.00773303781512013,0.0620795782771553,-0.0203753924797626,1.4564596855136,1.07130403370132,25.9999,0.0638624477390889,-0.5,0,5,3.51132224183,0,dp,2,1,2,1,0.500000001114804,2,0.499999998885196,0.693147180559945,0.500000001114804,0,1,,1,,FALSE,1,FALSE,1,ambiguous,20260507_145347_unknown_allT_DP_MB_ME_g5_sm0p5_kg0_ks0_rcpp
sp1,5,1,,2,9.73321768190376,1984-11-01,"","",tree,all,0.0381571271145179,0.372624469424891,0.406738340860665,0.00773303781512013,0.0620795782771553,-0.0203753924797626,1.4564596855136,1.07130403370132,25.9999,0.0638624477390889,-0.5,0,5,3.51132224183,0,dp,2,1,2,1,0.500000197647767,2,0.499999802352233,0.693147180559867,0.500000197647767,0,3,,1,,FALSE,1,FALSE,1,ambiguous,20260507_145347_unknown_allT_DP_MB_ME_g5_sm0p5_kg0_ks0_rcpp
sp1,5,1,,3,17.3477472519295,1989-12-16,"","",tree,all,0.0381571271145179,0.372624469424891,0.406738340860665,0.00773303781512013,0.0620795782771553,-0.0203753924797626,1.4564596855136,1.07130403370132,25.9999,0.0638624477390889,-0.5,0,5,3.51132224183,0,dp,2,1,2,2,0.500010948994965,1,0.499989051005035,0.693147180320184,0.500010948994965,0,5,,2,,FALSE,2,FALSE,1,ambiguous,20260507_145347_unknown_allT_DP_MB_ME_g5_sm0p5_kg0_ks0_rcpp
sp1,5,1,,4,23.0007170041565,1994-11-19,"","",tree,all,0.0381571271145179,0.372624469424891,0.406738340860665,0.00773303781512013,0.0620795782771553,-0.0203753924797626,1.4564596855136,1.07130403370132,25.9999,0.0638624477390889,-0.5,0,5,3.51132224183,0,dp,2,1,2,2,0.5000928979964,1,0.4999071020036,0.69314716329987,0.5000928979964,0,7,,2,,FALSE,2,FALSE,1,ambiguous,20260507_145347_unknown_allT_DP_MB_ME_g5_sm0p5_kg0_ks0_rcpp
sp1,5,1,,5,28.5158554284573,1999-12-24,"","",tree,all,0.0381571271145179,0.372624469424891,0.406738340860665,0.00773303781512013,0.0620795782771553,-0.0203753924797626,1.4564596855136,1.07130403370132,25.9999,0.0638624477390889,-0.5,0,5,3.51132224183,0,dp,2,1,2,1,0.503007446602908,2,0.496992553397092,0.693129090980729,0.503007446602908,0,9,,1,,FALSE,1,FALSE,1,ambiguous,20260507_145347_unknown_allT_DP_MB_ME_g5_sm0p5_kg0_ks0_rcpp
sp1,5,1,,6,40.4608044267092,2004-12-18,"","",tree,all,0.0381571271145179,0.372624469424891,0.406738340860665,0.00773303781512013,0.0620795782771553,-0.0203753924797626,1.4564596855136,1.07130403370132,25.9999,0.0638624477390889,-0.5,0,5,3.51132224183,0,dp,2,1,2,1,0.549401378025674,2,0.450598621974326,0.688258215723784,0.549401378025674,0,11,,1,,FALSE,1,FALSE,1,ambiguous,20260507_145347_unknown_allT_DP_MB_ME_g5_sm0p5_kg0_ks0_rcpp
sp1,5,1,1,7,45.0476420372749,2009-12-21,"","",tree,all,0.0381571271145179,0.372624469424891,0.406738340860665,0.00773303781512013,0.0620795782771553,-0.0203753924797626,1.4564596855136,1.07130403370132,25.9999,0.0638624477390889,-0.5,0,5,3.51132224183,0,given,2,1,2,1,1,2,0,0,1,0,13,,1,,FALSE,1,FALSE,1,confident,20260507_145347_unknown_allT_DP_MB_ME_g5_sm0p5_kg0_ks0_rcpp
sp1,5,1,1,8,50.5203017577484,2015-01-10,"","",tree,all,0.0381571271145179,0.372624469424891,0.406738340860665,0.00773303781512013,0.0620795782771553,-0.0203753924797626,1.4564596855136,1.07130403370132,25.9999,0.0638624477390889,-0.5,0,5,3.51132224183,0,given,,,,,,,,,,,15,,1,,FALSE,1,FALSE,1,,20260507_145347_unknown_allT_DP_MB_ME_g5_sm0p5_kg0_ks0_rcpp
sp1,5,1,1,9,57.5192308979012,2019-12-08,"","",tree,all,0.0381571271145179,0.372624469424891,0.406738340860665,0.00773303781512013,0.0620795782771553,-0.0203753924797626,1.4564596855136,1.07130403370132,25.9999,0.0638624477390889,-0.5,0,5,3.51132224183,0,given,,,,,,,,,,,17,,1,,FALSE,1,FALSE,1,,20260507_145347_unknown_allT_DP_MB_ME_g5_sm0p5_kg0_ks0_rcpp
sp1,5,2,,1,6.21507048159371,1980-01-01,"","",tree,all,0.0381571271145179,0.372624469424891,0.406738340860665,0.00773303781512013,0.0620795782771553,-0.0203753924797626,1.4564596855136,1.07130403370132,25.9999,0.0638624477390889,-0.5,0,5,3.51132224183,0,dp,2,1,2,2,0.500000001114804,1,0.499999998885196,0.693147180559945,0.500000001114804,0,2,,2,,FALSE,2,FALSE,1,ambiguous,20260507_145347_unknown_allT_DP_MB_ME_g5_sm0p5_kg0_ks0_rcpp
sp1,5,2,,2,9.50147569887917,1984-11-01,"","",tree,all,0.0381571271145179,0.372624469424891,0.406738340860665,0.00773303781512013,0.0620795782771553,-0.0203753924797626,1.4564596855136,1.07130403370132,25.9999,0.0638624477390889,-0.5,0,5,3.51132224183,0,dp,2,1,2,2,0.500000197647767,1,0.499999802352233,0.693147180559867,0.500000197647767,0,4,,2,,FALSE,2,FALSE,1,ambiguous,20260507_145347_unknown_allT_DP_MB_ME_g5_sm0p5_kg0_ks0_rcpp
sp1,5,2,,3,18.2683669212945,1989-12-16,"","",tree,all,0.0381571271145179,0.372624469424891,0.406738340860665,0.00773303781512013,0.0620795782771553,-0.0203753924797626,1.4564596855136,1.07130403370132,25.9999,0.0638624477390889,-0.5,0,5,3.51132224183,0,dp,2,1,2,1,0.500010948994965,2,0.499989051005035,0.693147180320184,0.500010948994965,0,6,,1,,FALSE,1,FALSE,1,ambiguous,20260507_145347_unknown_allT_DP_MB_ME_g5_sm0p5_kg0_ks0_rcpp
sp1,5,2,,4,24.7492778077267,1994-11-19,"","",tree,all,0.0381571271145179,0.372624469424891,0.406738340860665,0.00773303781512013,0.0620795782771553,-0.0203753924797626,1.4564596855136,1.07130403370132,25.9999,0.0638624477390889,-0.5,0,5,3.51132224183,0,dp,2,1,2,1,0.5000928979964,2,0.4999071020036,0.69314716329987,0.5000928979964,0,8,,1,,FALSE,1,FALSE,1,ambiguous,20260507_145347_unknown_allT_DP_MB_ME_g5_sm0p5_kg0_ks0_rcpp
sp1,5,2,,5,28.1832990735897,1999-12-24,"","",tree,all,0.0381571271145179,0.372624469424891,0.406738340860665,0.00773303781512013,0.0620795782771553,-0.0203753924797626,1.4564596855136,1.07130403370132,25.9999,0.0638624477390889,-0.5,0,5,3.51132224183,0,dp,2,1,2,2,0.503007446602908,1,0.496992553397092,0.693129090980729,0.503007446602908,0,10,,2,,FALSE,2,FALSE,1,ambiguous,20260507_145347_unknown_allT_DP_MB_ME_g5_sm0p5_kg0_ks0_rcpp
sp1,5,2,,6,36.8021593238649,2004-12-18,"","",tree,all,0.0381571271145179,0.372624469424891,0.406738340860665,0.00773303781512013,0.0620795782771553,-0.0203753924797626,1.4564596855136,1.07130403370132,25.9999,0.0638624477390889,-0.5,0,5,3.51132224183,0,dp,2,1,2,2,0.549401378025674,1,0.450598621974326,0.688258215723784,0.549401378025674,0,12,,2,,FALSE,2,FALSE,1,ambiguous,20260507_145347_unknown_allT_DP_MB_ME_g5_sm0p5_kg0_ks0_rcpp
sp1,5,2,2,7,44.3465621148278,2009-12-21,"","",tree,all,0.0381571271145179,0.372624469424891,0.406738340860665,0.00773303781512013,0.0620795782771553,-0.0203753924797626,1.4564596855136,1.07130403370132,25.9999,0.0638624477390889,-0.5,0,5,3.51132224183,0,given,2,1,2,2,1,1,0,0,1,0,14,,2,,FALSE,2,FALSE,1,confident,20260507_145347_unknown_allT_DP_MB_ME_g5_sm0p5_kg0_ks0_rcpp
sp1,5,2,2,8,49.602239380827,2015-01-10,"","",tree,all,0.0381571271145179,0.372624469424891,0.406738340860665,0.00773303781512013,0.0620795782771553,-0.0203753924797626,1.4564596855136,1.07130403370132,25.9999,0.0638624477390889,-0.5,0,5,3.51132224183,0,given,,,,,,,,,,,16,,2,,FALSE,2,FALSE,1,,20260507_145347_unknown_allT_DP_MB_ME_g5_sm0p5_kg0_ks0_rcpp
sp1,5,2,2,9,62.7205491859384,2019-12-08,"","",tree,all,0.0381571271145179,0.372624469424891,0.406738340860665,0.00773303781512013,0.0620795782771553,-0.0203753924797626,1.4564596855136,1.07130403370132,25.9999,0.0638624477390889,-0.5,0,5,3.51132224183,0,given,,,,,,,,,,,18,,2,,FALSE,2,FALSE,1,,20260507_145347_unknown_allT_DP_MB_ME_g5_sm0p5_kg0_ks0_rcpp
sp1,6,1,,1,4.8706074314952,1980-01-01,"","",tree,all,0.0381571271145179,0.372624469424891,0.406738340860665,0.00773303781512013,0.0620795782771553,-0.0203753924797626,1.4564596855136,1.07130403370132,25.9999,0.0638624477390889,-0.5,0,5,3.51132224183,0,dp,6,1,3,1,0.9961684318689,3,0.00222610750379169,0.0277502583582778,0.9961684318689,0,1,,1,,FALSE,1,FALSE,1,confident,20260507_145347_unknown_allT_DP_MB_ME_g5_sm0p5_kg0_ks0_rcpp
sp1,6,1,,2,7.43920653396057,1984-12-25,"","",tree,all,0.0381571271145179,0.372624469424891,0.406738340860665,0.00773303781512013,0.0620795782771553,-0.0203753924797626,1.4564596855136,1.07130403370132,25.9999,0.0638624477390889,-0.5,0,5,3.51132224183,0,dp,6,1,3,1,0.9961684318689,3,0.00222610750379169,0.0277502583582778,0.9961684318689,0,4,,1,,FALSE,1,FALSE,1,confident,20260507_145347_unknown_allT_DP_MB_ME_g5_sm0p5_kg0_ks0_rcpp
sp1,6,1,,3,14.1123703369616,1989-12-03,"","",tree,all,0.0381571271145179,0.372624469424891,0.406738340860665,0.00773303781512013,0.0620795782771553,-0.0203753924797626,1.4564596855136,1.07130403370132,25.9999,0.0638624477390889,-0.5,0,5,3.51132224183,0,dp,6,1,3,1,0.996781828609305,3,0.00191968581087399,0.0238522200093936,0.996781828609305,0,7,,1,,FALSE,1,FALSE,1,confident,20260507_145347_unknown_allT_DP_MB_ME_g5_sm0p5_kg0_ks0_rcpp
sp1,6,1,,4,19.0469278599411,1994-11-20,"","",tree,all,0.0381571271145179,0.372624469424891,0.406738340860665,0.00773303781512013,0.0620795782771553,-0.0203753924797626,1.4564596855136,1.07130403370132,25.9999,0.0638624477390889,-0.5,0,5,3.51132224183,0,dp,6,1,3,1,0.996781828609305,3,0.00191968581087399,0.0238522200093937,0.996781828609305,0,10,,1,,FALSE,1,FALSE,1,confident,20260507_145347_unknown_allT_DP_MB_ME_g5_sm0p5_kg0_ks0_rcpp
sp1,6,1,,5,25.382502683136,2000-01-06,"","",tree,all,0.0381571271145179,0.372624469424891,0.406738340860665,0.00773303781512013,0.0620795782771553,-0.0203753924797626,1.4564596855136,1.07130403370132,25.9999,0.0638624477390889,-0.5,0,5,3.51132224183,0,dp,6,1,3,1,0.996781828609305,3,0.00191968581087399,0.0238522200093935,0.996781828609305,0,13,,1,,FALSE,1,FALSE,1,confident,20260507_145347_unknown_allT_DP_MB_ME_g5_sm0p5_kg0_ks0_rcpp
sp1,6,1,,6,34.6640482083669,2005-01-31,"","",tree,all,0.0381571271145179,0.372624469424891,0.406738340860665,0.00773303781512013,0.0620795782771553,-0.0203753924797626,1.4564596855136,1.07130403370132,25.9999,0.0638624477390889,-0.5,0,5,3.51132224183,0,dp,6,1,3,1,1,2,0,0,1,0,16,,1,,FALSE,1,FALSE,1,confident,20260507_145347_unknown_allT_DP_MB_ME_g5_sm0p5_kg0_ks0_rcpp
sp1,6,1,1,7,40.3428469858489,2010-02-04,"","",tree,all,0.0381571271145179,0.372624469424891,0.406738340860665,0.00773303781512013,0.0620795782771553,-0.0203753924797626,1.4564596855136,1.07130403370132,25.9999,0.0638624477390889,-0.5,0,5,3.51132224183,0,given,6,1,3,1,1,2,0,0,1,0,19,,1,,FALSE,1,FALSE,1,confident,20260507_145347_unknown_allT_DP_MB_ME_g5_sm0p5_kg0_ks0_rcpp
sp1,6,1,1,8,49.9181951160049,2015-01-26,"","",tree,all,0.0381571271145179,0.372624469424891,0.406738340860665,0.00773303781512013,0.0620795782771553,-0.0203753924797626,1.4564596855136,1.07130403370132,25.9999,0.0638624477390889,-0.5,0,5,3.51132224183,0,given,,,,,,,,,,,22,,1,,FALSE,1,FALSE,1,,20260507_145347_unknown_allT_DP_MB_ME_g5_sm0p5_kg0_ks0_rcpp
sp1,6,1,1,9,60.829699133354,2020-02-07,"","",tree,all,0.0381571271145179,0.372624469424891,0.406738340860665,0.00773303781512013,0.0620795782771553,-0.0203753924797626,1.4564596855136,1.07130403370132,25.9999,0.0638624477390889,-0.5,0,5,3.51132224183,0,given,,,,,,,,,,,25,,1,,FALSE,1,FALSE,1,,20260507_145347_unknown_allT_DP_MB_ME_g5_sm0p5_kg0_ks0_rcpp
sp1,6,2,,1,10.9594495766941,1980-01-01,"","",tree,all,0.0381571271145179,0.372624469424891,0.406738340860665,0.00773303781512013,0.0620795782771553,-0.0203753924797626,1.4564596855136,1.07130403370132,25.9999,0.0638624477390889,-0.5,0,5,3.51132224183,0,dp,6,1,3,2,0.499150853260102,3,0.498856217029003,0.706149020861796,0.498856217029003,0,2,,3,,FALSE,3,FALSE,1,ambiguous,20260507_145347_unknown_allT_DP_MB_ME_g5_sm0p5_kg0_ks0_rcpp
sp1,6,2,,2,15.5560790299423,1984-12-25,"","",tree,all,0.0381571271145179,0.372624469424891,0.406738340860665,0.00773303781512013,0.0620795782771553,-0.0203753924797626,1.4564596855136,1.07130403370132,25.9999,0.0638624477390889,-0.5,0,5,3.51132224183,0,dp,6,1,3,2,0.499012527531846,3,0.498764640792854,0.707405979114003,0.498764640792854,0,5,,3,,FALSE,3,FALSE,1,ambiguous,20260507_145347_unknown_allT_DP_MB_ME_g5_sm0p5_kg0_ks0_rcpp
sp1,6,2,,3,24.8318263727866,1989-12-03,"","",tree,all,0.0381571271145179,0.372624469424891,0.406738340860665,0.00773303781512013,0.0620795782771553,-0.0203753924797626,1.4564596855136,1.07130403370132,25.9999,0.0638624477390889,-0.5,0,5,3.51132224183,0,dp,6,1,3,3,0.499331469542891,2,0.499056152849785,0.704008265874533,0.499331469542891,0,8,,3,,FALSE,3,FALSE,1,ambiguous,20260507_145347_unknown_allT_DP_MB_ME_g5_sm0p5_kg0_ks0_rcpp
sp1,6,2,,4,31.0617635304183,1994-11-20,"","",tree,all,0.0381571271145179,0.372624469424891,0.406738340860665,0.00773303781512013,0.0620795782771553,-0.0203753924797626,1.4564596855136,1.07130403370132,25.9999,0.0638624477390889,-0.5,0,5,3.51132224183,0,dp,6,1,3,2,0.503149886405828,3,0.49528347940528,0.703714307119146,0.503149886405828,0,11,,2,,FALSE,2,FALSE,1,ambiguous,20260507_145347_unknown_allT_DP_MB_ME_g5_sm0p5_kg0_ks0_rcpp
sp1,6,2,,5,35.1181110082755,2000-01-06,"","",tree,all,0.0381571271145179,0.372624469424891,0.406738340860665,0.00773303781512013,0.0620795782771553,-0.0203753924797626,1.4564596855136,1.07130403370132,25.9999,0.0638624477390889,-0.5,0,5,3.51132224183,0,dp,6,1,3,2,0.563888006911958,3,0.435224047246375,0.691350879890424,0.563888006911958,0,14,,2,,FALSE,2,FALSE,1,ambiguous,20260507_145347_unknown_allT_DP_MB_ME_g5_sm0p5_kg0_ks0_rcpp
sp1,6,2,,6,47.9330044388622,2005-01-31,"","",tree,all,0.0381571271145179,0.372624469424891,0.406738340860665,0.00773303781512013,0.0620795782771553,-0.0203753924797626,1.4564596855136,1.07130403370132,25.9999,0.0638624477390889,-0.5,0,5,3.51132224183,0,dp,6,1,3,2,0.876982713401529,3,0.123017286598471,0.372893926032564,0.876982713401529,0,17,,2,,FALSE,2,FALSE,1,ambiguous,20260507_145347_unknown_allT_DP_MB_ME_g5_sm0p5_kg0_ks0_rcpp
sp1,6,2,2,7,57.2409914018824,2010-02-04,"","",tree,all,0.0381571271145179,0.372624469424891,0.406738340860665,0.00773303781512013,0.0620795782771553,-0.0203753924797626,1.4564596855136,1.07130403370132,25.9999,0.0638624477390889,-0.5,0,5,3.51132224183,0,given,6,1,3,2,1,1,0,0,1,0,20,,2,,FALSE,2,FALSE,1,confident,20260507_145347_unknown_allT_DP_MB_ME_g5_sm0p5_kg0_ks0_rcpp
sp1,6,2,2,8,65.9169929722702,2015-01-26,"","",tree,all,0.0381571271145179,0.372624469424891,0.406738340860665,0.00773303781512013,0.0620795782771553,-0.0203753924797626,1.4564596855136,1.07130403370132,25.9999,0.0638624477390889,-0.5,0,5,3.51132224183,0,given,,,,,,,,,,,23,,2,,FALSE,2,FALSE,1,,20260507_145347_unknown_allT_DP_MB_ME_g5_sm0p5_kg0_ks0_rcpp
sp1,6,2,2,9,79.2020214717104,2020-02-07,"","",tree,all,0.0381571271145179,0.372624469424891,0.406738340860665,0.00773303781512013,0.0620795782771553,-0.0203753924797626,1.4564596855136,1.07130403370132,25.9999,0.0638624477390889,-0.5,0,5,3.51132224183,0,given,,,,,,,,,,,26,,2,,FALSE,2,FALSE,1,,20260507_145347_unknown_allT_DP_MB_ME_g5_sm0p5_kg0_ks0_rcpp
sp1,6,3,,1,13.0585090322783,1980-01-01,"","",tree,all,0.0381571271145179,0.372624469424891,0.406738340860665,0.00773303781512013,0.0620795782771553,-0.0203753924797626,1.4564596855136,1.07130403370132,25.9999,0.0638624477390889,-0.5,0,5,3.51132224183,0,dp,6,1,3,2,0.49924368611259,3,0.498917675467206,0.705290714293139,0.49924368611259,0,3,,2,,FALSE,2,FALSE,1,ambiguous,20260507_145347_unknown_allT_DP_MB_ME_g5_sm0p5_kg0_ks0_rcpp
sp1,6,3,,2,16.9632456904451,1984-12-25,"","",tree,all,0.0381571271145179,0.372624469424891,0.406738340860665,0.00773303781512013,0.0620795782771553,-0.0203753924797626,1.4564596855136,1.07130403370132,25.9999,0.0638624477390889,-0.5,0,5,3.51132224183,0,dp,6,1,3,2,0.499382011840845,3,0.499009251703355,0.703987347087219,0.499382011840845,0,6,,2,,FALSE,2,FALSE,1,ambiguous,20260507_145347_unknown_allT_DP_MB_ME_g5_sm0p5_kg0_ks0_rcpp
sp1,6,3,,3,25.917705988931,1989-12-03,"","",tree,all,0.0381571271145179,0.372624469424891,0.406738340860665,0.00773303781512013,0.0620795782771553,-0.0203753924797626,1.4564596855136,1.07130403370132,25.9999,0.0638624477390889,-0.5,0,5,3.51132224183,0,dp,6,1,3,2,0.499645361570395,3,0.498748844646235,0.703970127731917,0.499645361570395,0,9,,2,,FALSE,2,FALSE,1,ambiguous,20260507_145347_unknown_allT_DP_MB_ME_g5_sm0p5_kg0_ks0_rcpp
sp1,6,3,,4,29.755092380173,1994-11-20,"","",tree,all,0.0381571271145179,0.372624469424891,0.406738340860665,0.00773303781512013,0.0620795782771553,-0.0203753924797626,1.4564596855136,1.07130403370132,25.9999,0.0638624477390889,-0.5,0,5,3.51132224183,0,dp,6,1,3,3,0.502796834783846,2,0.495551628014351,0.704206132596445,0.502796834783846,0,12,,3,,FALSE,3,FALSE,1,ambiguous,20260507_145347_unknown_allT_DP_MB_ME_g5_sm0p5_kg0_ks0_rcpp
sp1,6,3,,5,34.0588407154172,2000-01-06,"","",tree,all,0.0381571271145179,0.372624469424891,0.406738340860665,0.00773303781512013,0.0620795782771553,-0.0203753924797626,1.4564596855136,1.07130403370132,25.9999,0.0638624477390889,-0.5,0,5,3.51132224183,0,dp,6,1,3,3,0.562856266942751,2,0.434813507508222,0.699745510688822,0.562856266942751,0,15,,3,,FALSE,3,FALSE,1,ambiguous,20260507_145347_unknown_allT_DP_MB_ME_g5_sm0p5_kg0_ks0_rcpp
sp1,6,3,,6,43.9964446074937,2005-01-31,"","",tree,all,0.0381571271145179,0.372624469424891,0.406738340860665,0.00773303781512013,0.0620795782771553,-0.0203753924797626,1.4564596855136,1.07130403370132,25.9999,0.0638624477390889,-0.5,0,5,3.51132224183,0,dp,6,1,3,3,0.876982713401529,2,0.123017286598471,0.372893926032564,0.876982713401529,0,18,,3,,FALSE,3,FALSE,1,ambiguous,20260507_145347_unknown_allT_DP_MB_ME_g5_sm0p5_kg0_ks0_rcpp
sp1,6,3,3,7,49.7177018081191,2010-02-04,"","",tree,all,0.0381571271145179,0.372624469424891,0.406738340860665,0.00773303781512013,0.0620795782771553,-0.0203753924797626,1.4564596855136,1.07130403370132,25.9999,0.0638624477390889,-0.5,0,5,3.51132224183,0,given,6,1,3,3,1,1,0,0,1,0,21,,3,,FALSE,3,FALSE,1,confident,20260507_145347_unknown_allT_DP_MB_ME_g5_sm0p5_kg0_ks0_rcpp
sp1,6,3,3,8,56.0145846289356,2015-01-26,"","",tree,all,0.0381571271145179,0.372624469424891,0.406738340860665,0.00773303781512013,0.0620795782771553,-0.0203753924797626,1.4564596855136,1.07130403370132,25.9999,0.0638624477390889,-0.5,0,5,3.51132224183,0,given,,,,,,,,,,,24,,3,,FALSE,3,FALSE,1,,20260507_145347_unknown_allT_DP_MB_ME_g5_sm0p5_kg0_ks0_rcpp
sp1,6,3,3,9,69.369781302457,2020-02-07,"","",tree,all,0.0381571271145179,0.372624469424891,0.406738340860665,0.00773303781512013,0.0620795782771553,-0.0203753924797626,1.4564596855136,1.07130403370132,25.9999,0.0638624477390889,-0.5,0,5,3.51132224183,0,given,,,,,,,,,,,27,,3,,FALSE,3,FALSE,1,,20260507_145347_unknown_allT_DP_MB_ME_g5_sm0p5_kg0_ks0_rcpp
sp1,7,1,,1,3.34172921202459,1980-01-01,"","",tree,all,0.0381571271145179,0.372624469424891,0.406738340860665,0.00773303781512013,0.0620795782771553,-0.0203753924797626,1.4564596855136,1.07130403370132,25.9999,0.0638624477390889,-0.5,0,5,3.51132224183,0,dp,360,2,6,1,0.41716312387831,6,0.291416317785757,1.08340301153356,0.291416317785757,0.582832635571514,1,,6,,FALSE,6,FALSE,1,unlinked-likely,20260507_145347_unknown_allT_DP_MB_ME_g5_sm0p5_kg0_ks0_rcpp
sp1,7,1,,2,7.29646146979859,1985-02-07,"","",tree,all,0.0381571271145179,0.372624469424891,0.406738340860665,0.00773303781512013,0.0620795782771553,-0.0203753924797626,1.4564596855136,1.07130403370132,25.9999,0.0638624477390889,-0.5,0,5,3.51132224183,0,dp,360,2,6,6,0.349339426753439,7,0.349339426753439,1.09626699763593,0.349339426753439,0.698678853506878,6,,6,,FALSE,6,FALSE,1,unlinked-likely,20260507_145347_unknown_allT_DP_MB_ME_g5_sm0p5_kg0_ks0_rcpp
sp1,7,1,,3,14.4271150005804,1990-02-06,"","",tree,all,0.0381571271145179,0.372624469424891,0.406738340860665,0.00773303781512013,0.0620795782771553,-0.0203753924797626,1.4564596855136,1.07130403370132,25.9999,0.0638624477390889,-0.5,0,5,3.51132224183,0,dp,360,2,6,1,0.99929898588335,6,0.000350492061524504,0.00627843850968737,0.99929898588335,0.000700984123049008,11,,1,,FALSE,1,FALSE,1,confident,20260507_145347_unknown_allT_DP_MB_ME_g5_sm0p5_kg0_ks0_rcpp
sp1,7,1,,4,21.2140473821209,1995-05-08,"","",tree,all,0.0381571271145179,0.372624469424891,0.406738340860665,0.00773303781512013,0.0620795782771553,-0.0203753924797626,1.4564596855136,1.07130403370132,25.9999,0.0638624477390889,-0.5,0,5,3.51132224183,0,dp,360,2,6,1,0.999994782332902,6,2.60867815175621e-06,7.23022695687903e-05,0.999994782332902,5.21735630351243e-06,16,,1,,FALSE,1,FALSE,1,confident,20260507_145347_unknown_allT_DP_MB_ME_g5_sm0p5_kg0_ks0_rcpp
sp1,7,1,,5,27.0271497069647,2000-04-29,"","",tree,all,0.0381571271145179,0.372624469424891,0.406738340860665,0.00773303781512013,0.0620795782771553,-0.0203753924797626,1.4564596855136,1.07130403370132,25.9999,0.0638624477390889,-0.5,0,5,3.51132224183,0,dp,360,2,6,1,0.999996951955458,6,1.52402227097645e-06,4.38740285198207e-05,0.999996951955458,3.0480445419529e-06,21,,1,,FALSE,1,FALSE,1,confident,20260507_145347_unknown_allT_DP_MB_ME_g5_sm0p5_kg0_ks0_rcpp
sp1,7,1,,6,34.7149078956764,2005-06-01,"","",tree,all,0.0381571271145179,0.372624469424891,0.406738340860665,0.00773303781512013,0.0620795782771553,-0.0203753924797626,1.4564596855136,1.07130403370132,25.9999,0.0638624477390889,-0.5,0,5,3.51132224183,0,dp,360,2,6,1,0.999997204845417,6,1.39757729162423e-06,4.04759876402902e-05,0.999997204845417,2.79515458324846e-06,26,,1,,FALSE,1,FALSE,1,confident,20260507_145347_unknown_allT_DP_MB_ME_g5_sm0p5_kg0_ks0_rcpp
sp1,7,1,1,7,37.1595683300531,2010-03-11,"","",tree,all,0.0381571271145179,0.372624469424891,0.406738340860665,0.00773303781512013,0.0620795782771553,-0.0203753924797626,1.4564596855136,1.07130403370132,25.9999,0.0638624477390889,-0.5,0,5,3.51132224183,0,given,360,2,6,1,1,2,0,0,1,0,31,,1,,FALSE,1,FALSE,1,confident,20260507_145347_unknown_allT_DP_MB_ME_g5_sm0p5_kg0_ks0_rcpp
sp1,7,1,1,8,41.5594692834303,2015-01-30,"","",tree,all,0.0381571271145179,0.372624469424891,0.406738340860665,0.00773303781512013,0.0620795782771553,-0.0203753924797626,1.4564596855136,1.07130403370132,25.9999,0.0638624477390889,-0.5,0,5,3.51132224183,0,given,,,,,,,,,,,36,,1,,FALSE,1,FALSE,1,,20260507_145347_unknown_allT_DP_MB_ME_g5_sm0p5_kg0_ks0_rcpp
sp1,7,1,1,9,50.862992047704,2020-01-31,"","",tree,all,0.0381571271145179,0.372624469424891,0.406738340860665,0.00773303781512013,0.0620795782771553,-0.0203753924797626,1.4564596855136,1.07130403370132,25.9999,0.0638624477390889,-0.5,0,5,3.51132224183,0,given,,,,,,,,,,,41,,1,,FALSE,1,FALSE,1,,20260507_145347_unknown_allT_DP_MB_ME_g5_sm0p5_kg0_ks0_rcpp
sp1,7,2,,1,21.4478174185367,1980-01-01,"","",tree,all,0.0381571271145179,0.372624469424891,0.406738340860665,0.00773303781512013,0.0620795782771553,-0.0203753924797626,1.4564596855136,1.07130403370132,25.9999,0.0638624477390889,-0.5,0,5,3.51132224183,0,dp,360,2,6,2,0.999497492001593,6,0.000251253999203424,0.00466769372547146,0.999497492001593,0.000502507998406847,2,,2,,FALSE,2,FALSE,1,confident,20260507_145347_unknown_allT_DP_MB_ME_g5_sm0p5_kg0_ks0_rcpp
sp1,7,2,,2,25.1960523022675,1985-02-07,"","",tree,all,0.0381571271145179,0.372624469424891,0.406738340860665,0.00773303781512013,0.0620795782771553,-0.0203753924797626,1.4564596855136,1.07130403370132,25.9999,0.0638624477390889,-0.5,0,5,3.51132224183,0,dp,360,2,6,2,0.999987301207975,7,6.34939601260605e-06,0.000164667071373114,0.999987301207975,1.26987920252121e-05,7,,2,,FALSE,2,FALSE,1,confident,20260507_145347_unknown_allT_DP_MB_ME_g5_sm0p5_kg0_ks0_rcpp
sp1,7,2,,3,34.0050170918211,1990-02-06,"","",tree,all,0.0381571271145179,0.372624469424891,0.406738340860665,0.00773303781512013,0.0620795782771553,-0.0203753924797626,1.4564596855136,1.07130403370132,25.9999,0.0638624477390889,-0.5,0,5,3.51132224183,0,dp,360,2,6,2,0.999999970006399,6,1.49968004034385e-08,5.70341185006298e-07,0.999999970006399,2.9993600806877e-08,12,,2,,FALSE,2,FALSE,1,confident,20260507_145347_unknown_allT_DP_MB_ME_g5_sm0p5_kg0_ks0_rcpp
sp1,7,2,,4,40.5071204241499,1995-05-08,"","",tree,all,0.0381571271145179,0.372624469424891,0.406738340860665,0.00773303781512013,0.0620795782771553,-0.0203753924797626,1.4564596855136,1.07130403370132,25.9999,0.0638624477390889,-0.5,0,5,3.51132224183,0,dp,360,2,6,2,0.999999999689205,6,1.55397384424876e-10,7.33010561384324e-09,0.999999999689205,3.10794768849751e-10,17,,2,,FALSE,2,FALSE,1,confident,20260507_145347_unknown_allT_DP_MB_ME_g5_sm0p5_kg0_ks0_rcpp
sp1,7,2,,5,46.064436486225,2000-04-29,"","",tree,all,0.0381571271145179,0.372624469424891,0.406738340860665,0.00773303781512013,0.0620795782771553,-0.0203753924797626,1.4564596855136,1.07130403370132,25.9999,0.0638624477390889,-0.5,0,5,3.51132224183,0,dp,360,2,6,2,1,1,0,0,1,0,22,,2,,FALSE,2,FALSE,1,confident,20260507_145347_unknown_allT_DP_MB_ME_g5_sm0p5_kg0_ks0_rcpp
sp1,7,2,,6,59.2520622761788,2005-06-01,"","",tree,all,0.0381571271145179,0.372624469424891,0.406738340860665,0.00773303781512013,0.0620795782771553,-0.0203753924797626,1.4564596855136,1.07130403370132,25.9999,0.0638624477390889,-0.5,0,5,3.51132224183,0,dp,360,2,6,2,1,1,0,0,1,0,27,,2,,FALSE,2,FALSE,1,confident,20260507_145347_unknown_allT_DP_MB_ME_g5_sm0p5_kg0_ks0_rcpp
sp1,7,2,2,7,62.5793493487772,2010-03-11,"","",tree,all,0.0381571271145179,0.372624469424891,0.406738340860665,0.00773303781512013,0.0620795782771553,-0.0203753924797626,1.4564596855136,1.07130403370132,25.9999,0.0638624477390889,-0.5,0,5,3.51132224183,0,given,360,2,6,2,1,1,0,0,1,0,32,,2,,FALSE,2,FALSE,1,confident,20260507_145347_unknown_allT_DP_MB_ME_g5_sm0p5_kg0_ks0_rcpp
sp1,7,2,2,8,69.4321372809456,2015-01-30,"","",tree,all,0.0381571271145179,0.372624469424891,0.406738340860665,0.00773303781512013,0.0620795782771553,-0.0203753924797626,1.4564596855136,1.07130403370132,25.9999,0.0638624477390889,-0.5,0,5,3.51132224183,0,given,,,,,,,,,,,37,,2,,FALSE,2,FALSE,1,,20260507_145347_unknown_allT_DP_MB_ME_g5_sm0p5_kg0_ks0_rcpp
sp1,7,2,2,9,84.3860231263031,2020-01-31,"","",tree,all,0.0381571271145179,0.372624469424891,0.406738340860665,0.00773303781512013,0.0620795782771553,-0.0203753924797626,1.4564596855136,1.07130403370132,25.9999,0.0638624477390889,-0.5,0,5,3.51132224183,0,given,,,,,,,,,,,42,,2,,FALSE,2,FALSE,1,,20260507_145347_unknown_allT_DP_MB_ME_g5_sm0p5_kg0_ks0_rcpp
sp1,7,3,,1,,1980-01-01,"","",tree,all,0.0381571271145179,0.372624469424891,0.406738340860665,0.00773303781512013,0.0620795782771553,-0.0203753924797626,1.4564596855136,1.07130403370132,25.9999,0.0638624477390889,-0.5,0,5,3.51132224183,0,given_orphan,360,2,6,,,,,,,,3,,3,,FALSE,,FALSE,1,,20260507_145347_unknown_allT_DP_MB_ME_g5_sm0p5_kg0_ks0_rcpp
sp1,7,3,,2,,1985-02-07,"","",tree,all,0.0381571271145179,0.372624469424891,0.406738340860665,0.00773303781512013,0.0620795782771553,-0.0203753924797626,1.4564596855136,1.07130403370132,25.9999,0.0638624477390889,-0.5,0,5,3.51132224183,0,given_orphan,360,2,6,,,,,,,,8,,3,,FALSE,,FALSE,1,,20260507_145347_unknown_allT_DP_MB_ME_g5_sm0p5_kg0_ks0_rcpp
sp1,7,3,,3,,1990-02-06,"","",tree,all,0.0381571271145179,0.372624469424891,0.406738340860665,0.00773303781512013,0.0620795782771553,-0.0203753924797626,1.4564596855136,1.07130403370132,25.9999,0.0638624477390889,-0.5,0,5,3.51132224183,0,given_orphan,360,2,6,,,,,,,,13,,3,,FALSE,,FALSE,1,,20260507_145347_unknown_allT_DP_MB_ME_g5_sm0p5_kg0_ks0_rcpp
sp1,7,3,,4,0.945824789496649,1995-05-08,"","",tree,all,0.0381571271145179,0.372624469424891,0.406738340860665,0.00773303781512013,0.0620795782771553,-0.0203753924797626,1.4564596855136,1.07130403370132,25.9999,0.0638624477390889,-0.5,0,5,3.51132224183,0,dp,360,2,6,3,0.970169031553123,6,0.0148572152574464,0.155513102535424,0.970169031553123,0.0297144305148928,18,,3,,FALSE,3,FALSE,1,confident,20260507_145347_unknown_allT_DP_MB_ME_g5_sm0p5_kg0_ks0_rcpp
sp1,7,3,,5,3.06062695956416,2000-04-29,"","",tree,all,0.0381571271145179,0.372624469424891,0.406738340860665,0.00773303781512013,0.0620795782771553,-0.0203753924797626,1.4564596855136,1.07130403370132,25.9999,0.0638624477390889,-0.5,0,5,3.51132224183,0,dp,360,2,6,3,0.988120700174279,6,0.00592763939704149,0.0728593631534277,0.988120700174279,0.011855278794083,23,,3,,FALSE,3,FALSE,1,confident,20260507_145347_unknown_allT_DP_MB_ME_g5_sm0p5_kg0_ks0_rcpp
sp1,7,3,,6,8.7215529806724,2005-06-01,"","",tree,all,0.0381571271145179,0.372624469424891,0.406738340860665,0.00773303781512013,0.0620795782771553,-0.0203753924797626,1.4564596855136,1.07130403370132,25.9999,0.0638624477390889,-0.5,0,5,3.51132224183,0,dp,360,2,6,3,0.998535650682545,6,0.000730801292381987,0.0120532203616361,0.998535650682545,0.00146160258476397,28,,3,,FALSE,3,FALSE,1,confident,20260507_145347_unknown_allT_DP_MB_ME_g5_sm0p5_kg0_ks0_rcpp
sp1,7,3,3,7,13.4252855538209,2010-03-11,"","",tree,all,0.0381571271145179,0.372624469424891,0.406738340860665,0.00773303781512013,0.0620795782771553,-0.0203753924797626,1.4564596855136,1.07130403370132,25.9999,0.0638624477390889,-0.5,0,5,3.51132224183,0,given,360,2,6,3,1,1,0,0,1,0,33,,3,,FALSE,3,FALSE,1,confident,20260507_145347_unknown_allT_DP_MB_ME_g5_sm0p5_kg0_ks0_rcpp
sp1,7,3,3,8,18.8879871156352,2015-01-30,"","",tree,all,0.0381571271145179,0.372624469424891,0.406738340860665,0.00773303781512013,0.0620795782771553,-0.0203753924797626,1.4564596855136,1.07130403370132,25.9999,0.0638624477390889,-0.5,0,5,3.51132224183,0,given,,,,,,,,,,,38,,3,,FALSE,3,FALSE,1,,20260507_145347_unknown_allT_DP_MB_ME_g5_sm0p5_kg0_ks0_rcpp
sp1,7,3,3,9,27.3676730627151,2020-01-31,"","",tree,all,0.0381571271145179,0.372624469424891,0.406738340860665,0.00773303781512013,0.0620795782771553,-0.0203753924797626,1.4564596855136,1.07130403370132,25.9999,0.0638624477390889,-0.5,0,5,3.51132224183,0,given,,,,,,,,,,,43,,3,,FALSE,3,FALSE,1,,20260507_145347_unknown_allT_DP_MB_ME_g5_sm0p5_kg0_ks0_rcpp
sp1,7,4,,1,5.00412188196485,1980-01-01,"","",tree,all,0.0381571271145179,0.372624469424891,0.406738340860665,0.00773303781512013,0.0620795782771553,-0.0203753924797626,1.4564596855136,1.07130403370132,25.9999,0.0638624477390889,-0.5,0,5,3.51132224183,0,dp,360,2,6,1,0.575796460886259,6,0.212096717067578,0.975758710361034,0.575796460886259,0.424193434135155,4,,1,,FALSE,1,FALSE,1,ambiguous,20260507_145347_unknown_allT_DP_MB_ME_g5_sm0p5_kg0_ks0_rcpp
sp1,7,4,,2,9.12343020172261,1985-02-07,"","",tree,all,0.0381571271145179,0.372624469424891,0.406738340860665,0.00773303781512013,0.0620795782771553,-0.0203753924797626,1.4564596855136,1.07130403370132,25.9999,0.0638624477390889,-0.5,0,5,3.51132224183,0,dp,360,2,6,1,0.696938949179952,6,0.15152418054074,0.823633387796466,0.696938949179952,0.303048361081481,9,,1,,FALSE,1,FALSE,1,ambiguous,20260507_145347_unknown_allT_DP_MB_ME_g5_sm0p5_kg0_ks0_rcpp
sp1,7,4,,3,,1990-02-06,"","",tree,all,0.0381571271145179,0.372624469424891,0.406738340860665,0.00773303781512013,0.0620795782771553,-0.0203753924797626,1.4564596855136,1.07130403370132,25.9999,0.0638624477390889,-0.5,0,5,3.51132224183,0,given_orphan,360,2,6,,,,,,,,14,,4,,FALSE,,FALSE,1,,20260507_145347_unknown_allT_DP_MB_ME_g5_sm0p5_kg0_ks0_rcpp
sp1,7,4,,4,,1995-05-08,"","",tree,all,0.0381571271145179,0.372624469424891,0.406738340860665,0.00773303781512013,0.0620795782771553,-0.0203753924797626,1.4564596855136,1.07130403370132,25.9999,0.0638624477390889,-0.5,0,5,3.51132224183,0,given_orphan,360,2,6,,,,,,,,19,,4,,FALSE,,FALSE,1,,20260507_145347_unknown_allT_DP_MB_ME_g5_sm0p5_kg0_ks0_rcpp
sp1,7,4,,5,,2000-04-29,"","",tree,all,0.0381571271145179,0.372624469424891,0.406738340860665,0.00773303781512013,0.0620795782771553,-0.0203753924797626,1.4564596855136,1.07130403370132,25.9999,0.0638624477390889,-0.5,0,5,3.51132224183,0,given_orphan,360,2,6,,,,,,,,24,,4,,FALSE,,FALSE,1,,20260507_145347_unknown_allT_DP_MB_ME_g5_sm0p5_kg0_ks0_rcpp
sp1,7,4,,6,,2005-06-01,"","",tree,all,0.0381571271145179,0.372624469424891,0.406738340860665,0.00773303781512013,0.0620795782771553,-0.0203753924797626,1.4564596855136,1.07130403370132,25.9999,0.0638624477390889,-0.5,0,5,3.51132224183,0,given_orphan,360,2,6,,,,,,,,29,,4,,FALSE,,FALSE,1,,20260507_145347_unknown_allT_DP_MB_ME_g5_sm0p5_kg0_ks0_rcpp
sp1,7,4,4,7,,2010-03-11,"","",tree,all,0.0381571271145179,0.372624469424891,0.406738340860665,0.00773303781512013,0.0620795782771553,-0.0203753924797626,1.4564596855136,1.07130403370132,25.9999,0.0638624477390889,-0.5,0,5,3.51132224183,0,given,360,2,6,,,,,,,,34,,4,,FALSE,4,FALSE,1,,20260507_145347_unknown_allT_DP_MB_ME_g5_sm0p5_kg0_ks0_rcpp
sp1,7,4,4,8,,2015-01-30,"","",tree,all,0.0381571271145179,0.372624469424891,0.406738340860665,0.00773303781512013,0.0620795782771553,-0.0203753924797626,1.4564596855136,1.07130403370132,25.9999,0.0638624477390889,-0.5,0,5,3.51132224183,0,given,,,,,,,,,,,39,,4,,FALSE,4,FALSE,1,,20260507_145347_unknown_allT_DP_MB_ME_g5_sm0p5_kg0_ks0_rcpp
sp1,7,4,4,9,,2020-01-31,"","",tree,all,0.0381571271145179,0.372624469424891,0.406738340860665,0.00773303781512013,0.0620795782771553,-0.0203753924797626,1.4564596855136,1.07130403370132,25.9999,0.0638624477390889,-0.5,0,5,3.51132224183,0,given,,,,,,,,,,,44,,4,,FALSE,4,FALSE,1,,20260507_145347_unknown_allT_DP_MB_ME_g5_sm0p5_kg0_ks0_rcpp
sp1,7,5,,1,,1980-01-01,"","",tree,all,0.0381571271145179,0.372624469424891,0.406738340860665,0.00773303781512013,0.0620795782771553,-0.0203753924797626,1.4564596855136,1.07130403370132,25.9999,0.0638624477390889,-0.5,0,5,3.51132224183,0,given_orphan,360,2,6,,,,,,,,5,,5,,FALSE,,FALSE,1,,20260507_145347_unknown_allT_DP_MB_ME_g5_sm0p5_kg0_ks0_rcpp
sp1,7,5,,2,0.684099080544639,1985-02-07,"","",tree,all,0.0381571271145179,0.372624469424891,0.406738340860665,0.00773303781512013,0.0620795782771553,-0.0203753924797626,1.4564596855136,1.07130403370132,25.9999,0.0638624477390889,-0.5,0,5,3.51132224183,0,dp,360,2,6,5,0.942478925004883,6,0.0287384717316579,0.260292117501762,0.942478925004883,0.0574769434633158,10,,5,,FALSE,5,FALSE,1,ambiguous,20260507_145347_unknown_allT_DP_MB_ME_g5_sm0p5_kg0_ks0_rcpp
sp1,7,5,,3,4.14792763216517,1990-02-06,"","",tree,all,0.0381571271145179,0.372624469424891,0.406738340860665,0.00773303781512013,0.0620795782771553,-0.0203753924797626,1.4564596855136,1.07130403370132,25.9999,0.0638624477390889,-0.5,0,5,3.51132224183,0,dp,360,2,6,5,0.99132196698401,6,0.00433331787077411,0.0559288152926499,0.99132196698401,0.00866663574154822,15,,5,,FALSE,5,FALSE,1,confident,20260507_145347_unknown_allT_DP_MB_ME_g5_sm0p5_kg0_ks0_rcpp
sp1,7,5,,4,8.359768591008,1995-05-08,"","",tree,all,0.0381571271145179,0.372624469424891,0.406738340860665,0.00773303781512013,0.0620795782771553,-0.0203753924797626,1.4564596855136,1.07130403370132,25.9999,0.0638624477390889,-0.5,0,5,3.51132224183,0,dp,360,2,6,5,0.995876819102567,6,0.00205898161516735,0.0296499756117114,0.995876819102567,0.0041179632303347,20,,5,,FALSE,5,FALSE,1,confident,20260507_145347_unknown_allT_DP_MB_ME_g5_sm0p5_kg0_ks0_rcpp
sp1,7,5,,5,11.6380788320208,2000-04-29,"","",tree,all,0.0381571271145179,0.372624469424891,0.406738340860665,0.00773303781512013,0.0620795782771553,-0.0203753924797626,1.4564596855136,1.07130403370132,25.9999,0.0638624477390889,-0.5,0,5,3.51132224183,0,dp,360,2,6,5,0.998109632950113,6,0.000943659502672623,0.0150738756383443,0.998109632950113,0.00188731900534525,25,,5,,FALSE,5,FALSE,1,confident,20260507_145347_unknown_allT_DP_MB_ME_g5_sm0p5_kg0_ks0_rcpp
sp1,7,5,,6,19.8509030148272,2005-06-01,"","",tree,all,0.0381571271145179,0.372624469424891,0.406738340860665,0.00773303781512013,0.0620795782771553,-0.0203753924797626,1.4564596855136,1.07130403370132,25.9999,0.0638624477390889,-0.5,0,5,3.51132224183,0,dp,360,2,6,5,0.999687002929316,6,0.000155100958050208,0.00306960719559839,0.999687002929316,0.000310201916100415,30,,5,,FALSE,5,FALSE,1,confident,20260507_145347_unknown_allT_DP_MB_ME_g5_sm0p5_kg0_ks0_rcpp
sp1,7,5,5,7,25.8835812082148,2010-03-11,"","",tree,all,0.0381571271145179,0.372624469424891,0.406738340860665,0.00773303781512013,0.0620795782771553,-0.0203753924797626,1.4564596855136,1.07130403370132,25.9999,0.0638624477390889,-0.5,0,5,3.51132224183,0,given,360,2,6,5,1,1,0,0,1,0,35,,5,,FALSE,5,FALSE,1,confident,20260507_145347_unknown_allT_DP_MB_ME_g5_sm0p5_kg0_ks0_rcpp
sp1,7,5,5,8,,2015-01-30,"","",tree,all,0.0381571271145179,0.372624469424891,0.406738340860665,0.00773303781512013,0.0620795782771553,-0.0203753924797626,1.4564596855136,1.07130403370132,25.9999,0.0638624477390889,-0.5,0,5,3.51132224183,0,given,,,,,,,,,,,40,,5,,FALSE,5,FALSE,1,,20260507_145347_unknown_allT_DP_MB_ME_g5_sm0p5_kg0_ks0_rcpp
sp1,7,5,5,9,,2020-01-31,"","",tree,all,0.0381571271145179,0.372624469424891,0.406738340860665,0.00773303781512013,0.0620795782771553,-0.0203753924797626,1.4564596855136,1.07130403370132,25.9999,0.0638624477390889,-0.5,0,5,3.51132224183,0,given,,,,,,,,,,,45,,5,,FALSE,5,FALSE,1,,20260507_145347_unknown_allT_DP_MB_ME_g5_sm0p5_kg0_ks0_rcpp
sp1,8,1,,1,12.9113134381403,1980-01-01,"","",tree,all,0.0381571271145179,0.372624469424891,0.406738340860665,0.00773303781512013,0.0620795782771553,-0.0203753924797626,1.4564596855136,1.07130403370132,25.9999,0.0638624477390889,-0.5,0,5,3.51132224183,0,dp,6,1,3,2,0.359820613062206,4,0.320089693468897,1.09705344925072,0.359820613062206,0.640179386937794,1,,2,,FALSE,2,FALSE,2,unlinked-likely,20260507_145347_unknown_allT_DP_MB_ME_g5_sm0p5_kg0_ks0_rcpp
sp1,8,1,,2,16.9218456902416,1985-01-05,"","",tree,all,0.0381571271145179,0.372624469424891,0.406738340860665,0.00773303781512013,0.0620795782771553,-0.0203753924797626,1.4564596855136,1.07130403370132,25.9999,0.0638624477390889,-0.5,0,5,3.51132224183,0,dp,6,1,3,2,0.370663129727938,4,0.314668435136031,1.09553074371218,0.370663129727938,0.629336870272062,4,,2,,FALSE,2,FALSE,2,unlinked-likely,20260507_145347_unknown_allT_DP_MB_ME_g5_sm0p5_kg0_ks0_rcpp
sp1,8,1,,3,,1990-01-10,"","",tree,all,0.0381571271145179,0.372624469424891,0.406738340860665,0.00773303781512013,0.0620795782771553,-0.0203753924797626,1.4564596855136,1.07130403370132,25.9999,0.0638624477390889,-0.5,0,5,3.51132224183,0,given_orphan,6,1,3,,,,,,,,7,,1,,FALSE,,FALSE,2,,20260507_145347_unknown_allT_DP_MB_ME_g5_sm0p5_kg0_ks0_rcpp
sp1,8,1,,4,,1995-02-25,"","",tree,all,0.0381571271145179,0.372624469424891,0.406738340860665,0.00773303781512013,0.0620795782771553,-0.0203753924797626,1.4564596855136,1.07130403370132,25.9999,0.0638624477390889,-0.5,0,5,3.51132224183,0,given_orphan,6,1,3,,,,,,,,10,,1,,FALSE,,FALSE,2,,20260507_145347_unknown_allT_DP_MB_ME_g5_sm0p5_kg0_ks0_rcpp
sp1,8,1,,5,,2000-02-06,"","",tree,all,0.0381571271145179,0.372624469424891,0.406738340860665,0.00773303781512013,0.0620795782771553,-0.0203753924797626,1.4564596855136,1.07130403370132,25.9999,0.0638624477390889,-0.5,0,5,3.51132224183,0,given_orphan,6,1,3,,,,,,,,13,,1,,FALSE,,FALSE,2,,20260507_145347_unknown_allT_DP_MB_ME_g5_sm0p5_kg0_ks0_rcpp
sp1,8,1,,6,,2005-02-19,"","",tree,all,0.0381571271145179,0.372624469424891,0.406738340860665,0.00773303781512013,0.0620795782771553,-0.0203753924797626,1.4564596855136,1.07130403370132,25.9999,0.0638624477390889,-0.5,0,5,3.51132224183,0,given_orphan,6,1,3,,,,,,,,16,,1,,FALSE,,FALSE,2,,20260507_145347_unknown_allT_DP_MB_ME_g5_sm0p5_kg0_ks0_rcpp
sp1,8,1,1,7,,2010-01-03,"","",tree,all,0.0381571271145179,0.372624469424891,0.406738340860665,0.00773303781512013,0.0620795782771553,-0.0203753924797626,1.4564596855136,1.07130403370132,25.9999,0.0638624477390889,-0.5,0,5,3.51132224183,0,given,6,1,3,,,,,,,,19,,1,,FALSE,1,FALSE,2,,20260507_145347_unknown_allT_DP_MB_ME_g5_sm0p5_kg0_ks0_rcpp
sp1,8,1,1,8,,2014-12-29,"","",tree,all,0.0381571271145179,0.372624469424891,0.406738340860665,0.00773303781512013,0.0620795782771553,-0.0203753924797626,1.4564596855136,1.07130403370132,25.9999,0.0638624477390889,-0.5,0,5,3.51132224183,0,given,,,,,,,,,,,22,,1,,FALSE,1,FALSE,2,,20260507_145347_unknown_allT_DP_MB_ME_g5_sm0p5_kg0_ks0_rcpp
sp1,8,1,1,9,,2019-10-29,"","",tree,all,0.0381571271145179,0.372624469424891,0.406738340860665,0.00773303781512013,0.0620795782771553,-0.0203753924797626,1.4564596855136,1.07130403370132,25.9999,0.0638624477390889,-0.5,0,5,3.51132224183,0,given,,,,,,,,,,,25,,1,,FALSE,1,FALSE,2,,20260507_145347_unknown_allT_DP_MB_ME_g5_sm0p5_kg0_ks0_rcpp
sp1,8,2,,1,9.34787934472869,1980-01-01,"","",tree,all,0.0381571271145179,0.372624469424891,0.406738340860665,0.00773303781512013,0.0620795782771553,-0.0203753924797626,1.4564596855136,1.07130403370132,25.9999,0.0638624477390889,-0.5,0,5,3.51132224183,0,dp,6,1,3,4,0.340289328975488,5,0.340289328975488,1.09817368978298,0.340289328975488,0.680578657950977,2,,4,,FALSE,4,FALSE,2,unlinked-likely,20260507_145347_unknown_allT_DP_MB_ME_g5_sm0p5_kg0_ks0_rcpp
sp1,8,2,,2,13.5363753007801,1985-01-05,"","",tree,all,0.0381571271145179,0.372624469424891,0.406738340860665,0.00773303781512013,0.0620795782771553,-0.0203753924797626,1.4564596855136,1.07130403370132,25.9999,0.0638624477390889,-0.5,0,5,3.51132224183,0,dp,6,1,3,4,0.336483994361559,5,0.336483994361559,1.0985226631748,0.336483994361559,0.672967988723119,5,,5,,FALSE,5,FALSE,2,unlinked-likely,20260507_145347_unknown_allT_DP_MB_ME_g5_sm0p5_kg0_ks0_rcpp
sp1,8,2,,3,21.2056358716274,1990-01-10,"","",tree,all,0.0381571271145179,0.372624469424891,0.406738340860665,0.00773303781512013,0.0620795782771553,-0.0203753924797626,1.4564596855136,1.07130403370132,25.9999,0.0638624477390889,-0.5,0,5,3.51132224183,0,dp,6,1,3,2,0.500343829573966,4,0.249828085213017,1.03948220990256,0.500343829573966,0.499656170426034,8,,2,,FALSE,2,FALSE,2,ambiguous,20260507_145347_unknown_allT_DP_MB_ME_g5_sm0p5_kg0_ks0_rcpp
sp1,8,2,,4,25.6636436363653,1995-02-25,"","",tree,all,0.0381571271145179,0.372624469424891,0.406738340860665,0.00773303781512013,0.0620795782771553,-0.0203753924797626,1.4564596855136,1.07130403370132,25.9999,0.0638624477390889,-0.5,0,5,3.51132224183,0,dp,6,1,3,2,0.492952996293599,4,0.253523501853201,1.04450605777948,0.253523501853201,0.507047003706401,11,,5,,FALSE,5,FALSE,2,unlinked-likely,20260507_145347_unknown_allT_DP_MB_ME_g5_sm0p5_kg0_ks0_rcpp
sp1,8,2,,5,32.8032730219344,2000-02-06,"","",tree,all,0.0381571271145179,0.372624469424891,0.406738340860665,0.00773303781512013,0.0620795782771553,-0.0203753924797626,1.4564596855136,1.07130403370132,25.9999,0.0638624477390889,-0.5,0,5,3.51132224183,0,dp,6,1,3,2,1,4,0,0,1,0,14,,2,,FALSE,2,FALSE,2,confident,20260507_145347_unknown_allT_DP_MB_ME_g5_sm0p5_kg0_ks0_rcpp
sp1,8,2,,6,43.4674494725463,2005-02-19,"","",tree,all,0.0381571271145179,0.372624469424891,0.406738340860665,0.00773303781512013,0.0620795782771553,-0.0203753924797626,1.4564596855136,1.07130403370132,25.9999,0.0638624477390889,-0.5,0,5,3.51132224183,0,dp,6,1,3,2,1,4,0,0,1,0,17,,2,,FALSE,2,FALSE,2,confident,20260507_145347_unknown_allT_DP_MB_ME_g5_sm0p5_kg0_ks0_rcpp
sp1,8,2,2,7,49.8299416365183,2010-01-03,"","",tree,all,0.0381571271145179,0.372624469424891,0.406738340860665,0.00773303781512013,0.0620795782771553,-0.0203753924797626,1.4564596855136,1.07130403370132,25.9999,0.0638624477390889,-0.5,0,5,3.51132224183,0,given,6,1,3,2,1,4,0,0,1,0,20,,2,,FALSE,2,FALSE,2,confident,20260507_145347_unknown_allT_DP_MB_ME_g5_sm0p5_kg0_ks0_rcpp
sp1,8,2,2,8,57.5565620446921,2014-12-29,"","",tree,all,0.0381571271145179,0.372624469424891,0.406738340860665,0.00773303781512013,0.0620795782771553,-0.0203753924797626,1.4564596855136,1.07130403370132,25.9999,0.0638624477390889,-0.5,0,5,3.51132224183,0,given,,,,,,,,,,,23,,2,,FALSE,2,FALSE,2,,20260507_145347_unknown_allT_DP_MB_ME_g5_sm0p5_kg0_ks0_rcpp
sp1,8,2,2,9,71.011106342152,2019-10-29,"","",tree,all,0.0381571271145179,0.372624469424891,0.406738340860665,0.00773303781512013,0.0620795782771553,-0.0203753924797626,1.4564596855136,1.07130403370132,25.9999,0.0638624477390889,-0.5,0,5,3.51132224183,0,given,,,,,,,,,,,26,,2,,FALSE,2,FALSE,2,,20260507_145347_unknown_allT_DP_MB_ME_g5_sm0p5_kg0_ks0_rcpp
sp1,8,3,,1,9.6391501387698,1980-01-01,"","",tree,all,0.0381571271145179,0.372624469424891,0.406738340860665,0.00773303781512013,0.0620795782771553,-0.0203753924797626,1.4564596855136,1.07130403370132,25.9999,0.0638624477390889,-0.5,0,5,3.51132224183,0,dp,6,1,3,4,0.339620977555614,5,0.339620977555614,1.09825417670279,0.339620977555614,0.679241955111229,3,,5,,FALSE,5,FALSE,2,unlinked-likely,20260507_145347_unknown_allT_DP_MB_ME_g5_sm0p5_kg0_ks0_rcpp
sp1,8,3,,2,13.2227086187878,1985-01-05,"","",tree,all,0.0381571271145179,0.372624469424891,0.406738340860665,0.00773303781512013,0.0620795782771553,-0.0203753924797626,1.4564596855136,1.07130403370132,25.9999,0.0638624477390889,-0.5,0,5,3.51132224183,0,dp,6,1,3,4,0.34884757050241,5,0.34884757050241,1.09640999393228,0.34884757050241,0.697695141004819,6,,4,,FALSE,4,FALSE,2,unlinked-likely,20260507_145347_unknown_allT_DP_MB_ME_g5_sm0p5_kg0_ks0_rcpp
sp1,8,3,,3,20.7122840895691,1990-01-10,"","",tree,all,0.0381571271145179,0.372624469424891,0.406738340860665,0.00773303781512013,0.0620795782771553,-0.0203753924797626,1.4564596855136,1.07130403370132,25.9999,0.0638624477390889,-0.5,0,5,3.51132224183,0,dp,6,1,3,2,0.499656170426034,4,0.250171914786983,1.03995885890213,0.250171914786983,0.500343829573966,9,,5,,FALSE,5,FALSE,2,unlinked-likely,20260507_145347_unknown_allT_DP_MB_ME_g5_sm0p5_kg0_ks0_rcpp
sp1,8,3,,4,27.3123688708343,1995-02-25,"","",tree,all,0.0381571271145179,0.372624469424891,0.406738340860665,0.00773303781512013,0.0620795782771553,-0.0203753924797626,1.4564596855136,1.07130403370132,25.9999,0.0638624477390889,-0.5,0,5,3.51132224183,0,dp,6,1,3,2,0.507047003706401,4,0.2464764981468,1.0347368362785,0.507047003706401,0.492952996293599,12,,2,,FALSE,2,FALSE,2,ambiguous,20260507_145347_unknown_allT_DP_MB_ME_g5_sm0p5_kg0_ks0_rcpp
sp1,8,3,,5,,2000-02-06,"","",tree,all,0.0381571271145179,0.372624469424891,0.406738340860665,0.00773303781512013,0.0620795782771553,-0.0203753924797626,1.4564596855136,1.07130403370132,25.9999,0.0638624477390889,-0.5,0,5,3.51132224183,0,given_orphan,6,1,3,,,,,,,,15,,3,,FALSE,,FALSE,2,,20260507_145347_unknown_allT_DP_MB_ME_g5_sm0p5_kg0_ks0_rcpp
sp1,8,3,,6,,2005-02-19,"","",tree,all,0.0381571271145179,0.372624469424891,0.406738340860665,0.00773303781512013,0.0620795782771553,-0.0203753924797626,1.4564596855136,1.07130403370132,25.9999,0.0638624477390889,-0.5,0,5,3.51132224183,0,given_orphan,6,1,3,,,,,,,,18,,3,,FALSE,,FALSE,2,,20260507_145347_unknown_allT_DP_MB_ME_g5_sm0p5_kg0_ks0_rcpp
sp1,8,3,3,7,,2010-01-03,"","",tree,all,0.0381571271145179,0.372624469424891,0.406738340860665,0.00773303781512013,0.0620795782771553,-0.0203753924797626,1.4564596855136,1.07130403370132,25.9999,0.0638624477390889,-0.5,0,5,3.51132224183,0,given,6,1,3,,,,,,,,21,,3,,FALSE,3,FALSE,2,,20260507_145347_unknown_allT_DP_MB_ME_g5_sm0p5_kg0_ks0_rcpp
sp1,8,3,3,8,,2014-12-29,"","",tree,all,0.0381571271145179,0.372624469424891,0.406738340860665,0.00773303781512013,0.0620795782771553,-0.0203753924797626,1.4564596855136,1.07130403370132,25.9999,0.0638624477390889,-0.5,0,5,3.51132224183,0,given,,,,,,,,,,,24,,3,,FALSE,3,FALSE,2,,20260507_145347_unknown_allT_DP_MB_ME_g5_sm0p5_kg0_ks0_rcpp
sp1,8,3,3,9,,2019-10-29,"","",tree,all,0.0381571271145179,0.372624469424891,0.406738340860665,0.00773303781512013,0.0620795782771553,-0.0203753924797626,1.4564596855136,1.07130403370132,25.9999,0.0638624477390889,-0.5,0,5,3.51132224183,0,given,,,,,,,,,,,27,,3,,FALSE,3,FALSE,2,,20260507_145347_unknown_allT_DP_MB_ME_g5_sm0p5_kg0_ks0_rcpp
sp1,9,1,,1,7.92914621295434,1980-01-01,"","",tree,all,0.0381571271145179,0.372624469424891,0.406738340860665,0.00773303781512013,0.0620795782771553,-0.0203753924797626,1.4564596855136,1.07130403370132,25.9999,0.0638624477390889,-0.5,0,5,3.51132224183,0,dp,24,6,4,3,0.498061324568259,1,0.496798126865143,0.721804287146762,0.498061324568259,0.00514054856659761,1,,3,,FALSE,3,FALSE,2,ambiguous,20260507_145347_unknown_allT_DP_MB_ME_g5_sm0p5_kg0_ks0_rcpp
sp1,9,1,,2,11.0243114082148,1984-12-25,"","",tree,all,0.0381571271145179,0.372624469424891,0.406738340860665,0.00773303781512013,0.0620795782771553,-0.0203753924797626,1.4564596855136,1.07130403370132,25.9999,0.0638624477390889,-0.5,0,5,3.51132224183,0,dp,24,6,4,3,0.501752061688324,1,0.494895923636121,0.713246977843714,0.501752061688324,0.00335201467555476,4,,3,,FALSE,3,FALSE,2,ambiguous,20260507_145347_unknown_allT_DP_MB_ME_g5_sm0p5_kg0_ks0_rcpp
sp1,9,1,,3,17.9865743749421,1990-01-11,"","",tree,all,0.0381571271145179,0.372624469424891,0.406738340860665,0.00773303781512013,0.0620795782771553,-0.0203753924797626,1.4564596855136,1.07130403370132,25.9999,0.0638624477390889,-0.5,0,5,3.51132224183,0,dp,24,6,4,3,0.508972114111969,1,0.49072958484601,0.695493647831315,0.508972114111969,0.000298301042021607,7,,3,,FALSE,3,FALSE,2,ambiguous,20260507_145347_unknown_allT_DP_MB_ME_g5_sm0p5_kg0_ks0_rcpp
sp1,9,1,,4,26.6593101294591,1995-02-13,"","",tree,all,0.0381571271145179,0.372624469424891,0.406738340860665,0.00773303781512013,0.0620795782771553,-0.0203753924797626,1.4564596855136,1.07130403370132,25.9999,0.0638624477390889,-0.5,0,5,3.51132224183,0,dp,24,6,4,1,0.547705620151908,3,0.452294379848092,0.688588597055559,0.547705620151908,0,10,,1,,FALSE,1,FALSE,2,ambiguous,20260507_145347_unknown_allT_DP_MB_ME_g5_sm0p5_kg0_ks0_rcpp
sp1,9,1,,5,33.0895221277093,2000-02-12,"","",tree,all,0.0381571271145179,0.372624469424891,0.406738340860665,0.00773303781512013,0.0620795782771553,-0.0203753924797626,1.4564596855136,1.07130403370132,25.9999,0.0638624477390889,-0.5,0,5,3.51132224183,0,dp,24,6,4,1,0.839458901131603,3,0.160541098868397,0.440566056488374,0.839458901131603,0,13,,1,,FALSE,1,FALSE,2,ambiguous,20260507_145347_unknown_allT_DP_MB_ME_g5_sm0p5_kg0_ks0_rcpp
sp1,9,1,,6,43.342397773343,2005-01-31,"","",tree,all,0.0381571271145179,0.372624469424891,0.406738340860665,0.00773303781512013,0.0620795782771553,-0.0203753924797626,1.4564596855136,1.07130403370132,25.9999,0.0638624477390889,-0.5,0,5,3.51132224183,0,dp,24,6,4,1,0.953331682146601,3,0.0466683178533987,0.188585921117442,0.953331682146601,0,16,,1,,FALSE,1,FALSE,2,confident,20260507_145347_unknown_allT_DP_MB_ME_g5_sm0p5_kg0_ks0_rcpp
sp1,9,1,1,7,49.0857381281233,2009-11-08,"","",tree,all,0.0381571271145179,0.372624469424891,0.406738340860665,0.00773303781512013,0.0620795782771553,-0.0203753924797626,1.4564596855136,1.07130403370132,25.9999,0.0638624477390889,-0.5,0,5,3.51132224183,0,given,24,6,4,1,1,2,0,0,1,0,19,,1,,FALSE,1,FALSE,2,confident,20260507_145347_unknown_allT_DP_MB_ME_g5_sm0p5_kg0_ks0_rcpp
sp1,9,1,1,8,55.675308224816,2014-10-31,"","",tree,all,0.0381571271145179,0.372624469424891,0.406738340860665,0.00773303781512013,0.0620795782771553,-0.0203753924797626,1.4564596855136,1.07130403370132,25.9999,0.0638624477390889,-0.5,0,5,3.51132224183,0,given,,,,,,,,,,,22,,1,,FALSE,1,FALSE,2,,20260507_145347_unknown_allT_DP_MB_ME_g5_sm0p5_kg0_ks0_rcpp
sp1,9,1,1,9,67.7846299770974,2019-10-03,"","",tree,all,0.0381571271145179,0.372624469424891,0.406738340860665,0.00773303781512013,0.0620795782771553,-0.0203753924797626,1.4564596855136,1.07130403370132,25.9999,0.0638624477390889,-0.5,0,5,3.51132224183,0,given,,,,,,,,,,,25,,1,,FALSE,1,FALSE,2,,20260507_145347_unknown_allT_DP_MB_ME_g5_sm0p5_kg0_ks0_rcpp
sp1,9,2,,1,,1980-01-01,"","",tree,all,0.0381571271145179,0.372624469424891,0.406738340860665,0.00773303781512013,0.0620795782771553,-0.0203753924797626,1.4564596855136,1.07130403370132,25.9999,0.0638624477390889,-0.5,0,5,3.51132224183,0,given_orphan,24,6,4,,,,,,,,2,,2,,FALSE,,FALSE,2,,20260507_145347_unknown_allT_DP_MB_ME_g5_sm0p5_kg0_ks0_rcpp
sp1,9,2,,2,,1984-12-25,"","",tree,all,0.0381571271145179,0.372624469424891,0.406738340860665,0.00773303781512013,0.0620795782771553,-0.0203753924797626,1.4564596855136,1.07130403370132,25.9999,0.0638624477390889,-0.5,0,5,3.51132224183,0,given_orphan,24,6,4,,,,,,,,5,,2,,FALSE,,FALSE,2,,20260507_145347_unknown_allT_DP_MB_ME_g5_sm0p5_kg0_ks0_rcpp
sp1,9,2,,3,,1990-01-11,"","",tree,all,0.0381571271145179,0.372624469424891,0.406738340860665,0.00773303781512013,0.0620795782771553,-0.0203753924797626,1.4564596855136,1.07130403370132,25.9999,0.0638624477390889,-0.5,0,5,3.51132224183,0,given_orphan,24,6,4,,,,,,,,8,,2,,FALSE,,FALSE,2,,20260507_145347_unknown_allT_DP_MB_ME_g5_sm0p5_kg0_ks0_rcpp
sp1,9,2,,4,,1995-02-13,"","",tree,all,0.0381571271145179,0.372624469424891,0.406738340860665,0.00773303781512013,0.0620795782771553,-0.0203753924797626,1.4564596855136,1.07130403370132,25.9999,0.0638624477390889,-0.5,0,5,3.51132224183,0,given_orphan,24,6,4,,,,,,,,11,,2,,FALSE,,FALSE,2,,20260507_145347_unknown_allT_DP_MB_ME_g5_sm0p5_kg0_ks0_rcpp
sp1,9,2,,5,,2000-02-12,"","",tree,all,0.0381571271145179,0.372624469424891,0.406738340860665,0.00773303781512013,0.0620795782771553,-0.0203753924797626,1.4564596855136,1.07130403370132,25.9999,0.0638624477390889,-0.5,0,5,3.51132224183,0,given_orphan,24,6,4,,,,,,,,14,,2,,FALSE,,FALSE,2,,20260507_145347_unknown_allT_DP_MB_ME_g5_sm0p5_kg0_ks0_rcpp
sp1,9,2,,6,0.807912745037319,2005-01-31,"","",tree,all,0.0381571271145179,0.372624469424891,0.406738340860665,0.00773303781512013,0.0620795782771553,-0.0203753924797626,1.4564596855136,1.07130403370132,25.9999,0.0638624477390889,-0.5,0,5,3.51132224183,0,dp,24,6,4,2,0.980819901879957,4,0.0191800981200429,0.0948308191594159,0.980819901879957,0.0191800981200429,17,,2,,FALSE,2,FALSE,2,confident,20260507_145347_unknown_allT_DP_MB_ME_g5_sm0p5_kg0_ks0_rcpp
sp1,9,2,2,7,2.41173534442253,2009-11-08,"","",tree,all,0.0381571271145179,0.372624469424891,0.406738340860665,0.00773303781512013,0.0620795782771553,-0.0203753924797626,1.4564596855136,1.07130403370132,25.9999,0.0638624477390889,-0.5,0,5,3.51132224183,0,given,24,6,4,2,1,1,0,0,1,0,20,,2,,FALSE,2,FALSE,2,confident,20260507_145347_unknown_allT_DP_MB_ME_g5_sm0p5_kg0_ks0_rcpp
sp1,9,2,2,8,5.22334818723685,2014-10-31,"","",tree,all,0.0381571271145179,0.372624469424891,0.406738340860665,0.00773303781512013,0.0620795782771553,-0.0203753924797626,1.4564596855136,1.07130403370132,25.9999,0.0638624477390889,-0.5,0,5,3.51132224183,0,given,,,,,,,,,,,23,,2,,FALSE,2,FALSE,2,,20260507_145347_unknown_allT_DP_MB_ME_g5_sm0p5_kg0_ks0_rcpp
sp1,9,2,2,9,12.2249187484715,2019-10-03,"","",tree,all,0.0381571271145179,0.372624469424891,0.406738340860665,0.00773303781512013,0.0620795782771553,-0.0203753924797626,1.4564596855136,1.07130403370132,25.9999,0.0638624477390889,-0.5,0,5,3.51132224183,0,given,,,,,,,,,,,26,,2,,FALSE,2,FALSE,2,,20260507_145347_unknown_allT_DP_MB_ME_g5_sm0p5_kg0_ks0_rcpp
sp1,9,3,,1,9.27777758704706,1980-01-01,"","",tree,all,0.0381571271145179,0.372624469424891,0.406738340860665,0.00773303781512013,0.0620795782771553,-0.0203753924797626,1.4564596855136,1.07130403370132,25.9999,0.0638624477390889,-0.5,0,5,3.51132224183,0,dp,24,6,4,1,0.497869968223244,3,0.496598389982244,0.723577879041067,0.497869968223244,0.0055316417945123,3,,1,,FALSE,1,FALSE,2,ambiguous,20260507_145347_unknown_allT_DP_MB_ME_g5_sm0p5_kg0_ks0_rcpp
sp1,9,3,,2,12.4155962421404,1984-12-25,"","",tree,all,0.0381571271145179,0.372624469424891,0.406738340860665,0.00773303781512013,0.0620795782771553,-0.0203753924797626,1.4564596855136,1.07130403370132,25.9999,0.0638624477390889,-0.5,0,5,3.51132224183,0,dp,24,6,4,1,0.502421887052661,3,0.495565344748918,0.706234980176458,0.502421887052661,0.00201276819842076,6,,1,,FALSE,1,FALSE,2,ambiguous,20260507_145347_unknown_allT_DP_MB_ME_g5_sm0p5_kg0_ks0_rcpp
sp1,9,3,,3,21.6317475601309,1990-01-11,"","",tree,all,0.0381571271145179,0.372624469424891,0.406738340860665,0.00773303781512013,0.0620795782771553,-0.0203753924797626,1.4564596855136,1.07130403370132,25.9999,0.0638624477390889,-0.5,0,5,3.51132224183,0,dp,24,6,4,1,0.509054515538676,3,0.490766442372558,0.69457959340081,0.509054515538676,0.000179042088766268,9,,1,,FALSE,1,FALSE,2,ambiguous,20260507_145347_unknown_allT_DP_MB_ME_g5_sm0p5_kg0_ks0_rcpp
sp1,9,3,,4,25.8329001743271,1995-02-13,"","",tree,all,0.0381571271145179,0.372624469424891,0.406738340860665,0.00773303781512013,0.0620795782771553,-0.0203753924797626,1.4564596855136,1.07130403370132,25.9999,0.0638624477390889,-0.5,0,5,3.51132224183,0,dp,24,6,4,3,0.547705620151908,1,0.452294379848092,0.688588597055559,0.547705620151908,0,12,,3,,FALSE,3,FALSE,2,ambiguous,20260507_145347_unknown_allT_DP_MB_ME_g5_sm0p5_kg0_ks0_rcpp
sp1,9,3,,5,29.8432879081441,2000-02-12,"","",tree,all,0.0381571271145179,0.372624469424891,0.406738340860665,0.00773303781512013,0.0620795782771553,-0.0203753924797626,1.4564596855136,1.07130403370132,25.9999,0.0638624477390889,-0.5,0,5,3.51132224183,0,dp,24,6,4,3,0.839458901131603,1,0.160541098868397,0.440566056488374,0.839458901131603,0,15,,3,,FALSE,3,FALSE,2,ambiguous,20260507_145347_unknown_allT_DP_MB_ME_g5_sm0p5_kg0_ks0_rcpp
sp1,9,3,,6,37.0260294004416,2005-01-31,"","",tree,all,0.0381571271145179,0.372624469424891,0.406738340860665,0.00773303781512013,0.0620795782771553,-0.0203753924797626,1.4564596855136,1.07130403370132,25.9999,0.0638624477390889,-0.5,0,5,3.51132224183,0,dp,24,6,4,3,0.953331682146601,1,0.0466683178533987,0.188585921117442,0.953331682146601,0,18,,3,,FALSE,3,FALSE,2,confident,20260507_145347_unknown_allT_DP_MB_ME_g5_sm0p5_kg0_ks0_rcpp
sp1,9,3,3,7,43.1394912258299,2009-11-08,"","",tree,all,0.0381571271145179,0.372624469424891,0.406738340860665,0.00773303781512013,0.0620795782771553,-0.0203753924797626,1.4564596855136,1.07130403370132,25.9999,0.0638624477390889,-0.5,0,5,3.51132224183,0,given,24,6,4,3,1,1,0,0,1,0,21,,3,,FALSE,3,FALSE,2,confident,20260507_145347_unknown_allT_DP_MB_ME_g5_sm0p5_kg0_ks0_rcpp
sp1,9,3,3,8,50.6334601751621,2014-10-31,"","",tree,all,0.0381571271145179,0.372624469424891,0.406738340860665,0.00773303781512013,0.0620795782771553,-0.0203753924797626,1.4564596855136,1.07130403370132,25.9999,0.0638624477390889,-0.5,0,5,3.51132224183,0,given,,,,,,,,,,,24,,3,,FALSE,3,FALSE,2,,20260507_145347_unknown_allT_DP_MB_ME_g5_sm0p5_kg0_ks0_rcpp
sp1,9,3,3,9,58.2802545184708,2019-10-03,"","",tree,all,0.0381571271145179,0.372624469424891,0.406738340860665,0.00773303781512013,0.0620795782771553,-0.0203753924797626,1.4564596855136,1.07130403370132,25.9999,0.0638624477390889,-0.5,0,5,3.51132224183,0,given,,,,,,,,,,,27,,3,,FALSE,3,FALSE,2,,20260507_145347_unknown_allT_DP_MB_ME_g5_sm0p5_kg0_ks0_rcpp
sp1,10,1,,1,3.29354277867716,1980-01-01,"","",tree,all,0.0381571271145179,0.372624469424891,0.406738340860665,0.00773303781512013,0.0620795782771553,-0.0203753924797626,1.4564596855136,1.07130403370132,25.9999,0.0638624477390889,-0.5,0,5,3.51132224183,0,dp,6,1,3,1,0.999740950476108,2,0.000259049523892001,0.00239837420767248,0.999740950476108,0,1,,1,,FALSE,1,FALSE,2,confident,20260507_145347_unknown_allT_DP_MB_ME_g5_sm0p5_kg0_ks0_rcpp
sp1,10,1,,2,5.28459951936298,1984-12-14,"","",tree,all,0.0381571271145179,0.372624469424891,0.406738340860665,0.00773303781512013,0.0620795782771553,-0.0203753924797626,1.4564596855136,1.07130403370132,25.9999,0.0638624477390889,-0.5,0,5,3.51132224183,0,dp,6,1,3,1,0.999740950476108,2,0.000259049523892001,0.00239837420767248,0.999740950476108,0,4,,1,,FALSE,1,FALSE,2,confident,20260507_145347_unknown_allT_DP_MB_ME_g5_sm0p5_kg0_ks0_rcpp
sp1,10,1,,3,10.3394765659614,1989-12-13,"","",tree,all,0.0381571271145179,0.372624469424891,0.406738340860665,0.00773303781512013,0.0620795782771553,-0.0203753924797626,1.4564596855136,1.07130403370132,25.9999,0.0638624477390889,-0.5,0,5,3.51132224183,0,dp,6,1,3,1,1,2,0,0,1,0,7,,1,,FALSE,1,FALSE,2,confident,20260507_145347_unknown_allT_DP_MB_ME_g5_sm0p5_kg0_ks0_rcpp
sp1,10,1,,4,15.0711148797875,1994-11-25,"","",tree,all,0.0381571271145179,0.372624469424891,0.406738340860665,0.00773303781512013,0.0620795782771553,-0.0203753924797626,1.4564596855136,1.07130403370132,25.9999,0.0638624477390889,-0.5,0,5,3.51132224183,0,dp,6,1,3,1,1,2,0,0,1,0,10,,1,,FALSE,1,FALSE,2,confident,20260507_145347_unknown_allT_DP_MB_ME_g5_sm0p5_kg0_ks0_rcpp
sp1,10,1,,5,19.5450936331484,2000-01-16,"","",tree,all,0.0381571271145179,0.372624469424891,0.406738340860665,0.00773303781512013,0.0620795782771553,-0.0203753924797626,1.4564596855136,1.07130403370132,25.9999,0.0638624477390889,-0.5,0,5,3.51132224183,0,dp,6,1,3,1,1,2,0,0,1,0,13,,1,,FALSE,1,FALSE,2,confident,20260507_145347_unknown_allT_DP_MB_ME_g5_sm0p5_kg0_ks0_rcpp
sp1,10,1,,6,25.143143497749,2004-12-09,"","",tree,all,0.0381571271145179,0.372624469424891,0.406738340860665,0.00773303781512013,0.0620795782771553,-0.0203753924797626,1.4564596855136,1.07130403370132,25.9999,0.0638624477390889,-0.5,0,5,3.51132224183,0,dp,6,1,3,1,1,2,0,0,1,0,16,,1,,FALSE,1,FALSE,2,confident,20260507_145347_unknown_allT_DP_MB_ME_g5_sm0p5_kg0_ks0_rcpp
sp1,10,1,1,7,30.5484178417523,2009-12-16,"","",tree,all,0.0381571271145179,0.372624469424891,0.406738340860665,0.00773303781512013,0.0620795782771553,-0.0203753924797626,1.4564596855136,1.07130403370132,25.9999,0.0638624477390889,-0.5,0,5,3.51132224183,0,given,6,1,3,1,1,2,0,0,1,0,19,,1,,FALSE,1,FALSE,2,confident,20260507_145347_unknown_allT_DP_MB_ME_g5_sm0p5_kg0_ks0_rcpp
sp1,10,1,1,8,36.251181918132,2015-01-11,"","",tree,all,0.0381571271145179,0.372624469424891,0.406738340860665,0.00773303781512013,0.0620795782771553,-0.0203753924797626,1.4564596855136,1.07130403370132,25.9999,0.0638624477390889,-0.5,0,5,3.51132224183,0,given,,,,,,,,,,,22,,1,,FALSE,1,FALSE,2,,20260507_145347_unknown_allT_DP_MB_ME_g5_sm0p5_kg0_ks0_rcpp
sp1,10,1,1,9,45.9571641768611,2020-01-12,"","",tree,all,0.0381571271145179,0.372624469424891,0.406738340860665,0.00773303781512013,0.0620795782771553,-0.0203753924797626,1.4564596855136,1.07130403370132,25.9999,0.0638624477390889,-0.5,0,5,3.51132224183,0,given,,,,,,,,,,,25,,1,,FALSE,1,FALSE,2,,20260507_145347_unknown_allT_DP_MB_ME_g5_sm0p5_kg0_ks0_rcpp
sp1,10,2,,1,7.95099179777898,1980-01-01,"","",tree,all,0.0381571271145179,0.372624469424891,0.406738340860665,0.00773303781512013,0.0620795782771553,-0.0203753924797626,1.4564596855136,1.07130403370132,25.9999,0.0638624477390889,-0.5,0,5,3.51132224183,0,dp,6,1,3,2,0.999740950476108,1,0.000259049523892001,0.00239837420767248,0.999740950476108,0,2,,2,,FALSE,2,FALSE,2,confident,20260507_145347_unknown_allT_DP_MB_ME_g5_sm0p5_kg0_ks0_rcpp
sp1,10,2,,2,12.7878981550553,1984-12-14,"","",tree,all,0.0381571271145179,0.372624469424891,0.406738340860665,0.00773303781512013,0.0620795782771553,-0.0203753924797626,1.4564596855136,1.07130403370132,25.9999,0.0638624477390889,-0.5,0,5,3.51132224183,0,dp,6,1,3,2,0.999740950476108,1,0.000259049523892001,0.00239837420767248,0.999740950476108,0,5,,2,,FALSE,2,FALSE,2,confident,20260507_145347_unknown_allT_DP_MB_ME_g5_sm0p5_kg0_ks0_rcpp
sp1,10,2,,3,21.8555765102022,1989-12-13,"","",tree,all,0.0381571271145179,0.372624469424891,0.406738340860665,0.00773303781512013,0.0620795782771553,-0.0203753924797626,1.4564596855136,1.07130403370132,25.9999,0.0638624477390889,-0.5,0,5,3.51132224183,0,dp,6,1,3,2,1,1,0,0,1,0,8,,2,,FALSE,2,FALSE,2,confident,20260507_145347_unknown_allT_DP_MB_ME_g5_sm0p5_kg0_ks0_rcpp
sp1,10,2,,4,26.6360052957308,1994-11-25,"","",tree,all,0.0381571271145179,0.372624469424891,0.406738340860665,0.00773303781512013,0.0620795782771553,-0.0203753924797626,1.4564596855136,1.07130403370132,25.9999,0.0638624477390889,-0.5,0,5,3.51132224183,0,dp,6,1,3,2,1,1,0,0,1,0,11,,2,,FALSE,2,FALSE,2,confident,20260507_145347_unknown_allT_DP_MB_ME_g5_sm0p5_kg0_ks0_rcpp
sp1,10,2,,5,30.2687315973819,2000-01-16,"","",tree,all,0.0381571271145179,0.372624469424891,0.406738340860665,0.00773303781512013,0.0620795782771553,-0.0203753924797626,1.4564596855136,1.07130403370132,25.9999,0.0638624477390889,-0.5,0,5,3.51132224183,0,dp,6,1,3,2,1,1,0,0,1,0,14,,2,,FALSE,2,FALSE,2,confident,20260507_145347_unknown_allT_DP_MB_ME_g5_sm0p5_kg0_ks0_rcpp
sp1,10,2,,6,38.4923865280134,2004-12-09,"","",tree,all,0.0381571271145179,0.372624469424891,0.406738340860665,0.00773303781512013,0.0620795782771553,-0.0203753924797626,1.4564596855136,1.07130403370132,25.9999,0.0638624477390889,-0.5,0,5,3.51132224183,0,dp,6,1,3,2,1,1,0,0,1,0,17,,2,,FALSE,2,FALSE,2,confident,20260507_145347_unknown_allT_DP_MB_ME_g5_sm0p5_kg0_ks0_rcpp
sp1,10,2,2,7,41.1246960374901,2009-12-16,"","",tree,all,0.0381571271145179,0.372624469424891,0.406738340860665,0.00773303781512013,0.0620795782771553,-0.0203753924797626,1.4564596855136,1.07130403370132,25.9999,0.0638624477390889,-0.5,0,5,3.51132224183,0,given,6,1,3,2,1,1,0,0,1,0,20,,2,,FALSE,2,FALSE,2,confident,20260507_145347_unknown_allT_DP_MB_ME_g5_sm0p5_kg0_ks0_rcpp
sp1,10,2,2,8,44.3808875369546,2015-01-11,"","",tree,all,0.0381571271145179,0.372624469424891,0.406738340860665,0.00773303781512013,0.0620795782771553,-0.0203753924797626,1.4564596855136,1.07130403370132,25.9999,0.0638624477390889,-0.5,0,5,3.51132224183,0,given,,,,,,,,,,,23,,2,,FALSE,2,FALSE,2,,20260507_145347_unknown_allT_DP_MB_ME_g5_sm0p5_kg0_ks0_rcpp
sp1,10,2,2,9,50.3646856072452,2020-01-12,"","",tree,all,0.0381571271145179,0.372624469424891,0.406738340860665,0.00773303781512013,0.0620795782771553,-0.0203753924797626,1.4564596855136,1.07130403370132,25.9999,0.0638624477390889,-0.5,0,5,3.51132224183,0,given,,,,,,,,,,,26,,2,,FALSE,2,FALSE,2,,20260507_145347_unknown_allT_DP_MB_ME_g5_sm0p5_kg0_ks0_rcpp
sp1,10,3,,1,21.9926534085618,1980-01-01,"","",tree,all,0.0381571271145179,0.372624469424891,0.406738340860665,0.00773303781512013,0.0620795782771553,-0.0203753924797626,1.4564596855136,1.07130403370132,25.9999,0.0638624477390889,-0.5,0,5,3.51132224183,0,dp,6,1,3,4,1,1,0,0,1,1,3,,4,,FALSE,4,FALSE,2,unlinked-likely,20260507_145347_unknown_allT_DP_MB_ME_g5_sm0p5_kg0_ks0_rcpp
sp1,10,3,,2,28.8301139870804,1984-12-14,"","",tree,all,0.0381571271145179,0.372624469424891,0.406738340860665,0.00773303781512013,0.0620795782771553,-0.0203753924797626,1.4564596855136,1.07130403370132,25.9999,0.0638624477390889,-0.5,0,5,3.51132224183,0,dp,6,1,3,4,1,1,0,0,1,1,6,,4,,FALSE,4,FALSE,2,unlinked-likely,20260507_145347_unknown_allT_DP_MB_ME_g5_sm0p5_kg0_ks0_rcpp
sp1,10,3,,3,34.9618941661852,1989-12-13,"","",tree,all,0.0381571271145179,0.372624469424891,0.406738340860665,0.00773303781512013,0.0620795782771553,-0.0203753924797626,1.4564596855136,1.07130403370132,25.9999,0.0638624477390889,-0.5,0,5,3.51132224183,0,dp,6,1,3,4,1,1,0,0,1,1,9,,4,,FALSE,4,FALSE,2,unlinked-likely,20260507_145347_unknown_allT_DP_MB_ME_g5_sm0p5_kg0_ks0_rcpp
sp1,10,3,,4,,1994-11-25,"","",tree,all,0.0381571271145179,0.372624469424891,0.406738340860665,0.00773303781512013,0.0620795782771553,-0.0203753924797626,1.4564596855136,1.07130403370132,25.9999,0.0638624477390889,-0.5,0,5,3.51132224183,0,given_orphan,6,1,3,,,,,,,,12,,3,,FALSE,,FALSE,2,,20260507_145347_unknown_allT_DP_MB_ME_g5_sm0p5_kg0_ks0_rcpp
sp1,10,3,,5,,2000-01-16,"","",tree,all,0.0381571271145179,0.372624469424891,0.406738340860665,0.00773303781512013,0.0620795782771553,-0.0203753924797626,1.4564596855136,1.07130403370132,25.9999,0.0638624477390889,-0.5,0,5,3.51132224183,0,given_orphan,6,1,3,,,,,,,,15,,3,,FALSE,,FALSE,2,,20260507_145347_unknown_allT_DP_MB_ME_g5_sm0p5_kg0_ks0_rcpp
sp1,10,3,,6,,2004-12-09,"","",tree,all,0.0381571271145179,0.372624469424891,0.406738340860665,0.00773303781512013,0.0620795782771553,-0.0203753924797626,1.4564596855136,1.07130403370132,25.9999,0.0638624477390889,-0.5,0,5,3.51132224183,0,given_orphan,6,1,3,,,,,,,,18,,3,,FALSE,,FALSE,2,,20260507_145347_unknown_allT_DP_MB_ME_g5_sm0p5_kg0_ks0_rcpp
sp1,10,3,3,7,,2009-12-16,"","",tree,all,0.0381571271145179,0.372624469424891,0.406738340860665,0.00773303781512013,0.0620795782771553,-0.0203753924797626,1.4564596855136,1.07130403370132,25.9999,0.0638624477390889,-0.5,0,5,3.51132224183,0,given,6,1,3,,,,,,,,21,,3,,FALSE,3,FALSE,2,,20260507_145347_unknown_allT_DP_MB_ME_g5_sm0p5_kg0_ks0_rcpp
sp1,10,3,3,8,,2015-01-11,"","",tree,all,0.0381571271145179,0.372624469424891,0.406738340860665,0.00773303781512013,0.0620795782771553,-0.0203753924797626,1.4564596855136,1.07130403370132,25.9999,0.0638624477390889,-0.5,0,5,3.51132224183,0,given,,,,,,,,,,,24,,3,,FALSE,3,FALSE,2,,20260507_145347_unknown_allT_DP_MB_ME_g5_sm0p5_kg0_ks0_rcpp
sp1,10,3,3,9,,2020-01-12,"","",tree,all,0.0381571271145179,0.372624469424891,0.406738340860665,0.00773303781512013,0.0620795782771553,-0.0203753924797626,1.4564596855136,1.07130403370132,25.9999,0.0638624477390889,-0.5,0,5,3.51132224183,0,given,,,,,,,,,,,27,,3,,FALSE,3,FALSE,2,,20260507_145347_unknown_allT_DP_MB_ME_g5_sm0p5_kg0_ks0_rcpp
sp2,11,1,,1,8.63967870031078,1980-01-01,"","",tree,all,0.0381571271145179,0.372624469424891,0.406738340860665,0.00773303781512013,0.0620795782771553,-0.0203753924797626,1.4564596855136,1.07130403370132,25.9999,0.0638624477390889,-0.5,0,5,3.51132224183,0,dp,5040,2,7,8,0.287213003972031,7,0.287213003972031,1.34858647201444,0.287213003972031,0.861639011916092,1,,7,,FALSE,7,FALSE,2,unlinked-likely,20260507_145347_unknown_allT_DP_MB_ME_g5_sm0p5_kg0_ks0_rcpp
sp2,11,1,,2,16.3972876824508,1985-03-18,"","",tree,all,0.0381571271145179,0.372624469424891,0.406738340860665,0.00773303781512013,0.0620795782771553,-0.0203753924797626,1.4564596855136,1.07130403370132,25.9999,0.0638624477390889,-0.5,0,5,3.51132224183,0,dp,5040,2,7,7,0.29560554285977,8,0.29560554285977,1.32738830056457,0.29560554285977,0.886816628579307,7,,7,,FALSE,7,FALSE,2,unlinked-likely,20260507_145347_unknown_allT_DP_MB_ME_g5_sm0p5_kg0_ks0_rcpp
sp2,11,1,,3,20.802903858435,1990-01-29,"","",tree,all,0.0381571271145179,0.372624469424891,0.406738340860665,0.00773303781512013,0.0620795782771553,-0.0203753924797626,1.4564596855136,1.07130403370132,25.9999,0.0638624477390889,-0.5,0,5,3.51132224183,0,dp,5040,2,7,8,0.300647379295262,7,0.300647379295262,1.31167929986115,0.300647379295262,0.901942137885784,13,,7,,FALSE,7,FALSE,2,unlinked-likely,20260507_145347_unknown_allT_DP_MB_ME_g5_sm0p5_kg0_ks0_rcpp
sp2,11,1,,4,23.520241619974,1994-12-23,"","",tree,all,0.0381571271145179,0.372624469424891,0.406738340860665,0.00773303781512013,0.0620795782771553,-0.0203753924797626,1.4564596855136,1.07130403370132,25.9999,0.0638624477390889,-0.5,0,5,3.51132224183,0,dp,5040,2,7,8,0.300654853116452,7,0.300654853116452,1.31165417645175,0.300654853116452,0.901964559349353,19,,7,,FALSE,7,FALSE,2,unlinked-likely,20260507_145347_unknown_allT_DP_MB_ME_g5_sm0p5_kg0_ks0_rcpp
sp2,11,1,,5,29.2894766065592,2000-01-16,"","",tree,all,0.0381571271145179,0.372624469424891,0.406738340860665,0.00773303781512013,0.0620795782771553,-0.0203753924797626,1.4564596855136,1.07130403370132,25.9999,0.0638624477390889,-0.5,0,5,3.51132224183,0,dp,5040,2,7,7,0.300654848026599,8,0.300654848026599,1.31165419356333,0.300654848026599,0.901964544079796,25,,7,,FALSE,7,FALSE,2,unlinked-likely,20260507_145347_unknown_allT_DP_MB_ME_g5_sm0p5_kg0_ks0_rcpp
sp2,11,1,,6,36.3130124456552,2004-12-04,"","",tree,all,0.0381571271145179,0.372624469424891,0.406738340860665,0.00773303781512013,0.0620795782771553,-0.0203753924797626,1.4564596855136,1.07130403370132,25.9999,0.0638624477390889,-0.5,0,5,3.51132224183,0,dp,5040,2,7,7,0.300654848026599,8,0.300654848026599,1.31165419356333,0.300654848026599,0.901964544079796,31,,7,,FALSE,7,FALSE,2,unlinked-likely,20260507_145347_unknown_allT_DP_MB_ME_g5_sm0p5_kg0_ks0_rcpp
sp2,11,1,1,7,,2009-09-03,"","",tree,all,0.0381571271145179,0.372624469424891,0.406738340860665,0.00773303781512013,0.0620795782771553,-0.0203753924797626,1.4564596855136,1.07130403370132,25.9999,0.0638624477390889,-0.5,0,5,3.51132224183,0,given,5040,2,7,,,,,,,,37,,1,,FALSE,1,FALSE,2,,20260507_145347_unknown_allT_DP_MB_ME_g5_sm0p5_kg0_ks0_rcpp
sp2,11,1,1,8,,2014-08-02,"","",tree,all,0.0381571271145179,0.372624469424891,0.406738340860665,0.00773303781512013,0.0620795782771553,-0.0203753924797626,1.4564596855136,1.07130403370132,25.9999,0.0638624477390889,-0.5,0,5,3.51132224183,0,given,,,,,,,,,,,43,,1,,FALSE,1,FALSE,2,,20260507_145347_unknown_allT_DP_MB_ME_g5_sm0p5_kg0_ks0_rcpp
sp2,11,1,1,9,,2019-08-10,"","",tree,all,0.0381571271145179,0.372624469424891,0.406738340860665,0.00773303781512013,0.0620795782771553,-0.0203753924797626,1.4564596855136,1.07130403370132,25.9999,0.0638624477390889,-0.5,0,5,3.51132224183,0,given,,,,,,,,,,,49,,1,,FALSE,1,FALSE,2,,20260507_145347_unknown_allT_DP_MB_ME_g5_sm0p5_kg0_ks0_rcpp
sp2,11,2,,1,,1980-01-01,"","",tree,all,0.0381571271145179,0.372624469424891,0.406738340860665,0.00773303781512013,0.0620795782771553,-0.0203753924797626,1.4564596855136,1.07130403370132,25.9999,0.0638624477390889,-0.5,0,5,3.51132224183,0,given_orphan,5040,2,7,,,,,,,,2,,2,,FALSE,,FALSE,2,,20260507_145347_unknown_allT_DP_MB_ME_g5_sm0p5_kg0_ks0_rcpp
sp2,11,2,,2,0.735043093518295,1985-03-18,"","",tree,all,0.0381571271145179,0.372624469424891,0.406738340860665,0.00773303781512013,0.0620795782771553,-0.0203753924797626,1.4564596855136,1.07130403370132,25.9999,0.0638624477390889,-0.5,0,5,3.51132224183,0,dp,5040,2,7,2,0.483057897340077,3,0.482603048614805,0.856587644955333,0.482603048614805,0.0343389316577846,8,,3,,FALSE,3,FALSE,2,ambiguous,20260507_145347_unknown_allT_DP_MB_ME_g5_sm0p5_kg0_ks0_rcpp
sp2,11,2,,3,2.39936804112311,1990-01-29,"","",tree,all,0.0381571271145179,0.372624469424891,0.406738340860665,0.00773303781512013,0.0620795782771553,-0.0203753924797626,1.4564596855136,1.07130403370132,25.9999,0.0638624477390889,-0.5,0,5,3.51132224183,0,dp,5040,2,7,2,0.493494015017412,3,0.493033250257029,0.770020502678441,0.493494015017412,0.0134726602392188,14,,2,,FALSE,2,FALSE,2,ambiguous,20260507_145347_unknown_allT_DP_MB_ME_g5_sm0p5_kg0_ks0_rcpp
sp2,11,2,,4,5.24686300672238,1994-12-23,"","",tree,all,0.0381571271145179,0.372624469424891,0.406738340860665,0.00773303781512013,0.0620795782771553,-0.0203753924797626,1.4564596855136,1.07130403370132,25.9999,0.0638624477390889,-0.5,0,5,3.51132224183,0,dp,5040,2,7,2,0.498363984832197,3,0.49565663147866,0.732140586619279,0.498363984832197,0.00597937569368525,20,,2,,FALSE,2,FALSE,2,ambiguous,20260507_145347_unknown_allT_DP_MB_ME_g5_sm0p5_kg0_ks0_rcpp
sp2,11,2,,5,10.0020771546501,2000-01-16,"","",tree,all,0.0381571271145179,0.372624469424891,0.406738340860665,0.00773303781512013,0.0620795782771553,-0.0203753924797626,1.4564596855136,1.07130403370132,25.9999,0.0638624477390889,-0.5,0,5,3.51132224183,0,dp,5040,2,7,2,0.583220382712291,3,0.414179957174943,0.697877732772598,0.583220382712291,0.00259966011276626,26,,2,,FALSE,2,FALSE,2,ambiguous,20260507_145347_unknown_allT_DP_MB_ME_g5_sm0p5_kg0_ks0_rcpp
sp2,11,2,,6,14.3609051585543,2004-12-04,"","",tree,all,0.0381571271145179,0.372624469424891,0.406738340860665,0.00773303781512013,0.0620795782771553,-0.0203753924797626,1.4564596855136,1.07130403370132,25.9999,0.0638624477390889,-0.5,0,5,3.51132224183,0,dp,5040,2,7,2,0.985234577044247,3,0.0140120031935968,0.0807023479027907,0.985234577044247,0.000753419762156185,32,,2,,FALSE,2,FALSE,2,confident,20260507_145347_unknown_allT_DP_MB_ME_g5_sm0p5_kg0_ks0_rcpp
sp2,11,2,2,7,18.9358063489459,2009-09-03,"","",tree,all,0.0381571271145179,0.372624469424891,0.406738340860665,0.00773303781512013,0.0620795782771553,-0.0203753924797626,1.4564596855136,1.07130403370132,25.9999,0.0638624477390889,-0.5,0,5,3.51132224183,0,given,5040,2,7,2,1,3,0,0,1,0,38,,2,,FALSE,2,FALSE,2,confident,20260507_145347_unknown_allT_DP_MB_ME_g5_sm0p5_kg0_ks0_rcpp
sp2,11,2,2,8,26.2118186284195,2014-08-02,"","",tree,all,0.0381571271145179,0.372624469424891,0.406738340860665,0.00773303781512013,0.0620795782771553,-0.0203753924797626,1.4564596855136,1.07130403370132,25.9999,0.0638624477390889,-0.5,0,5,3.51132224183,0,given,,,,,,,,,,,44,,2,,FALSE,2,FALSE,2,,20260507_145347_unknown_allT_DP_MB_ME_g5_sm0p5_kg0_ks0_rcpp
sp2,11,2,2,9,32.913241860832,2019-08-10,"","",tree,all,0.0381571271145179,0.372624469424891,0.406738340860665,0.00773303781512013,0.0620795782771553,-0.0203753924797626,1.4564596855136,1.07130403370132,25.9999,0.0638624477390889,-0.5,0,5,3.51132224183,0,given,,,,,,,,,,,50,,2,,FALSE,2,FALSE,2,,20260507_145347_unknown_allT_DP_MB_ME_g5_sm0p5_kg0_ks0_rcpp
sp2,11,3,,1,,1980-01-01,"","",tree,all,0.0381571271145179,0.372624469424891,0.406738340860665,0.00773303781512013,0.0620795782771553,-0.0203753924797626,1.4564596855136,1.07130403370132,25.9999,0.0638624477390889,-0.5,0,5,3.51132224183,0,given_orphan,5040,2,7,,,,,,,,3,,3,,FALSE,,FALSE,2,,20260507_145347_unknown_allT_DP_MB_ME_g5_sm0p5_kg0_ks0_rcpp
sp2,11,3,,2,0.60720382881204,1985-03-18,"","",tree,all,0.0381571271145179,0.372624469424891,0.406738340860665,0.00773303781512013,0.0620795782771553,-0.0203753924797626,1.4564596855136,1.07130403370132,25.9999,0.0638624477390889,-0.5,0,5,3.51132224183,0,dp,5040,2,7,2,0.479981384613273,3,0.479526502074071,0.879071697987517,0.479981384613273,0.0404919932123162,9,,2,,FALSE,2,FALSE,2,ambiguous,20260507_145347_unknown_allT_DP_MB_ME_g5_sm0p5_kg0_ks0_rcpp
sp2,11,3,,3,2.45614292618024,1990-01-29,"","",tree,all,0.0381571271145179,0.372624469424891,0.406738340860665,0.00773303781512013,0.0620795782771553,-0.0203753924797626,1.4564596855136,1.07130403370132,25.9999,0.0638624477390889,-0.5,0,5,3.51132224183,0,dp,5040,2,7,2,0.493583083843471,3,0.493134119983805,0.769126654528213,0.493134119983805,0.0132827189584218,15,,3,,FALSE,3,FALSE,2,ambiguous,20260507_145347_unknown_allT_DP_MB_ME_g5_sm0p5_kg0_ks0_rcpp
sp2,11,3,,4,5.48599239441878,1994-12-23,"","",tree,all,0.0381571271145179,0.372624469424891,0.406738340860665,0.00773303781512013,0.0620795782771553,-0.0203753924797626,1.4564596855136,1.07130403370132,25.9999,0.0638624477390889,-0.5,0,5,3.51132224183,0,dp,5040,2,7,3,0.498062088720316,2,0.496264355881072,0.73044681879347,0.498062088720316,0.0056735463243666,21,,3,,FALSE,3,FALSE,2,ambiguous,20260507_145347_unknown_allT_DP_MB_ME_g5_sm0p5_kg0_ks0_rcpp
sp2,11,3,,5,10.4431714731393,2000-01-16,"","",tree,all,0.0381571271145179,0.372624469424891,0.406738340860665,0.00773303781512013,0.0620795782771553,-0.0203753924797626,1.4564596855136,1.07130403370132,25.9999,0.0638624477390889,-0.5,0,5,3.51132224183,0,dp,5040,2,7,3,0.58289694266994,2,0.414740697702465,0.696512756743174,0.58289694266994,0.00236235962759545,27,,3,,FALSE,3,FALSE,2,ambiguous,20260507_145347_unknown_allT_DP_MB_ME_g5_sm0p5_kg0_ks0_rcpp
sp2,11,3,,6,18.4029569931739,2004-12-04,"","",tree,all,0.0381571271145179,0.372624469424891,0.406738340860665,0.00773303781512013,0.0620795782771553,-0.0203753924797626,1.4564596855136,1.07130403370132,25.9999,0.0638624477390889,-0.5,0,5,3.51132224183,0,dp,5040,2,7,3,0.985479960902453,2,0.0140592427831199,0.078415731532071,0.985479960902453,0.00046079631442689,33,,3,,FALSE,3,FALSE,2,confident,20260507_145347_unknown_allT_DP_MB_ME_g5_sm0p5_kg0_ks0_rcpp
sp2,11,3,3,7,25.8914910608487,2009-09-03,"","",tree,all,0.0381571271145179,0.372624469424891,0.406738340860665,0.00773303781512013,0.0620795782771553,-0.0203753924797626,1.4564596855136,1.07130403370132,25.9999,0.0638624477390889,-0.5,0,5,3.51132224183,0,given,5040,2,7,3,1,2,0,0,1,0,39,,3,,FALSE,3,FALSE,2,confident,20260507_145347_unknown_allT_DP_MB_ME_g5_sm0p5_kg0_ks0_rcpp
sp2,11,3,3,8,33.3171192662001,2014-08-02,"","",tree,all,0.0381571271145179,0.372624469424891,0.406738340860665,0.00773303781512013,0.0620795782771553,-0.0203753924797626,1.4564596855136,1.07130403370132,25.9999,0.0638624477390889,-0.5,0,5,3.51132224183,0,given,,,,,,,,,,,45,,3,,FALSE,3,FALSE,2,,20260507_145347_unknown_allT_DP_MB_ME_g5_sm0p5_kg0_ks0_rcpp
sp2,11,3,3,9,42.0588954408295,2019-08-10,"","",tree,all,0.0381571271145179,0.372624469424891,0.406738340860665,0.00773303781512013,0.0620795782771553,-0.0203753924797626,1.4564596855136,1.07130403370132,25.9999,0.0638624477390889,-0.5,0,5,3.51132224183,0,given,,,,,,,,,,,51,,3,,FALSE,3,FALSE,2,,20260507_145347_unknown_allT_DP_MB_ME_g5_sm0p5_kg0_ks0_rcpp
sp2,11,4,,1,40.0598513863198,1980-01-01,"","",tree,all,0.0381571271145179,0.372624469424891,0.406738340860665,0.00773303781512013,0.0620795782771553,-0.0203753924797626,1.4564596855136,1.07130403370132,25.9999,0.0638624477390889,-0.5,0,5,3.51132224183,0,dp,5040,2,7,4,0.999134486507025,8,0.000288504497658326,0.00791976610476255,0.999134486507025,0.000865513492974977,4,,4,,FALSE,4,FALSE,2,confident,20260507_145347_unknown_allT_DP_MB_ME_g5_sm0p5_kg0_ks0_rcpp
sp2,11,4,,2,41.4333645136836,1985-03-18,"","",tree,all,0.0381571271145179,0.372624469424891,0.406738340860665,0.00773303781512013,0.0620795782771553,-0.0203753924797626,1.4564596855136,1.07130403370132,25.9999,0.0638624477390889,-0.5,0,5,3.51132224183,0,dp,5040,2,7,4,0.999134576482083,8,0.000288474505972271,0.00791903280929657,0.999134576482083,0.000865423517916812,10,,4,,FALSE,4,FALSE,2,confident,20260507_145347_unknown_allT_DP_MB_ME_g5_sm0p5_kg0_ks0_rcpp
sp2,11,4,,3,47.6929905982634,1990-01-29,"","",tree,all,0.0381571271145179,0.372624469424891,0.406738340860665,0.00773303781512013,0.0620795782771553,-0.0203753924797626,1.4564596855136,1.07130403370132,25.9999,0.0638624477390889,-0.5,0,5,3.51132224183,0,dp,5040,2,7,4,0.99913461573162,7,0.000288461422793484,0.00791871292319101,0.99913461573162,0.000865384268380453,16,,4,,FALSE,4,FALSE,2,confident,20260507_145347_unknown_allT_DP_MB_ME_g5_sm0p5_kg0_ks0_rcpp
sp2,11,4,,4,57.7284110009167,1994-12-23,"","",tree,all,0.0381571271145179,0.372624469424891,0.406738340860665,0.00773303781512013,0.0620795782771553,-0.0203753924797626,1.4564596855136,1.07130403370132,25.9999,0.0638624477390889,-0.5,0,5,3.51132224183,0,dp,5040,2,7,4,1,2,0,0,1,0,22,,4,,FALSE,4,FALSE,2,confident,20260507_145347_unknown_allT_DP_MB_ME_g5_sm0p5_kg0_ks0_rcpp
sp2,11,4,,5,73.4295527586944,2000-01-16,"","",tree,all,0.0381571271145179,0.372624469424891,0.406738340860665,0.00773303781512013,0.0620795782771553,-0.0203753924797626,1.4564596855136,1.07130403370132,25.9999,0.0638624477390889,-0.5,0,5,3.51132224183,0,dp,5040,2,7,4,1,2,0,0,1,0,28,,4,,FALSE,4,FALSE,2,confident,20260507_145347_unknown_allT_DP_MB_ME_g5_sm0p5_kg0_ks0_rcpp
sp2,11,4,,6,73.4295527586944,2004-12-04,"","",tree,all,0.0381571271145179,0.372624469424891,0.406738340860665,0.00773303781512013,0.0620795782771553,-0.0203753924797626,1.4564596855136,1.07130403370132,25.9999,0.0638624477390889,-0.5,0,5,3.51132224183,0,dp,5040,2,7,4,1,2,0,0,1,0,34,,4,,FALSE,4,FALSE,2,confident,20260507_145347_unknown_allT_DP_MB_ME_g5_sm0p5_kg0_ks0_rcpp
sp2,11,4,4,7,80.3682574882728,2009-09-03,"","",tree,all,0.0381571271145179,0.372624469424891,0.406738340860665,0.00773303781512013,0.0620795782771553,-0.0203753924797626,1.4564596855136,1.07130403370132,25.9999,0.0638624477390889,-0.5,0,5,3.51132224183,0,given,5040,2,7,4,1,2,0,0,1,0,40,,4,,FALSE,4,FALSE,2,confident,20260507_145347_unknown_allT_DP_MB_ME_g5_sm0p5_kg0_ks0_rcpp
sp2,11,4,4,8,89.5816922462197,2014-08-02,"","",tree,all,0.0381571271145179,0.372624469424891,0.406738340860665,0.00773303781512013,0.0620795782771553,-0.0203753924797626,1.4564596855136,1.07130403370132,25.9999,0.0638624477390889,-0.5,0,5,3.51132224183,0,given,,,,,,,,,,,46,,4,,FALSE,4,FALSE,2,,20260507_145347_unknown_allT_DP_MB_ME_g5_sm0p5_kg0_ks0_rcpp
sp2,11,4,4,9,106.674208727774,2019-08-10,"","",tree,all,0.0381571271145179,0.372624469424891,0.406738340860665,0.00773303781512013,0.0620795782771553,-0.0203753924797626,1.4564596855136,1.07130403370132,25.9999,0.0638624477390889,-0.5,0,5,3.51132224183,0,given,,,,,,,,,,,52,,4,,FALSE,4,FALSE,2,,20260507_145347_unknown_allT_DP_MB_ME_g5_sm0p5_kg0_ks0_rcpp
sp2,11,5,,1,21.8622947606904,1980-01-01,"","",tree,all,0.0381571271145179,0.372624469424891,0.406738340860665,0.00773303781512013,0.0620795782771553,-0.0203753924797626,1.4564596855136,1.07130403370132,25.9999,0.0638624477390889,-0.5,0,5,3.51132224183,0,dp,5040,2,7,9,0.311209095117921,7,0.311209095117921,1.27445265665346,0.311209095117921,0.933627285353764,5,,8,,FALSE,8,FALSE,2,unlinked-likely,20260507_145347_unknown_allT_DP_MB_ME_g5_sm0p5_kg0_ks0_rcpp
sp2,11,5,,2,30.3698561296652,1985-03-18,"","",tree,all,0.0381571271145179,0.372624469424891,0.406738340860665,0.00773303781512013,0.0620795782771553,-0.0203753924797626,1.4564596855136,1.07130403370132,25.9999,0.0638624477390889,-0.5,0,5,3.51132224183,0,dp,5040,2,7,9,0.311354675426313,8,0.311354675426312,1.27377233977656,0.311354675426312,0.934064026278936,11,,8,,FALSE,8,FALSE,2,unlinked-likely,20260507_145347_unknown_allT_DP_MB_ME_g5_sm0p5_kg0_ks0_rcpp
sp2,11,5,,3,34.2283143937122,1990-01-29,"","",tree,all,0.0381571271145179,0.372624469424891,0.406738340860665,0.00773303781512013,0.0620795782771553,-0.0203753924797626,1.4564596855136,1.07130403370132,25.9999,0.0638624477390889,-0.5,0,5,3.51132224183,0,dp,5040,2,7,9,0.3119784052349,8,0.311978405234899,1.27082290813641,0.311978405234899,0.935935215704699,17,,8,,FALSE,8,FALSE,2,unlinked-likely,20260507_145347_unknown_allT_DP_MB_ME_g5_sm0p5_kg0_ks0_rcpp
sp2,11,5,,4,,1994-12-23,"","",tree,all,0.0381571271145179,0.372624469424891,0.406738340860665,0.00773303781512013,0.0620795782771553,-0.0203753924797626,1.4564596855136,1.07130403370132,25.9999,0.0638624477390889,-0.5,0,5,3.51132224183,0,given_orphan,5040,2,7,,,,,,,,23,,5,,FALSE,,FALSE,2,,20260507_145347_unknown_allT_DP_MB_ME_g5_sm0p5_kg0_ks0_rcpp
sp2,11,5,,5,,2000-01-16,"","",tree,all,0.0381571271145179,0.372624469424891,0.406738340860665,0.00773303781512013,0.0620795782771553,-0.0203753924797626,1.4564596855136,1.07130403370132,25.9999,0.0638624477390889,-0.5,0,5,3.51132224183,0,given_orphan,5040,2,7,,,,,,,,29,,5,,FALSE,,FALSE,2,,20260507_145347_unknown_allT_DP_MB_ME_g5_sm0p5_kg0_ks0_rcpp
sp2,11,5,,6,,2004-12-04,"","",tree,all,0.0381571271145179,0.372624469424891,0.406738340860665,0.00773303781512013,0.0620795782771553,-0.0203753924797626,1.4564596855136,1.07130403370132,25.9999,0.0638624477390889,-0.5,0,5,3.51132224183,0,given_orphan,5040,2,7,,,,,,,,35,,5,,FALSE,,FALSE,2,,20260507_145347_unknown_allT_DP_MB_ME_g5_sm0p5_kg0_ks0_rcpp
sp2,11,5,5,7,,2009-09-03,"","",tree,all,0.0381571271145179,0.372624469424891,0.406738340860665,0.00773303781512013,0.0620795782771553,-0.0203753924797626,1.4564596855136,1.07130403370132,25.9999,0.0638624477390889,-0.5,0,5,3.51132224183,0,given,5040,2,7,,,,,,,,41,,5,,FALSE,5,FALSE,2,,20260507_145347_unknown_allT_DP_MB_ME_g5_sm0p5_kg0_ks0_rcpp
sp2,11,5,5,8,,2014-08-02,"","",tree,all,0.0381571271145179,0.372624469424891,0.406738340860665,0.00773303781512013,0.0620795782771553,-0.0203753924797626,1.4564596855136,1.07130403370132,25.9999,0.0638624477390889,-0.5,0,5,3.51132224183,0,given,,,,,,,,,,,47,,5,,FALSE,5,FALSE,2,,20260507_145347_unknown_allT_DP_MB_ME_g5_sm0p5_kg0_ks0_rcpp
sp2,11,5,5,9,,2019-08-10,"","",tree,all,0.0381571271145179,0.372624469424891,0.406738340860665,0.00773303781512013,0.0620795782771553,-0.0203753924797626,1.4564596855136,1.07130403370132,25.9999,0.0638624477390889,-0.5,0,5,3.51132224183,0,given,,,,,,,,,,,53,,5,,FALSE,5,FALSE,2,,20260507_145347_unknown_allT_DP_MB_ME_g5_sm0p5_kg0_ks0_rcpp
sp2,11,6,,1,14.5956868300171,1980-01-01,"","",tree,all,0.0381571271145179,0.372624469424891,0.406738340860665,0.00773303781512013,0.0620795782771553,-0.0203753924797626,1.4564596855136,1.07130403370132,25.9999,0.0638624477390889,-0.5,0,5,3.51132224183,0,dp,5040,2,7,6,0.794531160475482,9,0.0684887982355088,0.733649084315534,0.794531160475482,0.205466394706526,6,,6,,FALSE,6,FALSE,2,ambiguous,20260507_145347_unknown_allT_DP_MB_ME_g5_sm0p5_kg0_ks0_rcpp
sp2,11,6,,2,20.1073516841543,1985-03-18,"","",tree,all,0.0381571271145179,0.372624469424891,0.406738340860665,0.00773303781512013,0.0620795782771553,-0.0203753924797626,1.4564596855136,1.07130403370132,25.9999,0.0638624477390889,-0.5,0,5,3.51132224183,0,dp,5040,2,7,6,0.821600919863769,8,0.059465684565446,0.664971527656704,0.821600919863769,0.178397053696338,12,,6,,FALSE,6,FALSE,2,ambiguous,20260507_145347_unknown_allT_DP_MB_ME_g5_sm0p5_kg0_ks0_rcpp
sp2,11,6,,3,28.4180703845694,1990-01-29,"","",tree,all,0.0381571271145179,0.372624469424891,0.406738340860665,0.00773303781512013,0.0620795782771553,-0.0203753924797626,1.4564596855136,1.07130403370132,25.9999,0.0638624477390889,-0.5,0,5,3.51132224183,0,dp,5040,2,7,6,0.83866144914112,7,0.0537795169529601,0.619131365989957,0.83866144914112,0.16133855085888,18,,6,,FALSE,6,FALSE,2,ambiguous,20260507_145347_unknown_allT_DP_MB_ME_g5_sm0p5_kg0_ks0_rcpp
sp2,11,6,,4,32.3695783153109,1994-12-23,"","",tree,all,0.0381571271145179,0.372624469424891,0.406738340860665,0.00773303781512013,0.0620795782771553,-0.0203753924797626,1.4564596855136,1.07130403370132,25.9999,0.0638624477390889,-0.5,0,5,3.51132224183,0,dp,5040,2,7,6,0.901964542279649,7,0.0326784859067838,0.428447824066088,0.901964542279649,0.0980354577203514,24,,6,,FALSE,6,FALSE,2,ambiguous,20260507_145347_unknown_allT_DP_MB_ME_g5_sm0p5_kg0_ks0_rcpp
sp2,11,6,,5,40.1055667917066,2000-01-16,"","",tree,all,0.0381571271145179,0.372624469424891,0.406738340860665,0.00773303781512013,0.0620795782771553,-0.0203753924797626,1.4564596855136,1.07130403370132,25.9999,0.0638624477390889,-0.5,0,5,3.51132224183,0,dp,5040,2,7,6,0.901964544079796,9,0.0326784853067348,0.428447818093456,0.901964544079796,0.0980354559202045,30,,6,,FALSE,6,FALSE,2,ambiguous,20260507_145347_unknown_allT_DP_MB_ME_g5_sm0p5_kg0_ks0_rcpp
sp2,11,6,,6,44.1097118334371,2004-12-04,"","",tree,all,0.0381571271145179,0.372624469424891,0.406738340860665,0.00773303781512013,0.0620795782771553,-0.0203753924797626,1.4564596855136,1.07130403370132,25.9999,0.0638624477390889,-0.5,0,5,3.51132224183,0,dp,5040,2,7,6,0.901964544079796,7,0.0326784853067349,0.428447818093456,0.901964544079796,0.0980354559202046,36,,6,,FALSE,6,FALSE,2,ambiguous,20260507_145347_unknown_allT_DP_MB_ME_g5_sm0p5_kg0_ks0_rcpp
sp2,11,6,6,7,50.0695951895776,2009-09-03,"","",tree,all,0.0381571271145179,0.372624469424891,0.406738340860665,0.00773303781512013,0.0620795782771553,-0.0203753924797626,1.4564596855136,1.07130403370132,25.9999,0.0638624477390889,-0.5,0,5,3.51132224183,0,given,5040,2,7,6,1,2,0,0,1,0,42,,6,,FALSE,6,FALSE,2,confident,20260507_145347_unknown_allT_DP_MB_ME_g5_sm0p5_kg0_ks0_rcpp
sp2,11,6,6,8,,2014-08-02,"","",tree,all,0.0381571271145179,0.372624469424891,0.406738340860665,0.00773303781512013,0.0620795782771553,-0.0203753924797626,1.4564596855136,1.07130403370132,25.9999,0.0638624477390889,-0.5,0,5,3.51132224183,0,given,,,,,,,,,,,48,,6,,FALSE,6,FALSE,2,,20260507_145347_unknown_allT_DP_MB_ME_g5_sm0p5_kg0_ks0_rcpp
sp2,11,6,6,9,,2019-08-10,"","",tree,all,0.0381571271145179,0.372624469424891,0.406738340860665,0.00773303781512013,0.0620795782771553,-0.0203753924797626,1.4564596855136,1.07130403370132,25.9999,0.0638624477390889,-0.5,0,5,3.51132224183,0,given,,,,,,,,,,,54,,6,,FALSE,6,FALSE,2,,20260507_145347_unknown_allT_DP_MB_ME_g5_sm0p5_kg0_ks0_rcpp
sp2,12,1,,1,10.8924372061619,1980-01-01,"","",tree,all,0.0381571271145179,0.372624469424891,0.406738340860665,0.00773303781512013,0.0620795782771553,-0.0203753924797626,1.4564596855136,1.07130403370132,25.9999,0.0638624477390889,-0.5,0,5,3.51132224183,0,dp,120,5,5,4,0.503564951003375,1,0.495051661161165,0.702641577240846,0.503564951003375,0.00138338783546013,1,,4,,FALSE,4,FALSE,2,ambiguous,20260507_145347_unknown_allT_DP_MB_ME_g5_sm0p5_kg0_ks0_rcpp
sp2,12,1,,2,17.4008395038545,1985-01-06,"","",tree,all,0.0381571271145179,0.372624469424891,0.406738340860665,0.00773303781512013,0.0620795782771553,-0.0203753924797626,1.4564596855136,1.07130403370132,25.9999,0.0638624477390889,-0.5,0,5,3.51132224183,0,dp,120,5,5,4,0.505256977322151,1,0.494743022677849,0.693091907920452,0.505256977322151,0,5,,4,,FALSE,4,FALSE,2,ambiguous,20260507_145347_unknown_allT_DP_MB_ME_g5_sm0p5_kg0_ks0_rcpp
sp2,12,1,,3,27.5671063497207,1990-04-02,"","",tree,all,0.0381571271145179,0.372624469424891,0.406738340860665,0.00773303781512013,0.0620795782771553,-0.0203753924797626,1.4564596855136,1.07130403370132,25.9999,0.0638624477390889,-0.5,0,5,3.51132224183,0,dp,120,5,5,1,0.521459889274578,4,0.478540110725422,0.692225843876051,0.521459889274578,0,9,,1,,FALSE,1,FALSE,2,ambiguous,20260507_145347_unknown_allT_DP_MB_ME_g5_sm0p5_kg0_ks0_rcpp
sp2,12,1,,4,36.594123209286,1995-01-16,"","",tree,all,0.0381571271145179,0.372624469424891,0.406738340860665,0.00773303781512013,0.0620795782771553,-0.0203753924797626,1.4564596855136,1.07130403370132,25.9999,0.0638624477390889,-0.5,0,5,3.51132224183,0,dp,120,5,5,1,0.6080621069631,4,0.3919378930369,0.669607041900485,0.6080621069631,0,13,,1,,FALSE,1,FALSE,2,ambiguous,20260507_145347_unknown_allT_DP_MB_ME_g5_sm0p5_kg0_ks0_rcpp
sp2,12,1,,5,45.6616666854919,1999-11-17,"","",tree,all,0.0381571271145179,0.372624469424891,0.406738340860665,0.00773303781512013,0.0620795782771553,-0.0203753924797626,1.4564596855136,1.07130403370132,25.9999,0.0638624477390889,-0.5,0,5,3.51132224183,0,dp,120,5,5,1,0.723332180701569,4,0.276667819298431,0.589778595179423,0.723332180701569,0,17,,1,,FALSE,1,FALSE,2,ambiguous,20260507_145347_unknown_allT_DP_MB_ME_g5_sm0p5_kg0_ks0_rcpp
sp2,12,1,,6,52.8900381628903,2004-12-07,"","",tree,all,0.0381571271145179,0.372624469424891,0.406738340860665,0.00773303781512013,0.0620795782771553,-0.0203753924797626,1.4564596855136,1.07130403370132,25.9999,0.0638624477390889,-0.5,0,5,3.51132224183,0,dp,120,5,5,1,0.787271806078622,4,0.212728193921378,0.517548962580844,0.787271806078622,0,21,,1,,FALSE,1,FALSE,2,ambiguous,20260507_145347_unknown_allT_DP_MB_ME_g5_sm0p5_kg0_ks0_rcpp
sp2,12,1,1,7,58.0444922562851,2009-12-07,"","",tree,all,0.0381571271145179,0.372624469424891,0.406738340860665,0.00773303781512013,0.0620795782771553,-0.0203753924797626,1.4564596855136,1.07130403370132,25.9999,0.0638624477390889,-0.5,0,5,3.51132224183,0,given,120,5,5,1,1,2,0,0,1,0,25,,1,,FALSE,1,FALSE,2,confident,20260507_145347_unknown_allT_DP_MB_ME_g5_sm0p5_kg0_ks0_rcpp
sp2,12,1,1,8,61.7113083590723,2014-12-17,"","",tree,all,0.0381571271145179,0.372624469424891,0.406738340860665,0.00773303781512013,0.0620795782771553,-0.0203753924797626,1.4564596855136,1.07130403370132,25.9999,0.0638624477390889,-0.5,0,5,3.51132224183,0,given,,,,,,,,,,,29,,1,,FALSE,1,FALSE,2,,20260507_145347_unknown_allT_DP_MB_ME_g5_sm0p5_kg0_ks0_rcpp
sp2,12,1,1,9,70.5340066938492,2019-11-16,"","",tree,all,0.0381571271145179,0.372624469424891,0.406738340860665,0.00773303781512013,0.0620795782771553,-0.0203753924797626,1.4564596855136,1.07130403370132,25.9999,0.0638624477390889,-0.5,0,5,3.51132224183,0,given,,,,,,,,,,,33,,1,,FALSE,1,FALSE,2,,20260507_145347_unknown_allT_DP_MB_ME_g5_sm0p5_kg0_ks0_rcpp
sp2,12,2,,1,,1980-01-01,"","",tree,all,0.0381571271145179,0.372624469424891,0.406738340860665,0.00773303781512013,0.0620795782771553,-0.0203753924797626,1.4564596855136,1.07130403370132,25.9999,0.0638624477390889,-0.5,0,5,3.51132224183,0,given_orphan,120,5,5,,,,,,,,2,,2,,FALSE,,FALSE,2,,20260507_145347_unknown_allT_DP_MB_ME_g5_sm0p5_kg0_ks0_rcpp
sp2,12,2,,2,,1985-01-06,"","",tree,all,0.0381571271145179,0.372624469424891,0.406738340860665,0.00773303781512013,0.0620795782771553,-0.0203753924797626,1.4564596855136,1.07130403370132,25.9999,0.0638624477390889,-0.5,0,5,3.51132224183,0,given_orphan,120,5,5,,,,,,,,6,,2,,FALSE,,FALSE,2,,20260507_145347_unknown_allT_DP_MB_ME_g5_sm0p5_kg0_ks0_rcpp
sp2,12,2,,3,,1990-04-02,"","",tree,all,0.0381571271145179,0.372624469424891,0.406738340860665,0.00773303781512013,0.0620795782771553,-0.0203753924797626,1.4564596855136,1.07130403370132,25.9999,0.0638624477390889,-0.5,0,5,3.51132224183,0,given_orphan,120,5,5,,,,,,,,10,,2,,FALSE,,FALSE,2,,20260507_145347_unknown_allT_DP_MB_ME_g5_sm0p5_kg0_ks0_rcpp
sp2,12,2,,4,,1995-01-16,"","",tree,all,0.0381571271145179,0.372624469424891,0.406738340860665,0.00773303781512013,0.0620795782771553,-0.0203753924797626,1.4564596855136,1.07130403370132,25.9999,0.0638624477390889,-0.5,0,5,3.51132224183,0,given_orphan,120,5,5,,,,,,,,14,,2,,FALSE,,FALSE,2,,20260507_145347_unknown_allT_DP_MB_ME_g5_sm0p5_kg0_ks0_rcpp
sp2,12,2,,5,0.600457721957945,1999-11-17,"","",tree,all,0.0381571271145179,0.372624469424891,0.406738340860665,0.00773303781512013,0.0620795782771553,-0.0203753924797626,1.4564596855136,1.07130403370132,25.9999,0.0638624477390889,-0.5,0,5,3.51132224183,0,dp,120,5,5,3,0.481012202883348,2,0.475513540156735,0.841829853358137,0.481012202883348,0.0434742569599176,18,,3,,FALSE,3,FALSE,2,ambiguous,20260507_145347_unknown_allT_DP_MB_ME_g5_sm0p5_kg0_ks0_rcpp
sp2,12,2,,6,2.47868811414532,2004-12-07,"","",tree,all,0.0381571271145179,0.372624469424891,0.406738340860665,0.00773303781512013,0.0620795782771553,-0.0203753924797626,1.4564596855136,1.07130403370132,25.9999,0.0638624477390889,-0.5,0,5,3.51132224183,0,dp,120,5,5,3,0.521148330736193,2,0.46700368062967,0.747781067752956,0.521148330736193,0.011847988634137,22,,3,,FALSE,3,FALSE,2,ambiguous,20260507_145347_unknown_allT_DP_MB_ME_g5_sm0p5_kg0_ks0_rcpp
sp2,12,2,2,7,7.64928519950381,2009-12-07,"","",tree,all,0.0381571271145179,0.372624469424891,0.406738340860665,0.00773303781512013,0.0620795782771553,-0.0203753924797626,1.4564596855136,1.07130403370132,25.9999,0.0638624477390889,-0.5,0,5,3.51132224183,0,given,120,5,5,2,1,1,0,0,1,0,26,,2,,FALSE,2,FALSE,2,confident,20260507_145347_unknown_allT_DP_MB_ME_g5_sm0p5_kg0_ks0_rcpp
sp2,12,2,2,8,11.6906807712417,2014-12-17,"","",tree,all,0.0381571271145179,0.372624469424891,0.406738340860665,0.00773303781512013,0.0620795782771553,-0.0203753924797626,1.4564596855136,1.07130403370132,25.9999,0.0638624477390889,-0.5,0,5,3.51132224183,0,given,,,,,,,,,,,30,,2,,FALSE,2,FALSE,2,,20260507_145347_unknown_allT_DP_MB_ME_g5_sm0p5_kg0_ks0_rcpp
sp2,12,2,2,9,15.448846730925,2019-11-16,"","",tree,all,0.0381571271145179,0.372624469424891,0.406738340860665,0.00773303781512013,0.0620795782771553,-0.0203753924797626,1.4564596855136,1.07130403370132,25.9999,0.0638624477390889,-0.5,0,5,3.51132224183,0,given,,,,,,,,,,,34,,2,,FALSE,2,FALSE,2,,20260507_145347_unknown_allT_DP_MB_ME_g5_sm0p5_kg0_ks0_rcpp
sp2,12,3,,1,,1980-01-01,"","",tree,all,0.0381571271145179,0.372624469424891,0.406738340860665,0.00773303781512013,0.0620795782771553,-0.0203753924797626,1.4564596855136,1.07130403370132,25.9999,0.0638624477390889,-0.5,0,5,3.51132224183,0,given_orphan,120,5,5,,,,,,,,3,,3,,FALSE,,FALSE,2,,20260507_145347_unknown_allT_DP_MB_ME_g5_sm0p5_kg0_ks0_rcpp
sp2,12,3,,2,,1985-01-06,"","",tree,all,0.0381571271145179,0.372624469424891,0.406738340860665,0.00773303781512013,0.0620795782771553,-0.0203753924797626,1.4564596855136,1.07130403370132,25.9999,0.0638624477390889,-0.5,0,5,3.51132224183,0,given_orphan,120,5,5,,,,,,,,7,,3,,FALSE,,FALSE,2,,20260507_145347_unknown_allT_DP_MB_ME_g5_sm0p5_kg0_ks0_rcpp
sp2,12,3,,3,,1990-04-02,"","",tree,all,0.0381571271145179,0.372624469424891,0.406738340860665,0.00773303781512013,0.0620795782771553,-0.0203753924797626,1.4564596855136,1.07130403370132,25.9999,0.0638624477390889,-0.5,0,5,3.51132224183,0,given_orphan,120,5,5,,,,,,,,11,,3,,FALSE,,FALSE,2,,20260507_145347_unknown_allT_DP_MB_ME_g5_sm0p5_kg0_ks0_rcpp
sp2,12,3,,4,,1995-01-16,"","",tree,all,0.0381571271145179,0.372624469424891,0.406738340860665,0.00773303781512013,0.0620795782771553,-0.0203753924797626,1.4564596855136,1.07130403370132,25.9999,0.0638624477390889,-0.5,0,5,3.51132224183,0,given_orphan,120,5,5,,,,,,,,15,,3,,FALSE,,FALSE,2,,20260507_145347_unknown_allT_DP_MB_ME_g5_sm0p5_kg0_ks0_rcpp
sp2,12,3,,5,0.960108146617771,1999-11-17,"","",tree,all,0.0381571271145179,0.372624469424891,0.406738340860665,0.00773303781512013,0.0620795782771553,-0.0203753924797626,1.4564596855136,1.07130403370132,25.9999,0.0638624477390889,-0.5,0,5,3.51132224183,0,dp,120,5,5,2,0.488664595836788,3,0.484458158985008,0.798221866368114,0.488664595836788,0.0268772451782037,19,,2,,FALSE,2,FALSE,2,ambiguous,20260507_145347_unknown_allT_DP_MB_ME_g5_sm0p5_kg0_ks0_rcpp
sp2,12,3,,6,3.22947939934785,2004-12-07,"","",tree,all,0.0381571271145179,0.372624469424891,0.406738340860665,0.00773303781512013,0.0620795782771553,-0.0203753924797626,1.4564596855136,1.07130403370132,25.9999,0.0638624477390889,-0.5,0,5,3.51132224183,0,dp,120,5,5,2,0.523406092768982,3,0.470290228682055,0.7255796549697,0.523406092768982,0.0063036785489631,23,,2,,FALSE,2,FALSE,2,ambiguous,20260507_145347_unknown_allT_DP_MB_ME_g5_sm0p5_kg0_ks0_rcpp
sp2,12,3,3,7,7.209192314721,2009-12-07,"","",tree,all,0.0381571271145179,0.372624469424891,0.406738340860665,0.00773303781512013,0.0620795782771553,-0.0203753924797626,1.4564596855136,1.07130403370132,25.9999,0.0638624477390889,-0.5,0,5,3.51132224183,0,given,120,5,5,3,1,1,0,0,1,0,27,,3,,FALSE,3,FALSE,2,confident,20260507_145347_unknown_allT_DP_MB_ME_g5_sm0p5_kg0_ks0_rcpp
sp2,12,3,3,8,13.2918173347669,2014-12-17,"","",tree,all,0.0381571271145179,0.372624469424891,0.406738340860665,0.00773303781512013,0.0620795782771553,-0.0203753924797626,1.4564596855136,1.07130403370132,25.9999,0.0638624477390889,-0.5,0,5,3.51132224183,0,given,,,,,,,,,,,31,,3,,FALSE,3,FALSE,2,,20260507_145347_unknown_allT_DP_MB_ME_g5_sm0p5_kg0_ks0_rcpp
sp2,12,3,3,9,19.641183068151,2019-11-16,"","",tree,all,0.0381571271145179,0.372624469424891,0.406738340860665,0.00773303781512013,0.0620795782771553,-0.0203753924797626,1.4564596855136,1.07130403370132,25.9999,0.0638624477390889,-0.5,0,5,3.51132224183,0,given,,,,,,,,,,,35,,3,,FALSE,3,FALSE,2,,20260507_145347_unknown_allT_DP_MB_ME_g5_sm0p5_kg0_ks0_rcpp
sp2,12,4,,1,16.1564824442262,1980-01-01,"","",tree,all,0.0381571271145179,0.372624469424891,0.406738340860665,0.00773303781512013,0.0620795782771553,-0.0203753924797626,1.4564596855136,1.07130403370132,25.9999,0.0638624477390889,-0.5,0,5,3.51132224183,0,dp,120,5,5,1,0.50378673219459,4,0.495269506899785,0.699973921050786,0.50378673219459,0.000943760905624722,4,,1,,FALSE,1,FALSE,2,ambiguous,20260507_145347_unknown_allT_DP_MB_ME_g5_sm0p5_kg0_ks0_rcpp
sp2,12,4,,2,20.0750882717572,1985-01-06,"","",tree,all,0.0381571271145179,0.372624469424891,0.406738340860665,0.00773303781512013,0.0620795782771553,-0.0203753924797626,1.4564596855136,1.07130403370132,25.9999,0.0638624477390889,-0.5,0,5,3.51132224183,0,dp,120,5,5,1,0.505256977322151,4,0.494743022677849,0.693091907920452,0.505256977322151,0,8,,1,,FALSE,1,FALSE,2,ambiguous,20260507_145347_unknown_allT_DP_MB_ME_g5_sm0p5_kg0_ks0_rcpp
sp2,12,4,,3,26.1003990825245,1990-04-02,"","",tree,all,0.0381571271145179,0.372624469424891,0.406738340860665,0.00773303781512013,0.0620795782771553,-0.0203753924797626,1.4564596855136,1.07130403370132,25.9999,0.0638624477390889,-0.5,0,5,3.51132224183,0,dp,120,5,5,4,0.521459889274578,1,0.478540110725422,0.692225843876051,0.521459889274578,0,12,,4,,FALSE,4,FALSE,2,ambiguous,20260507_145347_unknown_allT_DP_MB_ME_g5_sm0p5_kg0_ks0_rcpp
sp2,12,4,,4,34.259771603734,1995-01-16,"","",tree,all,0.0381571271145179,0.372624469424891,0.406738340860665,0.00773303781512013,0.0620795782771553,-0.0203753924797626,1.4564596855136,1.07130403370132,25.9999,0.0638624477390889,-0.5,0,5,3.51132224183,0,dp,120,5,5,4,0.6080621069631,1,0.3919378930369,0.669607041900485,0.6080621069631,0,16,,4,,FALSE,4,FALSE,2,ambiguous,20260507_145347_unknown_allT_DP_MB_ME_g5_sm0p5_kg0_ks0_rcpp
sp2,12,4,,5,40.7452537149948,1999-11-17,"","",tree,all,0.0381571271145179,0.372624469424891,0.406738340860665,0.00773303781512013,0.0620795782771553,-0.0203753924797626,1.4564596855136,1.07130403370132,25.9999,0.0638624477390889,-0.5,0,5,3.51132224183,0,dp,120,5,5,4,0.723332180701569,1,0.276667819298431,0.589778595179423,0.723332180701569,0,20,,4,,FALSE,4,FALSE,2,ambiguous,20260507_145347_unknown_allT_DP_MB_ME_g5_sm0p5_kg0_ks0_rcpp
sp2,12,4,,6,46.6845798333668,2004-12-07,"","",tree,all,0.0381571271145179,0.372624469424891,0.406738340860665,0.00773303781512013,0.0620795782771553,-0.0203753924797626,1.4564596855136,1.07130403370132,25.9999,0.0638624477390889,-0.5,0,5,3.51132224183,0,dp,120,5,5,4,0.787271806078622,1,0.212728193921378,0.517548962580844,0.787271806078622,0,24,,4,,FALSE,4,FALSE,2,ambiguous,20260507_145347_unknown_allT_DP_MB_ME_g5_sm0p5_kg0_ks0_rcpp
sp2,12,4,4,7,54.5704373345477,2009-12-07,"","",tree,all,0.0381571271145179,0.372624469424891,0.406738340860665,0.00773303781512013,0.0620795782771553,-0.0203753924797626,1.4564596855136,1.07130403370132,25.9999,0.0638624477390889,-0.5,0,5,3.51132224183,0,given,120,5,5,4,1,1,0,0,1,0,28,,4,,FALSE,4,FALSE,2,confident,20260507_145347_unknown_allT_DP_MB_ME_g5_sm0p5_kg0_ks0_rcpp
sp2,12,4,4,8,61.817680565584,2014-12-17,"","",tree,all,0.0381571271145179,0.372624469424891,0.406738340860665,0.00773303781512013,0.0620795782771553,-0.0203753924797626,1.4564596855136,1.07130403370132,25.9999,0.0638624477390889,-0.5,0,5,3.51132224183,0,given,,,,,,,,,,,32,,4,,FALSE,4,FALSE,2,,20260507_145347_unknown_allT_DP_MB_ME_g5_sm0p5_kg0_ks0_rcpp
sp2,12,4,4,9,64.9795688125803,2019-11-16,"","",tree,all,0.0381571271145179,0.372624469424891,0.406738340860665,0.00773303781512013,0.0620795782771553,-0.0203753924797626,1.4564596855136,1.07130403370132,25.9999,0.0638624477390889,-0.5,0,5,3.51132224183,0,given,,,,,,,,,,,36,,4,,FALSE,4,FALSE,2,,20260507_145347_unknown_allT_DP_MB_ME_g5_sm0p5_kg0_ks0_rcpp
sp2,13,1,,1,16.7649761422443,1980-01-01,"","",tree,all,0.0381571271145179,0.372624469424891,0.406738340860665,0.00773303781512013,0.0620795782771553,-0.0203753924797626,1.4564596855136,1.07130403370132,25.9999,0.0638624477390889,-0.5,0,5,3.51132224183,0,dp,2,1,2,3,0.808805447902104,2,0.191194552097896,0.487950448790388,0.808805447902104,0.808805447902104,1,,3,,FALSE,3,FALSE,2,unlinked-likely,20260507_145347_unknown_allT_DP_MB_ME_g5_sm0p5_kg0_ks0_rcpp
sp2,13,1,,2,24.2104211245691,1985-01-13,"","",tree,all,0.0381571271145179,0.372624469424891,0.406738340860665,0.00773303781512013,0.0620795782771553,-0.0203753924797626,1.4564596855136,1.07130403370132,25.9999,0.0638624477390889,-0.5,0,5,3.51132224183,0,dp,2,1,2,3,0.859039342111455,2,0.140960657888545,0.406703532513531,0.859039342111455,0.859039342111455,3,,3,,FALSE,3,FALSE,2,unlinked-likely,20260507_145347_unknown_allT_DP_MB_ME_g5_sm0p5_kg0_ks0_rcpp
sp2,13,1,,3,,1990-02-06,"","",tree,all,0.0381571271145179,0.372624469424891,0.406738340860665,0.00773303781512013,0.0620795782771553,-0.0203753924797626,1.4564596855136,1.07130403370132,25.9999,0.0638624477390889,-0.5,0,5,3.51132224183,0,given_orphan,2,1,2,,,,,,,,5,,1,,FALSE,,FALSE,2,,20260507_145347_unknown_allT_DP_MB_ME_g5_sm0p5_kg0_ks0_rcpp
sp2,13,1,,4,,1995-03-02,"","",tree,all,0.0381571271145179,0.372624469424891,0.406738340860665,0.00773303781512013,0.0620795782771553,-0.0203753924797626,1.4564596855136,1.07130403370132,25.9999,0.0638624477390889,-0.5,0,5,3.51132224183,0,given_orphan,2,1,2,,,,,,,,7,,1,,FALSE,,FALSE,2,,20260507_145347_unknown_allT_DP_MB_ME_g5_sm0p5_kg0_ks0_rcpp
sp2,13,1,,5,,2000-01-18,"","",tree,all,0.0381571271145179,0.372624469424891,0.406738340860665,0.00773303781512013,0.0620795782771553,-0.0203753924797626,1.4564596855136,1.07130403370132,25.9999,0.0638624477390889,-0.5,0,5,3.51132224183,0,given_orphan,2,1,2,,,,,,,,9,,1,,FALSE,,FALSE,2,,20260507_145347_unknown_allT_DP_MB_ME_g5_sm0p5_kg0_ks0_rcpp
sp2,13,1,,6,,2005-02-02,"","",tree,all,0.0381571271145179,0.372624469424891,0.406738340860665,0.00773303781512013,0.0620795782771553,-0.0203753924797626,1.4564596855136,1.07130403370132,25.9999,0.0638624477390889,-0.5,0,5,3.51132224183,0,given_orphan,2,1,2,,,,,,,,11,,1,,FALSE,,FALSE,2,,20260507_145347_unknown_allT_DP_MB_ME_g5_sm0p5_kg0_ks0_rcpp
sp2,13,1,1,7,,2010-01-12,"","",tree,all,0.0381571271145179,0.372624469424891,0.406738340860665,0.00773303781512013,0.0620795782771553,-0.0203753924797626,1.4564596855136,1.07130403370132,25.9999,0.0638624477390889,-0.5,0,5,3.51132224183,0,given,2,1,2,,,,,,,,13,,1,,FALSE,1,FALSE,2,,20260507_145347_unknown_allT_DP_MB_ME_g5_sm0p5_kg0_ks0_rcpp
sp2,13,1,1,8,,2015-02-06,"","",tree,all,0.0381571271145179,0.372624469424891,0.406738340860665,0.00773303781512013,0.0620795782771553,-0.0203753924797626,1.4564596855136,1.07130403370132,25.9999,0.0638624477390889,-0.5,0,5,3.51132224183,0,given,,,,,,,,,,,15,,1,,FALSE,1,FALSE,2,,20260507_145347_unknown_allT_DP_MB_ME_g5_sm0p5_kg0_ks0_rcpp
sp2,13,1,1,9,,2020-01-31,"","",tree,all,0.0381571271145179,0.372624469424891,0.406738340860665,0.00773303781512013,0.0620795782771553,-0.0203753924797626,1.4564596855136,1.07130403370132,25.9999,0.0638624477390889,-0.5,0,5,3.51132224183,0,given,,,,,,,,,,,17,,1,,FALSE,1,FALSE,2,,20260507_145347_unknown_allT_DP_MB_ME_g5_sm0p5_kg0_ks0_rcpp
sp2,13,2,,1,20.8602081084559,1980-01-01,"","",tree,all,0.0381571271145179,0.372624469424891,0.406738340860665,0.00773303781512013,0.0620795782771553,-0.0203753924797626,1.4564596855136,1.07130403370132,25.9999,0.0638624477390889,-0.5,0,5,3.51132224183,0,dp,2,1,2,2,0.808805447902104,3,0.191194552097896,0.487950448790388,0.808805447902104,0.191194552097896,2,,2,,FALSE,2,FALSE,2,ambiguous,20260507_145347_unknown_allT_DP_MB_ME_g5_sm0p5_kg0_ks0_rcpp
sp2,13,2,,2,29.1374563730263,1985-01-13,"","",tree,all,0.0381571271145179,0.372624469424891,0.406738340860665,0.00773303781512013,0.0620795782771553,-0.0203753924797626,1.4564596855136,1.07130403370132,25.9999,0.0638624477390889,-0.5,0,5,3.51132224183,0,dp,2,1,2,2,0.859039342111455,3,0.140960657888545,0.406703532513531,0.859039342111455,0.140960657888545,4,,2,,FALSE,2,FALSE,2,ambiguous,20260507_145347_unknown_allT_DP_MB_ME_g5_sm0p5_kg0_ks0_rcpp
sp2,13,2,,3,36.4110484518732,1990-02-06,"","",tree,all,0.0381571271145179,0.372624469424891,0.406738340860665,0.00773303781512013,0.0620795782771553,-0.0203753924797626,1.4564596855136,1.07130403370132,25.9999,0.0638624477390889,-0.5,0,5,3.51132224183,0,dp,2,1,2,2,1,3,0,0,1,0,6,,2,,FALSE,2,FALSE,2,confident,20260507_145347_unknown_allT_DP_MB_ME_g5_sm0p5_kg0_ks0_rcpp
sp2,13,2,,4,45.5179707658775,1995-03-02,"","",tree,all,0.0381571271145179,0.372624469424891,0.406738340860665,0.00773303781512013,0.0620795782771553,-0.0203753924797626,1.4564596855136,1.07130403370132,25.9999,0.0638624477390889,-0.5,0,5,3.51132224183,0,dp,2,1,2,2,1,3,0,0,1,0,8,,2,,FALSE,2,FALSE,2,confident,20260507_145347_unknown_allT_DP_MB_ME_g5_sm0p5_kg0_ks0_rcpp
sp2,13,2,,5,54.3681715804367,2000-01-18,"","",tree,all,0.0381571271145179,0.372624469424891,0.406738340860665,0.00773303781512013,0.0620795782771553,-0.0203753924797626,1.4564596855136,1.07130403370132,25.9999,0.0638624477390889,-0.5,0,5,3.51132224183,0,dp,2,1,2,2,1,3,0,0,1,0,10,,2,,FALSE,2,FALSE,2,confident,20260507_145347_unknown_allT_DP_MB_ME_g5_sm0p5_kg0_ks0_rcpp
sp2,13,2,,6,62.5330928137592,2005-02-02,"","",tree,all,0.0381571271145179,0.372624469424891,0.406738340860665,0.00773303781512013,0.0620795782771553,-0.0203753924797626,1.4564596855136,1.07130403370132,25.9999,0.0638624477390889,-0.5,0,5,3.51132224183,0,dp,2,1,2,2,1,3,0,0,1,0,12,,2,,FALSE,2,FALSE,2,confident,20260507_145347_unknown_allT_DP_MB_ME_g5_sm0p5_kg0_ks0_rcpp
sp2,13,2,2,7,73.8143001638925,2010-01-12,"","",tree,all,0.0381571271145179,0.372624469424891,0.406738340860665,0.00773303781512013,0.0620795782771553,-0.0203753924797626,1.4564596855136,1.07130403370132,25.9999,0.0638624477390889,-0.5,0,5,3.51132224183,0,given,2,1,2,2,1,3,0,0,1,0,14,,2,,FALSE,2,FALSE,2,confident,20260507_145347_unknown_allT_DP_MB_ME_g5_sm0p5_kg0_ks0_rcpp
sp2,13,2,2,8,76.4983882410789,2015-02-06,"","",tree,all,0.0381571271145179,0.372624469424891,0.406738340860665,0.00773303781512013,0.0620795782771553,-0.0203753924797626,1.4564596855136,1.07130403370132,25.9999,0.0638624477390889,-0.5,0,5,3.51132224183,0,given,,,,,,,,,,,16,,2,,FALSE,2,FALSE,2,,20260507_145347_unknown_allT_DP_MB_ME_g5_sm0p5_kg0_ks0_rcpp
sp2,13,2,2,9,88.2665759588705,2020-01-31,"","",tree,all,0.0381571271145179,0.372624469424891,0.406738340860665,0.00773303781512013,0.0620795782771553,-0.0203753924797626,1.4564596855136,1.07130403370132,25.9999,0.0638624477390889,-0.5,0,5,3.51132224183,0,given,,,,,,,,,,,18,,2,,FALSE,2,FALSE,2,,20260507_145347_unknown_allT_DP_MB_ME_g5_sm0p5_kg0_ks0_rcpp
sp2,14,1,,1,6.04730626908306,1980-01-01,"","",tree,all,0.0381571271145179,0.372624469424891,0.406738340860665,0.00773303781512013,0.0620795782771553,-0.0203753924797626,1.4564596855136,1.07130403370132,25.9999,0.0638624477390889,-0.5,0,5,3.51132224183,0,dp,120,4,5,2,0.480524542986136,3,0.446681813854365,0.926428765918013,0.446681813854365,0.00722760420330121,1,,3,,FALSE,3,FALSE,2,ambiguous,20260507_145347_unknown_allT_DP_MB_ME_g5_sm0p5_kg0_ks0_rcpp
sp2,14,1,,2,13.0779676091159,1985-02-12,"","",tree,all,0.0381571271145179,0.372624469424891,0.406738340860665,0.00773303781512013,0.0620795782771553,-0.0203753924797626,1.4564596855136,1.07130403370132,25.9999,0.0638624477390889,-0.5,0,5,3.51132224183,0,dp,120,4,5,2,0.491203077711004,3,0.455405678726167,0.869995259287009,0.455405678726167,0.00131008555598938,5,,3,,FALSE,3,FALSE,2,ambiguous,20260507_145347_unknown_allT_DP_MB_ME_g5_sm0p5_kg0_ks0_rcpp
sp2,14,1,,3,18.6412805527181,1990-02-04,"","",tree,all,0.0381571271145179,0.372624469424891,0.406738340860665,0.00773303781512013,0.0620795782771553,-0.0203753924797626,1.4564596855136,1.07130403370132,25.9999,0.0638624477390889,-0.5,0,5,3.51132224183,0,dp,120,4,5,2,0.492746645779885,3,0.456716011043711,0.859833236685691,0.456716011043711,0.000394066017188974,9,,3,,FALSE,3,FALSE,2,ambiguous,20260507_145347_unknown_allT_DP_MB_ME_g5_sm0p5_kg0_ks0_rcpp
sp2,14,1,,4,25.0585244724218,1995-02-11,"","",tree,all,0.0381571271145179,0.372624469424891,0.406738340860665,0.00773303781512013,0.0620795782771553,-0.0203753924797626,1.4564596855136,1.07130403370132,25.9999,0.0638624477390889,-0.5,0,5,3.51132224183,0,dp,120,4,5,2,0.494801023617362,3,0.456197131428101,0.853963632605531,0.494801023617362,0,13,,2,,FALSE,2,FALSE,2,ambiguous,20260507_145347_unknown_allT_DP_MB_ME_g5_sm0p5_kg0_ks0_rcpp
sp2,14,1,,5,32.0103292381838,1999-12-23,"","",tree,all,0.0381571271145179,0.372624469424891,0.406738340860665,0.00773303781512013,0.0620795782771553,-0.0203753924797626,1.4564596855136,1.07130403370132,25.9999,0.0638624477390889,-0.5,0,5,3.51132224183,0,dp,120,4,5,2,0.564700818962817,3,0.398302580443369,0.811333435411243,0.564700818962817,0,17,,2,,FALSE,2,FALSE,2,ambiguous,20260507_145347_unknown_allT_DP_MB_ME_g5_sm0p5_kg0_ks0_rcpp
sp2,14,1,,6,42.0587804636424,2005-01-10,"","",tree,all,0.0381571271145179,0.372624469424891,0.406738340860665,0.00773303781512013,0.0620795782771553,-0.0203753924797626,1.4564596855136,1.07130403370132,25.9999,0.0638624477390889,-0.5,0,5,3.51132224183,0,dp,120,4,5,3,0.744170439172237,2,0.190000196525489,0.71453164477614,0.744170439172237,0,21,,3,,FALSE,3,FALSE,2,ambiguous,20260507_145347_unknown_allT_DP_MB_ME_g5_sm0p5_kg0_ks0_rcpp
sp2,14,1,1,7,57.1873475271842,2009-11-10,"","",tree,all,0.0381571271145179,0.372624469424891,0.406738340860665,0.00773303781512013,0.0620795782771553,-0.0203753924797626,1.4564596855136,1.07130403370132,25.9999,0.0638624477390889,-0.5,0,5,3.51132224183,0,given,120,4,5,1,1,2,0,0,1,0,25,,1,,FALSE,1,FALSE,2,confident,20260507_145347_unknown_allT_DP_MB_ME_g5_sm0p5_kg0_ks0_rcpp
sp2,14,1,1,8,,2014-10-16,"","",tree,all,0.0381571271145179,0.372624469424891,0.406738340860665,0.00773303781512013,0.0620795782771553,-0.0203753924797626,1.4564596855136,1.07130403370132,25.9999,0.0638624477390889,-0.5,0,5,3.51132224183,0,given,,,,,,,,,,,29,,1,,FALSE,1,FALSE,2,,20260507_145347_unknown_allT_DP_MB_ME_g5_sm0p5_kg0_ks0_rcpp
sp2,14,1,1,9,,2019-10-11,"","",tree,all,0.0381571271145179,0.372624469424891,0.406738340860665,0.00773303781512013,0.0620795782771553,-0.0203753924797626,1.4564596855136,1.07130403370132,25.9999,0.0638624477390889,-0.5,0,5,3.51132224183,0,given,,,,,,,,,,,33,,1,,FALSE,1,FALSE,2,,20260507_145347_unknown_allT_DP_MB_ME_g5_sm0p5_kg0_ks0_rcpp
sp2,14,2,,1,4.22496194658711,1980-01-01,"","",tree,all,0.0381571271145179,0.372624469424891,0.406738340860665,0.00773303781512013,0.0620795782771553,-0.0203753924797626,1.4564596855136,1.07130403370132,25.9999,0.0638624477390889,-0.5,0,5,3.51132224183,0,dp,120,4,5,2,0.477003129926643,3,0.443107359238293,0.958439902272964,0.477003129926643,0.0181366029528884,2,,2,,FALSE,2,FALSE,2,ambiguous,20260507_145347_unknown_allT_DP_MB_ME_g5_sm0p5_kg0_ks0_rcpp
sp2,14,2,,2,10.1509525017205,1985-02-12,"","",tree,all,0.0381571271145179,0.372624469424891,0.406738340860665,0.00773303781512013,0.0620795782771553,-0.0203753924797626,1.4564596855136,1.07130403370132,25.9999,0.0638624477390889,-0.5,0,5,3.51132224183,0,dp,120,4,5,2,0.491442217135248,3,0.455446083662807,0.87321736153827,0.491442217135248,0.00247041135533322,6,,2,,FALSE,2,FALSE,2,ambiguous,20260507_145347_unknown_allT_DP_MB_ME_g5_sm0p5_kg0_ks0_rcpp
sp2,14,2,,3,17.1353854457536,1990-02-04,"","",tree,all,0.0381571271145179,0.372624469424891,0.406738340860665,0.00773303781512013,0.0620795782771553,-0.0203753924797626,1.4564596855136,1.07130403370132,25.9999,0.0638624477390889,-0.5,0,5,3.51132224183,0,dp,120,4,5,2,0.492915322703346,3,0.456681690438491,0.860379981392461,0.492915322703346,0.000578789495662915,10,,2,,FALSE,2,FALSE,2,ambiguous,20260507_145347_unknown_allT_DP_MB_ME_g5_sm0p5_kg0_ks0_rcpp
sp2,14,2,,4,25.3985587094694,1995-02-11,"","",tree,all,0.0381571271145179,0.372624469424891,0.406738340860665,0.00773303781512013,0.0620795782771553,-0.0203753924797626,1.4564596855136,1.07130403370132,25.9999,0.0638624477390889,-0.5,0,5,3.51132224183,0,dp,120,4,5,2,0.492165938542922,3,0.458284169092909,0.855385563718581,0.458284169092909,0,14,,3,,FALSE,3,FALSE,2,ambiguous,20260507_145347_unknown_allT_DP_MB_ME_g5_sm0p5_kg0_ks0_rcpp
sp2,14,2,,5,32.8918442680244,1999-12-23,"","",tree,all,0.0381571271145179,0.372624469424891,0.406738340860665,0.00773303781512013,0.0620795782771553,-0.0203753924797626,1.4564596855136,1.07130403370132,25.9999,0.0638624477390889,-0.5,0,5,3.51132224183,0,dp,120,4,5,3,0.516928867099517,2,0.423148175288031,0.873681735442188,0.516928867099517,0,18,,3,,FALSE,3,FALSE,2,ambiguous,20260507_145347_unknown_allT_DP_MB_ME_g5_sm0p5_kg0_ks0_rcpp
sp2,14,2,,6,36.3081256700216,2005-01-10,"","",tree,all,0.0381571271145179,0.372624469424891,0.406738340860665,0.00773303781512013,0.0620795782771553,-0.0203753924797626,1.4564596855136,1.07130403370132,25.9999,0.0638624477390889,-0.5,0,5,3.51132224183,0,dp,120,4,5,2,0.803089920957319,3,0.190493239310666,0.524370174638192,0.803089920957319,0,22,,2,,FALSE,2,FALSE,2,ambiguous,20260507_145347_unknown_allT_DP_MB_ME_g5_sm0p5_kg0_ks0_rcpp
sp2,14,2,2,7,47.7119241706931,2009-11-10,"","",tree,all,0.0381571271145179,0.372624469424891,0.406738340860665,0.00773303781512013,0.0620795782771553,-0.0203753924797626,1.4564596855136,1.07130403370132,25.9999,0.0638624477390889,-0.5,0,5,3.51132224183,0,given,120,4,5,2,1,1,0,0,1,0,26,,2,,FALSE,2,FALSE,2,confident,20260507_145347_unknown_allT_DP_MB_ME_g5_sm0p5_kg0_ks0_rcpp
sp2,14,2,2,8,47.7119241706931,2014-10-16,"","",tree,all,0.0381571271145179,0.372624469424891,0.406738340860665,0.00773303781512013,0.0620795782771553,-0.0203753924797626,1.4564596855136,1.07130403370132,25.9999,0.0638624477390889,-0.5,0,5,3.51132224183,0,given,,,,,,,,,,,30,,2,,FALSE,2,FALSE,2,,20260507_145347_unknown_allT_DP_MB_ME_g5_sm0p5_kg0_ks0_rcpp
sp2,14,2,2,9,53.700247671509,2019-10-11,"","",tree,all,0.0381571271145179,0.372624469424891,0.406738340860665,0.00773303781512013,0.0620795782771553,-0.0203753924797626,1.4564596855136,1.07130403370132,25.9999,0.0638624477390889,-0.5,0,5,3.51132224183,0,given,,,,,,,,,,,34,,2,,FALSE,2,FALSE,2,,20260507_145347_unknown_allT_DP_MB_ME_g5_sm0p5_kg0_ks0_rcpp
sp2,14,3,,1,11.374674327598,1980-01-01,"","",tree,all,0.0381571271145179,0.372624469424891,0.406738340860665,0.00773303781512013,0.0620795782771553,-0.0203753924797626,1.4564596855136,1.07130403370132,25.9999,0.0638624477390889,-0.5,0,5,3.51132224183,0,dp,120,4,5,1,0.866316463415087,3,0.100101323971292,0.474967750129264,0.866316463415087,0.00155183845454778,3,,1,,FALSE,1,FALSE,2,ambiguous,20260507_145347_unknown_allT_DP_MB_ME_g5_sm0p5_kg0_ks0_rcpp
sp2,14,3,,2,18.9005391893406,1985-02-12,"","",tree,all,0.0381571271145179,0.372624469424891,0.406738340860665,0.00773303781512013,0.0620795782771553,-0.0203753924797626,1.4564596855136,1.07130403370132,25.9999,0.0638624477390889,-0.5,0,5,3.51132224183,0,dp,120,4,5,1,0.897087299425417,3,0.0874029832063486,0.375332932694139,0.897087299425417,3.83673429420089e-05,7,,1,,FALSE,1,FALSE,2,ambiguous,20260507_145347_unknown_allT_DP_MB_ME_g5_sm0p5_kg0_ks0_rcpp
sp2,14,3,,3,26.3787734915994,1990-02-04,"","",tree,all,0.0381571271145179,0.372624469424891,0.406738340860665,0.00773303781512013,0.0620795782771553,-0.0203753924797626,1.4564596855136,1.07130403370132,25.9999,0.0638624477390889,-0.5,0,5,3.51132224183,0,dp,120,4,5,1,0.899984178276833,3,0.0861537003864788,0.365434544373119,0.899984178276833,8.20461321160044e-06,11,,1,,FALSE,1,FALSE,2,ambiguous,20260507_145347_unknown_allT_DP_MB_ME_g5_sm0p5_kg0_ks0_rcpp
sp2,14,3,,4,34.2442098647956,1995-02-11,"","",tree,all,0.0381571271145179,0.372624469424891,0.406738340860665,0.00773303781512013,0.0620795782771553,-0.0203753924797626,1.4564596855136,1.07130403370132,25.9999,0.0638624477390889,-0.5,0,5,3.51132224183,0,dp,120,4,5,1,0.901448262681293,3,0.0855186994789903,0.360386711773146,0.901448262681293,0,15,,1,,FALSE,1,FALSE,2,ambiguous,20260507_145347_unknown_allT_DP_MB_ME_g5_sm0p5_kg0_ks0_rcpp
sp2,14,3,,5,41.1462137064232,1999-12-23,"","",tree,all,0.0381571271145179,0.372624469424891,0.406738340860665,0.00773303781512013,0.0620795782771553,-0.0203753924797626,1.4564596855136,1.07130403370132,25.9999,0.0638624477390889,-0.5,0,5,3.51132224183,0,dp,120,4,5,1,0.903080441793733,3,0.0847685524571142,0.354847852516105,0.903080441793733,0,19,,1,,FALSE,1,FALSE,2,ambiguous,20260507_145347_unknown_allT_DP_MB_ME_g5_sm0p5_kg0_ks0_rcpp
sp2,14,3,,6,47.2901804126808,2005-01-10,"","",tree,all,0.0381571271145179,0.372624469424891,0.406738340860665,0.00773303781512013,0.0620795782771553,-0.0203753924797626,1.4564596855136,1.07130403370132,25.9999,0.0638624477390889,-0.5,0,5,3.51132224183,0,dp,120,4,5,1,0.92775379596571,3,0.0653363215170975,0.282197547766091,0.92775379596571,0,23,,1,,FALSE,1,FALSE,2,ambiguous,20260507_145347_unknown_allT_DP_MB_ME_g5_sm0p5_kg0_ks0_rcpp
sp2,14,3,3,7,50.6605742956398,2009-11-10,"","",tree,all,0.0381571271145179,0.372624469424891,0.406738340860665,0.00773303781512013,0.0620795782771553,-0.0203753924797626,1.4564596855136,1.07130403370132,25.9999,0.0638624477390889,-0.5,0,5,3.51132224183,0,given,120,4,5,3,1,1,0,0,1,0,27,,3,,FALSE,3,FALSE,2,confident,20260507_145347_unknown_allT_DP_MB_ME_g5_sm0p5_kg0_ks0_rcpp
sp2,14,3,3,8,57.8198069013311,2014-10-16,"","",tree,all,0.0381571271145179,0.372624469424891,0.406738340860665,0.00773303781512013,0.0620795782771553,-0.0203753924797626,1.4564596855136,1.07130403370132,25.9999,0.0638624477390889,-0.5,0,5,3.51132224183,0,given,,,,,,,,,,,31,,3,,FALSE,3,FALSE,2,,20260507_145347_unknown_allT_DP_MB_ME_g5_sm0p5_kg0_ks0_rcpp
sp2,14,3,3,9,58.206576604627,2019-10-11,"","",tree,all,0.0381571271145179,0.372624469424891,0.406738340860665,0.00773303781512013,0.0620795782771553,-0.0203753924797626,1.4564596855136,1.07130403370132,25.9999,0.0638624477390889,-0.5,0,5,3.51132224183,0,given,,,,,,,,,,,35,,3,,FALSE,3,FALSE,2,,20260507_145347_unknown_allT_DP_MB_ME_g5_sm0p5_kg0_ks0_rcpp
sp2,14,4,,1,,1980-01-01,"","",tree,all,0.0381571271145179,0.372624469424891,0.406738340860665,0.00773303781512013,0.0620795782771553,-0.0203753924797626,1.4564596855136,1.07130403370132,25.9999,0.0638624477390889,-0.5,0,5,3.51132224183,0,given_orphan,120,4,5,,,,,,,,4,,4,,FALSE,,FALSE,2,,20260507_145347_unknown_allT_DP_MB_ME_g5_sm0p5_kg0_ks0_rcpp
sp2,14,4,,2,,1985-02-12,"","",tree,all,0.0381571271145179,0.372624469424891,0.406738340860665,0.00773303781512013,0.0620795782771553,-0.0203753924797626,1.4564596855136,1.07130403370132,25.9999,0.0638624477390889,-0.5,0,5,3.51132224183,0,given_orphan,120,4,5,,,,,,,,8,,4,,FALSE,,FALSE,2,,20260507_145347_unknown_allT_DP_MB_ME_g5_sm0p5_kg0_ks0_rcpp
sp2,14,4,,3,,1990-02-04,"","",tree,all,0.0381571271145179,0.372624469424891,0.406738340860665,0.00773303781512013,0.0620795782771553,-0.0203753924797626,1.4564596855136,1.07130403370132,25.9999,0.0638624477390889,-0.5,0,5,3.51132224183,0,given_orphan,120,4,5,,,,,,,,12,,4,,FALSE,,FALSE,2,,20260507_145347_unknown_allT_DP_MB_ME_g5_sm0p5_kg0_ks0_rcpp
sp2,14,4,,4,0.72059589866703,1995-02-11,"","",tree,all,0.0381571271145179,0.372624469424891,0.406738340860665,0.00773303781512013,0.0620795782771553,-0.0203753924797626,1.4564596855136,1.07130403370132,25.9999,0.0638624477390889,-0.5,0,5,3.51132224183,0,dp,120,4,5,4,0.964807376579502,5,0.0351926234204979,0.152352820243856,0.964807376579502,0.0351926234204979,16,,4,,FALSE,4,FALSE,2,confident,20260507_145347_unknown_allT_DP_MB_ME_g5_sm0p5_kg0_ks0_rcpp
sp2,14,4,,5,2.54776910263333,1999-12-23,"","",tree,all,0.0381571271145179,0.372624469424891,0.406738340860665,0.00773303781512013,0.0620795782771553,-0.0203753924797626,1.4564596855136,1.07130403370132,25.9999,0.0638624477390889,-0.5,0,5,3.51132224183,0,dp,120,4,5,4,0.987490618050504,5,0.012509381949496,0.067237870737249,0.987490618050504,0.012509381949496,20,,4,,FALSE,4,FALSE,2,confident,20260507_145347_unknown_allT_DP_MB_ME_g5_sm0p5_kg0_ks0_rcpp
sp2,14,4,,6,5.27021553828766,2005-01-10,"","",tree,all,0.0381571271145179,0.372624469424891,0.406738340860665,0.00773303781512013,0.0620795782771553,-0.0203753924797626,1.4564596855136,1.07130403370132,25.9999,0.0638624477390889,-0.5,0,5,3.51132224183,0,dp,120,4,5,4,0.995194280673793,5,0.00480571932620661,0.0304468357951221,0.995194280673793,0.00480571932620661,24,,4,,FALSE,4,FALSE,2,confident,20260507_145347_unknown_allT_DP_MB_ME_g5_sm0p5_kg0_ks0_rcpp
sp2,14,4,4,7,7.35982229677192,2009-11-10,"","",tree,all,0.0381571271145179,0.372624469424891,0.406738340860665,0.00773303781512013,0.0620795782771553,-0.0203753924797626,1.4564596855136,1.07130403370132,25.9999,0.0638624477390889,-0.5,0,5,3.51132224183,0,given,120,4,5,4,1,1,0,0,1,0,28,,4,,FALSE,4,FALSE,2,confident,20260507_145347_unknown_allT_DP_MB_ME_g5_sm0p5_kg0_ks0_rcpp
sp2,14,4,4,8,14.2130426672156,2014-10-16,"","",tree,all,0.0381571271145179,0.372624469424891,0.406738340860665,0.00773303781512013,0.0620795782771553,-0.0203753924797626,1.4564596855136,1.07130403370132,25.9999,0.0638624477390889,-0.5,0,5,3.51132224183,0,given,,,,,,,,,,,32,,4,,FALSE,4,FALSE,2,,20260507_145347_unknown_allT_DP_MB_ME_g5_sm0p5_kg0_ks0_rcpp
sp2,14,4,4,9,19.7956282497261,2019-10-11,"","",tree,all,0.0381571271145179,0.372624469424891,0.406738340860665,0.00773303781512013,0.0620795782771553,-0.0203753924797626,1.4564596855136,1.07130403370132,25.9999,0.0638624477390889,-0.5,0,5,3.51132224183,0,given,,,,,,,,,,,36,,4,,FALSE,4,FALSE,2,,20260507_145347_unknown_allT_DP_MB_ME_g5_sm0p5_kg0_ks0_rcpp
sp2,15,1,,1,,1980-01-01,"","",tree,all,0.0381571271145179,0.372624469424891,0.406738340860665,0.00773303781512013,0.0620795782771553,-0.0203753924797626,1.4564596855136,1.07130403370132,25.9999,0.0638624477390889,-0.5,0,5,3.51132224183,0,given_orphan,720,7,6,,,,,,,,1,,1,,FALSE,,FALSE,3,,20260507_145347_unknown_allT_DP_MB_ME_g5_sm0p5_kg0_ks0_rcpp
sp2,15,1,,2,,1985-01-08,"","",tree,all,0.0381571271145179,0.372624469424891,0.406738340860665,0.00773303781512013,0.0620795782771553,-0.0203753924797626,1.4564596855136,1.07130403370132,25.9999,0.0638624477390889,-0.5,0,5,3.51132224183,0,given_orphan,720,7,6,,,,,,,,6,,1,,FALSE,,FALSE,3,,20260507_145347_unknown_allT_DP_MB_ME_g5_sm0p5_kg0_ks0_rcpp
sp2,15,1,,3,,1989-11-07,"","",tree,all,0.0381571271145179,0.372624469424891,0.406738340860665,0.00773303781512013,0.0620795782771553,-0.0203753924797626,1.4564596855136,1.07130403370132,25.9999,0.0638624477390889,-0.5,0,5,3.51132224183,0,given_orphan,720,7,6,,,,,,,,11,,1,,FALSE,,FALSE,3,,20260507_145347_unknown_allT_DP_MB_ME_g5_sm0p5_kg0_ks0_rcpp
sp2,15,1,,4,,1994-09-08,"","",tree,all,0.0381571271145179,0.372624469424891,0.406738340860665,0.00773303781512013,0.0620795782771553,-0.0203753924797626,1.4564596855136,1.07130403370132,25.9999,0.0638624477390889,-0.5,0,5,3.51132224183,0,given_orphan,720,7,6,,,,,,,,16,,1,,FALSE,,FALSE,3,,20260507_145347_unknown_allT_DP_MB_ME_g5_sm0p5_kg0_ks0_rcpp
sp2,15,1,,5,0.876947827018533,1999-07-09,"","",tree,all,0.0381571271145179,0.372624469424891,0.406738340860665,0.00773303781512013,0.0620795782771553,-0.0203753924797626,1.4564596855136,1.07130403370132,25.9999,0.0638624477390889,-0.5,0,5,3.51132224183,0,dp,720,7,6,1,0.965442973534504,6,0.0345570264654957,0.150242316480935,0.965442973534504,0.0345570264654957,21,,1,,FALSE,1,FALSE,3,confident,20260507_145347_unknown_allT_DP_MB_ME_g5_sm0p5_kg0_ks0_rcpp
sp2,15,1,,6,4.06403798666422,2004-07-29,"","",tree,all,0.0381571271145179,0.372624469424891,0.406738340860665,0.00773303781512013,0.0620795782771553,-0.0203753924797626,1.4564596855136,1.07130403370132,25.9999,0.0638624477390889,-0.5,0,5,3.51132224183,0,dp,720,7,6,1,0.995195283561161,6,0.00480471643883936,0.0304414871600165,0.995195283561161,0.00480471643883936,26,,1,,FALSE,1,FALSE,3,confident,20260507_145347_unknown_allT_DP_MB_ME_g5_sm0p5_kg0_ks0_rcpp
sp2,15,1,1,7,7.3233081858001,2009-08-15,"","",tree,all,0.0381571271145179,0.372624469424891,0.406738340860665,0.00773303781512013,0.0620795782771553,-0.0203753924797626,1.4564596855136,1.07130403370132,25.9999,0.0638624477390889,-0.5,0,5,3.51132224183,0,given,720,7,6,1,1,2,0,0,1,0,31,,1,,FALSE,1,FALSE,3,confident,20260507_145347_unknown_allT_DP_MB_ME_g5_sm0p5_kg0_ks0_rcpp
sp2,15,1,1,8,12.1375475169085,2014-08-08,"","",tree,all,0.0381571271145179,0.372624469424891,0.406738340860665,0.00773303781512013,0.0620795782771553,-0.0203753924797626,1.4564596855136,1.07130403370132,25.9999,0.0638624477390889,-0.5,0,5,3.51132224183,0,given,,,,,,,,,,,36,,1,,FALSE,1,FALSE,3,,20260507_145347_unknown_allT_DP_MB_ME_g5_sm0p5_kg0_ks0_rcpp
sp2,15,1,1,9,17.8598578568593,2019-09-21,"","",tree,all,0.0381571271145179,0.372624469424891,0.406738340860665,0.00773303781512013,0.0620795782771553,-0.0203753924797626,1.4564596855136,1.07130403370132,25.9999,0.0638624477390889,-0.5,0,5,3.51132224183,0,given,,,,,,,,,,,41,,1,,FALSE,1,FALSE,3,,20260507_145347_unknown_allT_DP_MB_ME_g5_sm0p5_kg0_ks0_rcpp
sp2,15,2,,1,6.43536433022576,1980-01-01,"","",tree,all,0.0381571271145179,0.372624469424891,0.406738340860665,0.00773303781512013,0.0620795782771553,-0.0203753924797626,1.4564596855136,1.07130403370132,25.9999,0.0638624477390889,-0.5,0,5,3.51132224183,0,dp,720,7,6,4,0.339053159309129,2,0.326208581550103,1.13827192434909,0.326208581550103,0.00854774681200112,2,,2,,FALSE,2,FALSE,3,ambiguous,20260507_145347_unknown_allT_DP_MB_ME_g5_sm0p5_kg0_ks0_rcpp
sp2,15,2,,2,14.2440581825336,1985-01-08,"","",tree,all,0.0381571271145179,0.372624469424891,0.406738340860665,0.00773303781512013,0.0620795782771553,-0.0203753924797626,1.4564596855136,1.07130403370132,25.9999,0.0638624477390889,-0.5,0,5,3.51132224183,0,dp,720,7,6,5,0.333504078816102,2,0.33350182668996,1.10595768287666,0.33350182668996,0.00109358872608912,7,,2,,FALSE,2,FALSE,3,ambiguous,20260507_145347_unknown_allT_DP_MB_ME_g5_sm0p5_kg0_ks0_rcpp
sp2,15,2,,3,21.8334446020297,1989-11-07,"","",tree,all,0.0381571271145179,0.372624469424891,0.406738340860665,0.00773303781512013,0.0620795782771553,-0.0203753924797626,1.4564596855136,1.07130403370132,25.9999,0.0638624477390889,-0.5,0,5,3.51132224183,0,dp,720,7,6,5,0.355289277301931,2,0.355196410981497,1.0964985616135,0.355289277301931,0.000292690600668984,12,,5,,FALSE,5,FALSE,3,ambiguous,20260507_145347_unknown_allT_DP_MB_ME_g5_sm0p5_kg0_ks0_rcpp
sp2,15,2,,4,29.0421857674441,1994-09-08,"","",tree,all,0.0381571271145179,0.372624469424891,0.406738340860665,0.00773303781512013,0.0620795782771553,-0.0203753924797626,1.4564596855136,1.07130403370132,25.9999,0.0638624477390889,-0.5,0,5,3.51132224183,0,dp,720,7,6,5,0.437793802031188,2,0.437351738553606,0.983091407876758,0.437793802031188,0,17,,5,,FALSE,5,FALSE,3,ambiguous,20260507_145347_unknown_allT_DP_MB_ME_g5_sm0p5_kg0_ks0_rcpp
sp2,15,2,,5,34.6000109586872,1999-07-09,"","",tree,all,0.0381571271145179,0.372624469424891,0.406738340860665,0.00773303781512013,0.0620795782771553,-0.0203753924797626,1.4564596855136,1.07130403370132,25.9999,0.0638624477390889,-0.5,0,5,3.51132224183,0,dp,720,7,6,5,0.462846069714871,2,0.462760932517017,0.906438706017195,0.462760932517017,0,22,,2,,FALSE,2,FALSE,3,ambiguous,20260507_145347_unknown_allT_DP_MB_ME_g5_sm0p5_kg0_ks0_rcpp
sp2,15,2,,6,43.0288024555046,2004-07-29,"","",tree,all,0.0381571271145179,0.372624469424891,0.406738340860665,0.00773303781512013,0.0620795782771553,-0.0203753924797626,1.4564596855136,1.07130403370132,25.9999,0.0638624477390889,-0.5,0,5,3.51132224183,0,dp,720,7,6,5,0.518746066085551,2,0.481253933914449,0.692444185823264,0.518746066085551,0,27,,5,,FALSE,5,FALSE,3,ambiguous,20260507_145347_unknown_allT_DP_MB_ME_g5_sm0p5_kg0_ks0_rcpp
sp2,15,2,2,7,49.3565865475672,2009-08-15,"","",tree,all,0.0381571271145179,0.372624469424891,0.406738340860665,0.00773303781512013,0.0620795782771553,-0.0203753924797626,1.4564596855136,1.07130403370132,25.9999,0.0638624477390889,-0.5,0,5,3.51132224183,0,given,720,7,6,2,1,1,0,0,1,0,32,,2,,FALSE,2,FALSE,3,confident,20260507_145347_unknown_allT_DP_MB_ME_g5_sm0p5_kg0_ks0_rcpp
sp2,15,2,2,8,59.9277754247837,2014-08-08,"","",tree,all,0.0381571271145179,0.372624469424891,0.406738340860665,0.00773303781512013,0.0620795782771553,-0.0203753924797626,1.4564596855136,1.07130403370132,25.9999,0.0638624477390889,-0.5,0,5,3.51132224183,0,given,,,,,,,,,,,37,,2,,FALSE,2,FALSE,3,,20260507_145347_unknown_allT_DP_MB_ME_g5_sm0p5_kg0_ks0_rcpp
sp2,15,2,2,9,73.3261746653997,2019-09-21,"","",tree,all,0.0381571271145179,0.372624469424891,0.406738340860665,0.00773303781512013,0.0620795782771553,-0.0203753924797626,1.4564596855136,1.07130403370132,25.9999,0.0638624477390889,-0.5,0,5,3.51132224183,0,given,,,,,,,,,,,42,,2,,FALSE,2,FALSE,3,,20260507_145347_unknown_allT_DP_MB_ME_g5_sm0p5_kg0_ks0_rcpp
sp2,15,3,,1,,1980-01-01,"","",tree,all,0.0381571271145179,0.372624469424891,0.406738340860665,0.00773303781512013,0.0620795782771553,-0.0203753924797626,1.4564596855136,1.07130403370132,25.9999,0.0638624477390889,-0.5,0,5,3.51132224183,0,given_orphan,720,7,6,,,,,,,,3,,3,,FALSE,,FALSE,3,,20260507_145347_unknown_allT_DP_MB_ME_g5_sm0p5_kg0_ks0_rcpp
sp2,15,3,,2,,1985-01-08,"","",tree,all,0.0381571271145179,0.372624469424891,0.406738340860665,0.00773303781512013,0.0620795782771553,-0.0203753924797626,1.4564596855136,1.07130403370132,25.9999,0.0638624477390889,-0.5,0,5,3.51132224183,0,given_orphan,720,7,6,,,,,,,,8,,3,,FALSE,,FALSE,3,,20260507_145347_unknown_allT_DP_MB_ME_g5_sm0p5_kg0_ks0_rcpp
sp2,15,3,,3,,1989-11-07,"","",tree,all,0.0381571271145179,0.372624469424891,0.406738340860665,0.00773303781512013,0.0620795782771553,-0.0203753924797626,1.4564596855136,1.07130403370132,25.9999,0.0638624477390889,-0.5,0,5,3.51132224183,0,given_orphan,720,7,6,,,,,,,,13,,3,,FALSE,,FALSE,3,,20260507_145347_unknown_allT_DP_MB_ME_g5_sm0p5_kg0_ks0_rcpp
sp2,15,3,,4,,1994-09-08,"","",tree,all,0.0381571271145179,0.372624469424891,0.406738340860665,0.00773303781512013,0.0620795782771553,-0.0203753924797626,1.4564596855136,1.07130403370132,25.9999,0.0638624477390889,-0.5,0,5,3.51132224183,0,given_orphan,720,7,6,,,,,,,,18,,3,,FALSE,,FALSE,3,,20260507_145347_unknown_allT_DP_MB_ME_g5_sm0p5_kg0_ks0_rcpp
sp2,15,3,,5,,1999-07-09,"","",tree,all,0.0381571271145179,0.372624469424891,0.406738340860665,0.00773303781512013,0.0620795782771553,-0.0203753924797626,1.4564596855136,1.07130403370132,25.9999,0.0638624477390889,-0.5,0,5,3.51132224183,0,given_orphan,720,7,6,,,,,,,,23,,3,,FALSE,,FALSE,3,,20260507_145347_unknown_allT_DP_MB_ME_g5_sm0p5_kg0_ks0_rcpp
sp2,15,3,,6,,2004-07-29,"","",tree,all,0.0381571271145179,0.372624469424891,0.406738340860665,0.00773303781512013,0.0620795782771553,-0.0203753924797626,1.4564596855136,1.07130403370132,25.9999,0.0638624477390889,-0.5,0,5,3.51132224183,0,given_orphan,720,7,6,,,,,,,,28,,3,,FALSE,,FALSE,3,,20260507_145347_unknown_allT_DP_MB_ME_g5_sm0p5_kg0_ks0_rcpp
sp2,15,3,3,7,0.50304619455479,2009-08-15,"","",tree,all,0.0381571271145179,0.372624469424891,0.406738340860665,0.00773303781512013,0.0620795782771553,-0.0203753924797626,1.4564596855136,1.07130403370132,25.9999,0.0638624477390889,-0.5,0,5,3.51132224183,0,given,720,7,6,3,1,1,0,0,1,0,33,,3,,FALSE,3,FALSE,3,confident,20260507_145347_unknown_allT_DP_MB_ME_g5_sm0p5_kg0_ks0_rcpp
sp2,15,3,3,8,1.15893696968442,2014-08-08,"","",tree,all,0.0381571271145179,0.372624469424891,0.406738340860665,0.00773303781512013,0.0620795782771553,-0.0203753924797626,1.4564596855136,1.07130403370132,25.9999,0.0638624477390889,-0.5,0,5,3.51132224183,0,given,,,,,,,,,,,38,,3,,FALSE,3,FALSE,3,,20260507_145347_unknown_allT_DP_MB_ME_g5_sm0p5_kg0_ks0_rcpp
sp2,15,3,3,9,3.4228795483426,2019-09-21,"","",tree,all,0.0381571271145179,0.372624469424891,0.406738340860665,0.00773303781512013,0.0620795782771553,-0.0203753924797626,1.4564596855136,1.07130403370132,25.9999,0.0638624477390889,-0.5,0,5,3.51132224183,0,given,,,,,,,,,,,43,,3,,FALSE,3,FALSE,3,,20260507_145347_unknown_allT_DP_MB_ME_g5_sm0p5_kg0_ks0_rcpp
sp2,15,4,,1,6.35708217032227,1980-01-01,"","",tree,all,0.0381571271145179,0.372624469424891,0.406738340860665,0.00773303781512013,0.0620795782771553,-0.0203753924797626,1.4564596855136,1.07130403370132,25.9999,0.0638624477390889,-0.5,0,5,3.51132224183,0,dp,720,7,6,4,0.339160452992393,2,0.325917648505348,1.13998489115491,0.339160452992393,0.00902287942179874,4,,4,,FALSE,4,FALSE,3,ambiguous,20260507_145347_unknown_allT_DP_MB_ME_g5_sm0p5_kg0_ks0_rcpp
sp2,15,4,,2,13.0595392431898,1985-01-08,"","",tree,all,0.0381571271145179,0.372624469424891,0.406738340860665,0.00773303781512013,0.0620795782771553,-0.0203753924797626,1.4564596855136,1.07130403370132,25.9999,0.0638624477390889,-0.5,0,5,3.51132224183,0,dp,720,7,6,4,0.357972012353348,2,0.320290762826421,1.10680675160306,0.357972012353348,0.00149947009933067,9,,4,,FALSE,4,FALSE,3,ambiguous,20260507_145347_unknown_allT_DP_MB_ME_g5_sm0p5_kg0_ks0_rcpp
sp2,15,4,,3,19.2561689359655,1989-11-07,"","",tree,all,0.0381571271145179,0.372624469424891,0.406738340860665,0.00773303781512013,0.0620795782771553,-0.0203753924797626,1.4564596855136,1.07130403370132,25.9999,0.0638624477390889,-0.5,0,5,3.51132224183,0,dp,720,7,6,4,0.411482441739193,2,0.29417852094533,1.08786408183741,0.411482441739193,0.000325531576773092,14,,4,,FALSE,4,FALSE,3,ambiguous,20260507_145347_unknown_allT_DP_MB_ME_g5_sm0p5_kg0_ks0_rcpp
sp2,15,4,,4,25.2996479807976,1994-09-08,"","",tree,all,0.0381571271145179,0.372624469424891,0.406738340860665,0.00773303781512013,0.0620795782771553,-0.0203753924797626,1.4564596855136,1.07130403370132,25.9999,0.0638624477390889,-0.5,0,5,3.51132224183,0,dp,720,7,6,4,0.370153172677941,2,0.314966664540714,1.09561369803771,0.314966664540714,0,19,,2,,FALSE,2,FALSE,3,ambiguous,20260507_145347_unknown_allT_DP_MB_ME_g5_sm0p5_kg0_ks0_rcpp
sp2,15,4,,5,30.6353739063133,1999-07-09,"","",tree,all,0.0381571271145179,0.372624469424891,0.406738340860665,0.00773303781512013,0.0620795782771553,-0.0203753924797626,1.4564596855136,1.07130403370132,25.9999,0.0638624477390889,-0.5,0,5,3.51132224183,0,dp,720,7,6,4,0.860929382611352,2,0.0700646964996411,0.499665168411523,0.860929382611352,0,24,,4,,FALSE,4,FALSE,3,ambiguous,20260507_145347_unknown_allT_DP_MB_ME_g5_sm0p5_kg0_ks0_rcpp
sp2,15,4,,6,35.2883124731881,2004-07-29,"","",tree,all,0.0381571271145179,0.372624469424891,0.406738340860665,0.00773303781512013,0.0620795782771553,-0.0203753924797626,1.4564596855136,1.07130403370132,25.9999,0.0638624477390889,-0.5,0,5,3.51132224183,0,dp,720,7,6,4,1,1,0,0,1,0,29,,4,,FALSE,4,FALSE,3,confident,20260507_145347_unknown_allT_DP_MB_ME_g5_sm0p5_kg0_ks0_rcpp
sp2,15,4,4,7,38.5236511089173,2009-08-15,"","",tree,all,0.0381571271145179,0.372624469424891,0.406738340860665,0.00773303781512013,0.0620795782771553,-0.0203753924797626,1.4564596855136,1.07130403370132,25.9999,0.0638624477390889,-0.5,0,5,3.51132224183,0,given,720,7,6,4,1,1,0,0,1,0,34,,4,,FALSE,4,FALSE,3,confident,20260507_145347_unknown_allT_DP_MB_ME_g5_sm0p5_kg0_ks0_rcpp
sp2,15,4,4,8,53.6197682694375,2014-08-08,"","",tree,all,0.0381571271145179,0.372624469424891,0.406738340860665,0.00773303781512013,0.0620795782771553,-0.0203753924797626,1.4564596855136,1.07130403370132,25.9999,0.0638624477390889,-0.5,0,5,3.51132224183,0,given,,,,,,,,,,,39,,4,,FALSE,4,FALSE,3,,20260507_145347_unknown_allT_DP_MB_ME_g5_sm0p5_kg0_ks0_rcpp
sp2,15,4,4,9,64.3669168174391,2019-09-21,"","",tree,all,0.0381571271145179,0.372624469424891,0.406738340860665,0.00773303781512013,0.0620795782771553,-0.0203753924797626,1.4564596855136,1.07130403370132,25.9999,0.0638624477390889,-0.5,0,5,3.51132224183,0,given,,,,,,,,,,,44,,4,,FALSE,4,FALSE,3,,20260507_145347_unknown_allT_DP_MB_ME_g5_sm0p5_kg0_ks0_rcpp
sp2,15,5,,1,10.5277296877634,1980-01-01,"","",tree,all,0.0381571271145179,0.372624469424891,0.406738340860665,0.00773303781512013,0.0620795782771553,-0.0203753924797626,1.4564596855136,1.07130403370132,25.9999,0.0638624477390889,-0.5,0,5,3.51132224183,0,dp,720,7,6,5,0.34130098372528,2,0.341264240023678,1.11161222108721,0.34130098372528,0.00228958966841755,5,,5,,FALSE,5,FALSE,3,ambiguous,20260507_145347_unknown_allT_DP_MB_ME_g5_sm0p5_kg0_ks0_rcpp
sp2,15,5,,2,16.4850890112292,1985-01-08,"","",tree,all,0.0381571271145179,0.372624469424891,0.406738340860665,0.00773303781512013,0.0620795782771553,-0.0203753924797626,1.4564596855136,1.07130403370132,25.9999,0.0638624477390889,-0.5,0,5,3.51132224183,0,dp,720,7,6,5,0.345149462756392,2,0.345098508154335,1.10335075577082,0.345149462756392,0.000874284947767612,10,,5,,FALSE,5,FALSE,3,ambiguous,20260507_145347_unknown_allT_DP_MB_ME_g5_sm0p5_kg0_ks0_rcpp
sp2,15,5,,3,21.7020690264341,1989-11-07,"","",tree,all,0.0381571271145179,0.372624469424891,0.406738340860665,0.00773303781512013,0.0620795782771553,-0.0203753924797626,1.4564596855136,1.07130403370132,25.9999,0.0638624477390889,-0.5,0,5,3.51132224183,0,dp,720,7,6,5,0.350442711861328,2,0.350370349744271,1.09829062940619,0.350370349744271,0.000296939067741526,15,,2,,FALSE,2,FALSE,3,ambiguous,20260507_145347_unknown_allT_DP_MB_ME_g5_sm0p5_kg0_ks0_rcpp
sp2,15,5,,4,24.5553681399127,1994-09-08,"","",tree,all,0.0381571271145179,0.372624469424891,0.406738340860665,0.00773303781512013,0.0620795782771553,-0.0203753924797626,1.4564596855136,1.07130403370132,25.9999,0.0638624477390889,-0.5,0,5,3.51132224183,0,dp,720,7,6,4,0.504992367906853,2,0.247681596905679,1.03621034909885,0.504992367906853,0,20,,4,,FALSE,4,FALSE,3,ambiguous,20260507_145347_unknown_allT_DP_MB_ME_g5_sm0p5_kg0_ks0_rcpp
sp2,15,5,,5,34.8523448770201,1999-07-09,"","",tree,all,0.0381571271145179,0.372624469424891,0.406738340860665,0.00773303781512013,0.0620795782771553,-0.0203753924797626,1.4564596855136,1.07130403370132,25.9999,0.0638624477390889,-0.5,0,5,3.51132224183,0,dp,720,7,6,5,0.468148009396121,2,0.467174370983342,0.887964291882419,0.468148009396121,0,25,,5,,FALSE,5,FALSE,3,ambiguous,20260507_145347_unknown_allT_DP_MB_ME_g5_sm0p5_kg0_ks0_rcpp
sp2,15,5,,6,41.9172633535156,2004-07-29,"","",tree,all,0.0381571271145179,0.372624469424891,0.406738340860665,0.00773303781512013,0.0620795782771553,-0.0203753924797626,1.4564596855136,1.07130403370132,25.9999,0.0638624477390889,-0.5,0,5,3.51132224183,0,dp,720,7,6,2,0.518746066085551,5,0.481253933914449,0.692444185823264,0.518746066085551,0,30,,2,,FALSE,2,FALSE,3,ambiguous,20260507_145347_unknown_allT_DP_MB_ME_g5_sm0p5_kg0_ks0_rcpp
sp2,15,5,5,7,50.2988999217725,2009-08-15,"","",tree,all,0.0381571271145179,0.372624469424891,0.406738340860665,0.00773303781512013,0.0620795782771553,-0.0203753924797626,1.4564596855136,1.07130403370132,25.9999,0.0638624477390889,-0.5,0,5,3.51132224183,0,given,720,7,6,5,1,1,0,0,1,0,35,,5,,FALSE,5,FALSE,3,confident,20260507_145347_unknown_allT_DP_MB_ME_g5_sm0p5_kg0_ks0_rcpp
sp2,15,5,5,8,55.394425133033,2014-08-08,"","",tree,all,0.0381571271145179,0.372624469424891,0.406738340860665,0.00773303781512013,0.0620795782771553,-0.0203753924797626,1.4564596855136,1.07130403370132,25.9999,0.0638624477390889,-0.5,0,5,3.51132224183,0,given,,,,,,,,,,,40,,5,,FALSE,5,FALSE,3,,20260507_145347_unknown_allT_DP_MB_ME_g5_sm0p5_kg0_ks0_rcpp
sp2,15,5,5,9,68.7978590705211,2019-09-21,"","",tree,all,0.0381571271145179,0.372624469424891,0.406738340860665,0.00773303781512013,0.0620795782771553,-0.0203753924797626,1.4564596855136,1.07130403370132,25.9999,0.0638624477390889,-0.5,0,5,3.51132224183,0,given,,,,,,,,,,,45,,5,,FALSE,5,FALSE,3,,20260507_145347_unknown_allT_DP_MB_ME_g5_sm0p5_kg0_ks0_rcpp
sp2,16,1,,1,,1980-01-01,"","",tree,all,0.0381571271145179,0.372624469424891,0.406738340860665,0.00773303781512013,0.0620795782771553,-0.0203753924797626,1.4564596855136,1.07130403370132,25.9999,0.0638624477390889,-0.5,0,5,3.51132224183,0,given_orphan,2,1,2,,,,,,,,1,,1,,FALSE,,FALSE,3,,20260507_145347_unknown_allT_DP_MB_ME_g5_sm0p5_kg0_ks0_rcpp
sp2,16,1,,2,,1985-02-12,"","",tree,all,0.0381571271145179,0.372624469424891,0.406738340860665,0.00773303781512013,0.0620795782771553,-0.0203753924797626,1.4564596855136,1.07130403370132,25.9999,0.0638624477390889,-0.5,0,5,3.51132224183,0,given_orphan,2,1,2,,,,,,,,4,,1,,FALSE,,FALSE,3,,20260507_145347_unknown_allT_DP_MB_ME_g5_sm0p5_kg0_ks0_rcpp
sp2,16,1,,3,,1990-02-19,"","",tree,all,0.0381571271145179,0.372624469424891,0.406738340860665,0.00773303781512013,0.0620795782771553,-0.0203753924797626,1.4564596855136,1.07130403370132,25.9999,0.0638624477390889,-0.5,0,5,3.51132224183,0,given_orphan,2,1,2,,,,,,,,7,,1,,FALSE,,FALSE,3,,20260507_145347_unknown_allT_DP_MB_ME_g5_sm0p5_kg0_ks0_rcpp
sp2,16,1,,4,,1995-02-23,"","",tree,all,0.0381571271145179,0.372624469424891,0.406738340860665,0.00773303781512013,0.0620795782771553,-0.0203753924797626,1.4564596855136,1.07130403370132,25.9999,0.0638624477390889,-0.5,0,5,3.51132224183,0,given_orphan,2,1,2,,,,,,,,10,,1,,FALSE,,FALSE,3,,20260507_145347_unknown_allT_DP_MB_ME_g5_sm0p5_kg0_ks0_rcpp
sp2,16,1,,5,,1999-12-15,"","",tree,all,0.0381571271145179,0.372624469424891,0.406738340860665,0.00773303781512013,0.0620795782771553,-0.0203753924797626,1.4564596855136,1.07130403370132,25.9999,0.0638624477390889,-0.5,0,5,3.51132224183,0,given_orphan,2,1,2,,,,,,,,13,,1,,FALSE,,FALSE,3,,20260507_145347_unknown_allT_DP_MB_ME_g5_sm0p5_kg0_ks0_rcpp
sp2,16,1,,6,,2004-12-23,"","",tree,all,0.0381571271145179,0.372624469424891,0.406738340860665,0.00773303781512013,0.0620795782771553,-0.0203753924797626,1.4564596855136,1.07130403370132,25.9999,0.0638624477390889,-0.5,0,5,3.51132224183,0,given_orphan,2,1,2,,,,,,,,16,,1,,FALSE,,FALSE,3,,20260507_145347_unknown_allT_DP_MB_ME_g5_sm0p5_kg0_ks0_rcpp
sp2,16,1,1,7,,2009-12-26,"","",tree,all,0.0381571271145179,0.372624469424891,0.406738340860665,0.00773303781512013,0.0620795782771553,-0.0203753924797626,1.4564596855136,1.07130403370132,25.9999,0.0638624477390889,-0.5,0,5,3.51132224183,0,given,2,1,2,,,,,,,,19,,1,,FALSE,1,FALSE,3,,20260507_145347_unknown_allT_DP_MB_ME_g5_sm0p5_kg0_ks0_rcpp
sp2,16,1,1,8,0.463965085664519,2014-11-24,"","",tree,all,0.0381571271145179,0.372624469424891,0.406738340860665,0.00773303781512013,0.0620795782771553,-0.0203753924797626,1.4564596855136,1.07130403370132,25.9999,0.0638624477390889,-0.5,0,5,3.51132224183,0,given,,,,,,,,,,,22,,1,,FALSE,1,FALSE,3,,20260507_145347_unknown_allT_DP_MB_ME_g5_sm0p5_kg0_ks0_rcpp
sp2,16,1,1,9,1.87764179786707,2019-11-12,"","",tree,all,0.0381571271145179,0.372624469424891,0.406738340860665,0.00773303781512013,0.0620795782771553,-0.0203753924797626,1.4564596855136,1.07130403370132,25.9999,0.0638624477390889,-0.5,0,5,3.51132224183,0,given,,,,,,,,,,,25,,1,,FALSE,1,FALSE,3,,20260507_145347_unknown_allT_DP_MB_ME_g5_sm0p5_kg0_ks0_rcpp
sp2,16,2,,1,86.0949594753855,1980-01-01,"","",tree,all,0.0381571271145179,0.372624469424891,0.406738340860665,0.00773303781512013,0.0620795782771553,-0.0203753924797626,1.4564596855136,1.07130403370132,25.9999,0.0638624477390889,-0.5,0,5,3.51132224183,0,dp,2,1,2,4,1,3,0,0,1,1,2,,4,,FALSE,4,FALSE,3,unlinked-likely,20260507_145347_unknown_allT_DP_MB_ME_g5_sm0p5_kg0_ks0_rcpp
sp2,16,2,,2,98.9695200975576,1985-02-12,"","",tree,all,0.0381571271145179,0.372624469424891,0.406738340860665,0.00773303781512013,0.0620795782771553,-0.0203753924797626,1.4564596855136,1.07130403370132,25.9999,0.0638624477390889,-0.5,0,5,3.51132224183,0,dp,2,1,2,4,1,3,0,0,1,1,5,,4,,FALSE,4,FALSE,3,unlinked-likely,20260507_145347_unknown_allT_DP_MB_ME_g5_sm0p5_kg0_ks0_rcpp
sp2,16,2,,3,111.183181552018,1990-02-19,"","",tree,all,0.0381571271145179,0.372624469424891,0.406738340860665,0.00773303781512013,0.0620795782771553,-0.0203753924797626,1.4564596855136,1.07130403370132,25.9999,0.0638624477390889,-0.5,0,5,3.51132224183,0,dp,2,1,2,4,1,3,0,0,1,1,8,,4,,FALSE,4,FALSE,3,unlinked-likely,20260507_145347_unknown_allT_DP_MB_ME_g5_sm0p5_kg0_ks0_rcpp
sp2,16,2,,4,,1995-02-23,"","",tree,all,0.0381571271145179,0.372624469424891,0.406738340860665,0.00773303781512013,0.0620795782771553,-0.0203753924797626,1.4564596855136,1.07130403370132,25.9999,0.0638624477390889,-0.5,0,5,3.51132224183,0,given_orphan,2,1,2,,,,,,,,11,,2,,FALSE,,FALSE,3,,20260507_145347_unknown_allT_DP_MB_ME_g5_sm0p5_kg0_ks0_rcpp
sp2,16,2,,5,,1999-12-15,"","",tree,all,0.0381571271145179,0.372624469424891,0.406738340860665,0.00773303781512013,0.0620795782771553,-0.0203753924797626,1.4564596855136,1.07130403370132,25.9999,0.0638624477390889,-0.5,0,5,3.51132224183,0,given_orphan,2,1,2,,,,,,,,14,,2,,FALSE,,FALSE,3,,20260507_145347_unknown_allT_DP_MB_ME_g5_sm0p5_kg0_ks0_rcpp
sp2,16,2,,6,,2004-12-23,"","",tree,all,0.0381571271145179,0.372624469424891,0.406738340860665,0.00773303781512013,0.0620795782771553,-0.0203753924797626,1.4564596855136,1.07130403370132,25.9999,0.0638624477390889,-0.5,0,5,3.51132224183,0,given_orphan,2,1,2,,,,,,,,17,,2,,FALSE,,FALSE,3,,20260507_145347_unknown_allT_DP_MB_ME_g5_sm0p5_kg0_ks0_rcpp
sp2,16,2,2,7,,2009-12-26,"","",tree,all,0.0381571271145179,0.372624469424891,0.406738340860665,0.00773303781512013,0.0620795782771553,-0.0203753924797626,1.4564596855136,1.07130403370132,25.9999,0.0638624477390889,-0.5,0,5,3.51132224183,0,given,2,1,2,,,,,,,,20,,2,,FALSE,2,FALSE,3,,20260507_145347_unknown_allT_DP_MB_ME_g5_sm0p5_kg0_ks0_rcpp
sp2,16,2,2,8,,2014-11-24,"","",tree,all,0.0381571271145179,0.372624469424891,0.406738340860665,0.00773303781512013,0.0620795782771553,-0.0203753924797626,1.4564596855136,1.07130403370132,25.9999,0.0638624477390889,-0.5,0,5,3.51132224183,0,given,,,,,,,,,,,23,,2,,FALSE,2,FALSE,3,,20260507_145347_unknown_allT_DP_MB_ME_g5_sm0p5_kg0_ks0_rcpp
sp2,16,2,2,9,,2019-11-12,"","",tree,all,0.0381571271145179,0.372624469424891,0.406738340860665,0.00773303781512013,0.0620795782771553,-0.0203753924797626,1.4564596855136,1.07130403370132,25.9999,0.0638624477390889,-0.5,0,5,3.51132224183,0,given,,,,,,,,,,,26,,2,,FALSE,2,FALSE,3,,20260507_145347_unknown_allT_DP_MB_ME_g5_sm0p5_kg0_ks0_rcpp
sp2,16,3,,1,7.9341289068332,1980-01-01,"","",tree,all,0.0381571271145179,0.372624469424891,0.406738340860665,0.00773303781512013,0.0620795782771553,-0.0203753924797626,1.4564596855136,1.07130403370132,25.9999,0.0638624477390889,-0.5,0,5,3.51132224183,0,dp,2,1,2,3,1,4,0,0,1,0,3,,3,,FALSE,3,FALSE,3,confident,20260507_145347_unknown_allT_DP_MB_ME_g5_sm0p5_kg0_ks0_rcpp
sp2,16,3,,2,13.081546789332,1985-02-12,"","",tree,all,0.0381571271145179,0.372624469424891,0.406738340860665,0.00773303781512013,0.0620795782771553,-0.0203753924797626,1.4564596855136,1.07130403370132,25.9999,0.0638624477390889,-0.5,0,5,3.51132224183,0,dp,2,1,2,3,1,4,0,0,1,0,6,,3,,FALSE,3,FALSE,3,confident,20260507_145347_unknown_allT_DP_MB_ME_g5_sm0p5_kg0_ks0_rcpp
sp2,16,3,,3,17.1829316733304,1990-02-19,"","",tree,all,0.0381571271145179,0.372624469424891,0.406738340860665,0.00773303781512013,0.0620795782771553,-0.0203753924797626,1.4564596855136,1.07130403370132,25.9999,0.0638624477390889,-0.5,0,5,3.51132224183,0,dp,2,1,2,3,1,4,0,0,1,0,9,,3,,FALSE,3,FALSE,3,confident,20260507_145347_unknown_allT_DP_MB_ME_g5_sm0p5_kg0_ks0_rcpp
sp2,16,3,,4,23.5024416926243,1995-02-23,"","",tree,all,0.0381571271145179,0.372624469424891,0.406738340860665,0.00773303781512013,0.0620795782771553,-0.0203753924797626,1.4564596855136,1.07130403370132,25.9999,0.0638624477390889,-0.5,0,5,3.51132224183,0,dp,2,1,2,3,1,4,0,0,1,0,12,,3,,FALSE,3,FALSE,3,confident,20260507_145347_unknown_allT_DP_MB_ME_g5_sm0p5_kg0_ks0_rcpp
sp2,16,3,,5,31.0641051887645,1999-12-15,"","",tree,all,0.0381571271145179,0.372624469424891,0.406738340860665,0.00773303781512013,0.0620795782771553,-0.0203753924797626,1.4564596855136,1.07130403370132,25.9999,0.0638624477390889,-0.5,0,5,3.51132224183,0,dp,2,1,2,3,1,4,0,0,1,0,15,,3,,FALSE,3,FALSE,3,confident,20260507_145347_unknown_allT_DP_MB_ME_g5_sm0p5_kg0_ks0_rcpp
sp2,16,3,,6,34.8811797960768,2004-12-23,"","",tree,all,0.0381571271145179,0.372624469424891,0.406738340860665,0.00773303781512013,0.0620795782771553,-0.0203753924797626,1.4564596855136,1.07130403370132,25.9999,0.0638624477390889,-0.5,0,5,3.51132224183,0,dp,2,1,2,3,1,4,0,0,1,0,18,,3,,FALSE,3,FALSE,3,confident,20260507_145347_unknown_allT_DP_MB_ME_g5_sm0p5_kg0_ks0_rcpp
sp2,16,3,3,7,41.5196960145915,2009-12-26,"","",tree,all,0.0381571271145179,0.372624469424891,0.406738340860665,0.00773303781512013,0.0620795782771553,-0.0203753924797626,1.4564596855136,1.07130403370132,25.9999,0.0638624477390889,-0.5,0,5,3.51132224183,0,given,2,1,2,3,1,4,0,0,1,0,21,,3,,FALSE,3,FALSE,3,confident,20260507_145347_unknown_allT_DP_MB_ME_g5_sm0p5_kg0_ks0_rcpp
sp2,16,3,3,8,42.4580931827269,2014-11-24,"","",tree,all,0.0381571271145179,0.372624469424891,0.406738340860665,0.00773303781512013,0.0620795782771553,-0.0203753924797626,1.4564596855136,1.07130403370132,25.9999,0.0638624477390889,-0.5,0,5,3.51132224183,0,given,,,,,,,,,,,24,,3,,FALSE,3,FALSE,3,,20260507_145347_unknown_allT_DP_MB_ME_g5_sm0p5_kg0_ks0_rcpp
sp2,16,3,3,9,54.0826698753818,2019-11-12,"","",tree,all,0.0381571271145179,0.372624469424891,0.406738340860665,0.00773303781512013,0.0620795782771553,-0.0203753924797626,1.4564596855136,1.07130403370132,25.9999,0.0638624477390889,-0.5,0,5,3.51132224183,0,given,,,,,,,,,,,27,,3,,FALSE,3,FALSE,3,,20260507_145347_unknown_allT_DP_MB_ME_g5_sm0p5_kg0_ks0_rcpp
sp2,17,1,,1,9.13053247266929,1980-01-01,"","",tree,all,0.0381571271145179,0.372624469424891,0.406738340860665,0.00773303781512013,0.0620795782771553,-0.0203753924797626,1.4564596855136,1.07130403370132,25.9999,0.0638624477390889,-0.5,0,5,3.51132224183,0,dp,6,3,3,1,0.995576284775594,3,0.0044237152244064,0.0283938827456172,0.995576284775594,0.0044237152244064,1,,1,,FALSE,1,FALSE,3,confident,20260507_145347_unknown_allT_DP_MB_ME_g5_sm0p5_kg0_ks0_rcpp
sp2,17,1,,2,17.8472408834956,1985-02-05,"","",tree,all,0.0381571271145179,0.372624469424891,0.406738340860665,0.00773303781512013,0.0620795782771553,-0.0203753924797626,1.4564596855136,1.07130403370132,25.9999,0.0638624477390889,-0.5,0,5,3.51132224183,0,dp,6,3,3,1,0.999545007615691,3,0.00045499238430876,0.00395615984908289,0.999545007615691,0.00045499238430876,3,,1,,FALSE,1,FALSE,3,confident,20260507_145347_unknown_allT_DP_MB_ME_g5_sm0p5_kg0_ks0_rcpp
sp2,17,1,,3,24.6962532663675,1990-03-19,"","",tree,all,0.0381571271145179,0.372624469424891,0.406738340860665,0.00773303781512013,0.0620795782771553,-0.0203753924797626,1.4564596855136,1.07130403370132,25.9999,0.0638624477390889,-0.5,0,5,3.51132224183,0,dp,6,3,3,1,1,2,0,0,1,0,5,,1,,FALSE,1,FALSE,3,confident,20260507_145347_unknown_allT_DP_MB_ME_g5_sm0p5_kg0_ks0_rcpp
sp2,17,1,,4,34.4676921677045,1995-04-08,"","",tree,all,0.0381571271145179,0.372624469424891,0.406738340860665,0.00773303781512013,0.0620795782771553,-0.0203753924797626,1.4564596855136,1.07130403370132,25.9999,0.0638624477390889,-0.5,0,5,3.51132224183,0,dp,6,3,3,1,1,2,0,0,1,0,7,,1,,FALSE,1,FALSE,3,confident,20260507_145347_unknown_allT_DP_MB_ME_g5_sm0p5_kg0_ks0_rcpp
sp2,17,1,,5,46.2241535594501,2000-03-15,"","",tree,all,0.0381571271145179,0.372624469424891,0.406738340860665,0.00773303781512013,0.0620795782771553,-0.0203753924797626,1.4564596855136,1.07130403370132,25.9999,0.0638624477390889,-0.5,0,5,3.51132224183,0,dp,6,3,3,1,1,2,0,0,1,0,9,,1,,FALSE,1,FALSE,3,confident,20260507_145347_unknown_allT_DP_MB_ME_g5_sm0p5_kg0_ks0_rcpp
sp2,17,1,,6,54.5831006927556,2005-04-02,"","",tree,all,0.0381571271145179,0.372624469424891,0.406738340860665,0.00773303781512013,0.0620795782771553,-0.0203753924797626,1.4564596855136,1.07130403370132,25.9999,0.0638624477390889,-0.5,0,5,3.51132224183,0,dp,6,3,3,1,1,2,0,0,1,0,11,,1,,FALSE,1,FALSE,3,confident,20260507_145347_unknown_allT_DP_MB_ME_g5_sm0p5_kg0_ks0_rcpp
sp2,17,1,1,7,59.8411165649203,2010-05-20,"","",tree,all,0.0381571271145179,0.372624469424891,0.406738340860665,0.00773303781512013,0.0620795782771553,-0.0203753924797626,1.4564596855136,1.07130403370132,25.9999,0.0638624477390889,-0.5,0,5,3.51132224183,0,given,6,3,3,1,1,2,0,0,1,0,13,,1,,FALSE,1,FALSE,3,confident,20260507_145347_unknown_allT_DP_MB_ME_g5_sm0p5_kg0_ks0_rcpp
sp2,17,1,1,8,70.6983254691036,2015-04-14,"","",tree,all,0.0381571271145179,0.372624469424891,0.406738340860665,0.00773303781512013,0.0620795782771553,-0.0203753924797626,1.4564596855136,1.07130403370132,25.9999,0.0638624477390889,-0.5,0,5,3.51132224183,0,given,,,,,,,,,,,15,,1,,FALSE,1,FALSE,3,,20260507_145347_unknown_allT_DP_MB_ME_g5_sm0p5_kg0_ks0_rcpp
sp2,17,1,1,9,82.1474392830574,2020-04-10,"","",tree,all,0.0381571271145179,0.372624469424891,0.406738340860665,0.00773303781512013,0.0620795782771553,-0.0203753924797626,1.4564596855136,1.07130403370132,25.9999,0.0638624477390889,-0.5,0,5,3.51132224183,0,given,,,,,,,,,,,17,,1,,FALSE,1,FALSE,3,,20260507_145347_unknown_allT_DP_MB_ME_g5_sm0p5_kg0_ks0_rcpp
sp2,17,2,,1,,1980-01-01,"","",tree,all,0.0381571271145179,0.372624469424891,0.406738340860665,0.00773303781512013,0.0620795782771553,-0.0203753924797626,1.4564596855136,1.07130403370132,25.9999,0.0638624477390889,-0.5,0,5,3.51132224183,0,given_orphan,6,3,3,,,,,,,,2,,2,,FALSE,,FALSE,3,,20260507_145347_unknown_allT_DP_MB_ME_g5_sm0p5_kg0_ks0_rcpp
sp2,17,2,,2,,1985-02-05,"","",tree,all,0.0381571271145179,0.372624469424891,0.406738340860665,0.00773303781512013,0.0620795782771553,-0.0203753924797626,1.4564596855136,1.07130403370132,25.9999,0.0638624477390889,-0.5,0,5,3.51132224183,0,given_orphan,6,3,3,,,,,,,,4,,2,,FALSE,,FALSE,3,,20260507_145347_unknown_allT_DP_MB_ME_g5_sm0p5_kg0_ks0_rcpp
sp2,17,2,,3,0.758777945417229,1990-03-19,"","",tree,all,0.0381571271145179,0.372624469424891,0.406738340860665,0.00773303781512013,0.0620795782771553,-0.0203753924797626,1.4564596855136,1.07130403370132,25.9999,0.0638624477390889,-0.5,0,5,3.51132224183,0,dp,6,3,3,2,0.960797083842331,3,0.0392029161576687,0.165402646492518,0.960797083842331,0.0392029161576687,6,,2,,FALSE,2,FALSE,3,confident,20260507_145347_unknown_allT_DP_MB_ME_g5_sm0p5_kg0_ks0_rcpp
sp2,17,2,,4,3.45362101186215,1995-04-08,"","",tree,all,0.0381571271145179,0.372624469424891,0.406738340860665,0.00773303781512013,0.0620795782771553,-0.0203753924797626,1.4564596855136,1.07130403370132,25.9999,0.0638624477390889,-0.5,0,5,3.51132224183,0,dp,6,3,3,2,0.991020557825329,3,0.00897944217467121,0.0512574781455236,0.991020557825329,0.00897944217467121,8,,2,,FALSE,2,FALSE,3,confident,20260507_145347_unknown_allT_DP_MB_ME_g5_sm0p5_kg0_ks0_rcpp
sp2,17,2,,5,7.76587132625942,2000-03-15,"","",tree,all,0.0381571271145179,0.372624469424891,0.406738340860665,0.00773303781512013,0.0620795782771553,-0.0203753924797626,1.4564596855136,1.07130403370132,25.9999,0.0638624477390889,-0.5,0,5,3.51132224183,0,dp,6,3,3,2,0.996983959974838,3,0.00301604002516197,0.0205160121383023,0.996983959974838,0.00301604002516197,10,,2,,FALSE,2,FALSE,3,confident,20260507_145347_unknown_allT_DP_MB_ME_g5_sm0p5_kg0_ks0_rcpp
sp2,17,2,,6,12.1690649183703,2005-04-02,"","",tree,all,0.0381571271145179,0.372624469424891,0.406738340860665,0.00773303781512013,0.0620795782771553,-0.0203753924797626,1.4564596855136,1.07130403370132,25.9999,0.0638624477390889,-0.5,0,5,3.51132224183,0,dp,6,3,3,2,0.999026916971203,3,0.000973083028797133,0.00772098027366669,0.999026916971203,0.000973083028797133,12,,2,,FALSE,2,FALSE,3,confident,20260507_145347_unknown_allT_DP_MB_ME_g5_sm0p5_kg0_ks0_rcpp
sp2,17,2,2,7,17.6912383211742,2010-05-20,"","",tree,all,0.0381571271145179,0.372624469424891,0.406738340860665,0.00773303781512013,0.0620795782771553,-0.0203753924797626,1.4564596855136,1.07130403370132,25.9999,0.0638624477390889,-0.5,0,5,3.51132224183,0,given,6,3,3,2,1,1,0,0,1,0,14,,2,,FALSE,2,FALSE,3,confident,20260507_145347_unknown_allT_DP_MB_ME_g5_sm0p5_kg0_ks0_rcpp
sp2,17,2,2,8,20.4859100904595,2015-04-14,"","",tree,all,0.0381571271145179,0.372624469424891,0.406738340860665,0.00773303781512013,0.0620795782771553,-0.0203753924797626,1.4564596855136,1.07130403370132,25.9999,0.0638624477390889,-0.5,0,5,3.51132224183,0,given,,,,,,,,,,,16,,2,,FALSE,2,FALSE,3,,20260507_145347_unknown_allT_DP_MB_ME_g5_sm0p5_kg0_ks0_rcpp
sp2,17,2,2,9,26.1138994606962,2020-04-10,"","",tree,all,0.0381571271145179,0.372624469424891,0.406738340860665,0.00773303781512013,0.0620795782771553,-0.0203753924797626,1.4564596855136,1.07130403370132,25.9999,0.0638624477390889,-0.5,0,5,3.51132224183,0,given,,,,,,,,,,,18,,2,,FALSE,2,FALSE,3,,20260507_145347_unknown_allT_DP_MB_ME_g5_sm0p5_kg0_ks0_rcpp
sp2,18,1,,1,4.75220978065362,1980-01-01,"","",tree,all,0.0381571271145179,0.372624469424891,0.406738340860665,0.00773303781512013,0.0620795782771553,-0.0203753924797626,1.4564596855136,1.07130403370132,25.9999,0.0638624477390889,-0.5,0,5,3.51132224183,0,dp,2,1,2,1,0.560486603982459,2,0.439513396017541,0.685811969311203,0.560486603982459,0,1,,1,,FALSE,1,FALSE,3,ambiguous,20260507_145347_unknown_allT_DP_MB_ME_g5_sm0p5_kg0_ks0_rcpp
sp2,18,1,,2,11.2564872138259,1984-11-05,"","",tree,all,0.0381571271145179,0.372624469424891,0.406738340860665,0.00773303781512013,0.0620795782771553,-0.0203753924797626,1.4564596855136,1.07130403370132,25.9999,0.0638624477390889,-0.5,0,5,3.51132224183,0,dp,2,1,2,1,0.913481643505678,2,0.0865183564943216,0.294407690042636,0.913481643505678,0,3,,1,,FALSE,1,FALSE,3,ambiguous,20260507_145347_unknown_allT_DP_MB_ME_g5_sm0p5_kg0_ks0_rcpp
sp2,18,1,,3,18.142966772764,1989-09-22,"","",tree,all,0.0381571271145179,0.372624469424891,0.406738340860665,0.00773303781512013,0.0620795782771553,-0.0203753924797626,1.4564596855136,1.07130403370132,25.9999,0.0638624477390889,-0.5,0,5,3.51132224183,0,dp,2,1,2,1,0.968263896973333,2,0.0317361030266674,0.140726186762671,0.968263896973333,0,5,,1,,FALSE,1,FALSE,3,confident,20260507_145347_unknown_allT_DP_MB_ME_g5_sm0p5_kg0_ks0_rcpp
sp2,18,1,,4,25.2018455249169,1994-09-15,"","",tree,all,0.0381571271145179,0.372624469424891,0.406738340860665,0.00773303781512013,0.0620795782771553,-0.0203753924797626,1.4564596855136,1.07130403370132,25.9999,0.0638624477390889,-0.5,0,5,3.51132224183,0,dp,2,1,2,1,0.99604979044954,2,0.00395020955045995,0.0258028040989132,0.99604979044954,0,7,,1,,FALSE,1,FALSE,3,confident,20260507_145347_unknown_allT_DP_MB_ME_g5_sm0p5_kg0_ks0_rcpp
sp2,18,1,,5,35.2603729450655,1999-09-27,"","",tree,all,0.0381571271145179,0.372624469424891,0.406738340860665,0.00773303781512013,0.0620795782771553,-0.0203753924797626,1.4564596855136,1.07130403370132,25.9999,0.0638624477390889,-0.5,0,5,3.51132224183,0,dp,2,1,2,1,1,2,0,0,1,0,9,,1,,FALSE,1,FALSE,3,confident,20260507_145347_unknown_allT_DP_MB_ME_g5_sm0p5_kg0_ks0_rcpp
sp2,18,1,,6,39.4511557950038,2004-10-09,"","",tree,all,0.0381571271145179,0.372624469424891,0.406738340860665,0.00773303781512013,0.0620795782771553,-0.0203753924797626,1.4564596855136,1.07130403370132,25.9999,0.0638624477390889,-0.5,0,5,3.51132224183,0,dp,2,1,2,1,1,2,0,0,1,0,11,,1,,FALSE,1,FALSE,3,confident,20260507_145347_unknown_allT_DP_MB_ME_g5_sm0p5_kg0_ks0_rcpp
sp2,18,1,1,7,48.061968569063,2009-10-27,"","",tree,all,0.0381571271145179,0.372624469424891,0.406738340860665,0.00773303781512013,0.0620795782771553,-0.0203753924797626,1.4564596855136,1.07130403370132,25.9999,0.0638624477390889,-0.5,0,5,3.51132224183,0,given,2,1,2,1,1,2,0,0,1,0,13,,1,,FALSE,1,FALSE,3,confident,20260507_145347_unknown_allT_DP_MB_ME_g5_sm0p5_kg0_ks0_rcpp
sp2,18,1,1,8,57.416343507165,2014-11-30,"","",tree,all,0.0381571271145179,0.372624469424891,0.406738340860665,0.00773303781512013,0.0620795782771553,-0.0203753924797626,1.4564596855136,1.07130403370132,25.9999,0.0638624477390889,-0.5,0,5,3.51132224183,0,given,,,,,,,,,,,15,,1,,FALSE,1,FALSE,3,,20260507_145347_unknown_allT_DP_MB_ME_g5_sm0p5_kg0_ks0_rcpp
sp2,18,1,1,9,66.4659172345938,2019-10-22,"","",tree,all,0.0381571271145179,0.372624469424891,0.406738340860665,0.00773303781512013,0.0620795782771553,-0.0203753924797626,1.4564596855136,1.07130403370132,25.9999,0.0638624477390889,-0.5,0,5,3.51132224183,0,given,,,,,,,,,,,17,,1,,FALSE,1,FALSE,3,,20260507_145347_unknown_allT_DP_MB_ME_g5_sm0p5_kg0_ks0_rcpp
sp2,18,2,,1,4.33525736776363,1980-01-01,"","",tree,all,0.0381571271145179,0.372624469424891,0.406738340860665,0.00773303781512013,0.0620795782771553,-0.0203753924797626,1.4564596855136,1.07130403370132,25.9999,0.0638624477390889,-0.5,0,5,3.51132224183,0,dp,2,1,2,2,0.560486603982459,1,0.439513396017541,0.685811969311203,0.560486603982459,0,2,,2,,FALSE,2,FALSE,3,ambiguous,20260507_145347_unknown_allT_DP_MB_ME_g5_sm0p5_kg0_ks0_rcpp
sp2,18,2,,2,8.66368064268828,1984-11-05,"","",tree,all,0.0381571271145179,0.372624469424891,0.406738340860665,0.00773303781512013,0.0620795782771553,-0.0203753924797626,1.4564596855136,1.07130403370132,25.9999,0.0638624477390889,-0.5,0,5,3.51132224183,0,dp,2,1,2,2,0.913481643505678,1,0.0865183564943216,0.294407690042636,0.913481643505678,0,4,,2,,FALSE,2,FALSE,3,ambiguous,20260507_145347_unknown_allT_DP_MB_ME_g5_sm0p5_kg0_ks0_rcpp
sp2,18,2,,3,12.622087367311,1989-09-22,"","",tree,all,0.0381571271145179,0.372624469424891,0.406738340860665,0.00773303781512013,0.0620795782771553,-0.0203753924797626,1.4564596855136,1.07130403370132,25.9999,0.0638624477390889,-0.5,0,5,3.51132224183,0,dp,2,1,2,2,0.968263896973333,1,0.0317361030266674,0.140726186762671,0.968263896973333,0,6,,2,,FALSE,2,FALSE,3,confident,20260507_145347_unknown_allT_DP_MB_ME_g5_sm0p5_kg0_ks0_rcpp
sp2,18,2,,4,20.4161541811961,1994-09-15,"","",tree,all,0.0381571271145179,0.372624469424891,0.406738340860665,0.00773303781512013,0.0620795782771553,-0.0203753924797626,1.4564596855136,1.07130403370132,25.9999,0.0638624477390889,-0.5,0,5,3.51132224183,0,dp,2,1,2,2,0.99604979044954,1,0.00395020955045995,0.0258028040989132,0.99604979044954,0,8,,2,,FALSE,2,FALSE,3,confident,20260507_145347_unknown_allT_DP_MB_ME_g5_sm0p5_kg0_ks0_rcpp
sp2,18,2,,5,23.8737310889637,1999-09-27,"","",tree,all,0.0381571271145179,0.372624469424891,0.406738340860665,0.00773303781512013,0.0620795782771553,-0.0203753924797626,1.4564596855136,1.07130403370132,25.9999,0.0638624477390889,-0.5,0,5,3.51132224183,0,dp,2,1,2,2,1,1,0,0,1,0,10,,2,,FALSE,2,FALSE,3,confident,20260507_145347_unknown_allT_DP_MB_ME_g5_sm0p5_kg0_ks0_rcpp
sp2,18,2,,6,28.2838422181232,2004-10-09,"","",tree,all,0.0381571271145179,0.372624469424891,0.406738340860665,0.00773303781512013,0.0620795782771553,-0.0203753924797626,1.4564596855136,1.07130403370132,25.9999,0.0638624477390889,-0.5,0,5,3.51132224183,0,dp,2,1,2,2,1,1,0,0,1,0,12,,2,,FALSE,2,FALSE,3,confident,20260507_145347_unknown_allT_DP_MB_ME_g5_sm0p5_kg0_ks0_rcpp
sp2,18,2,2,7,32.5705950632105,2009-10-27,"","",tree,all,0.0381571271145179,0.372624469424891,0.406738340860665,0.00773303781512013,0.0620795782771553,-0.0203753924797626,1.4564596855136,1.07130403370132,25.9999,0.0638624477390889,-0.5,0,5,3.51132224183,0,given,2,1,2,2,1,1,0,0,1,0,14,,2,,FALSE,2,FALSE,3,confident,20260507_145347_unknown_allT_DP_MB_ME_g5_sm0p5_kg0_ks0_rcpp
sp2,18,2,2,8,41.8400917205498,2014-11-30,"","",tree,all,0.0381571271145179,0.372624469424891,0.406738340860665,0.00773303781512013,0.0620795782771553,-0.0203753924797626,1.4564596855136,1.07130403370132,25.9999,0.0638624477390889,-0.5,0,5,3.51132224183,0,given,,,,,,,,,,,16,,2,,FALSE,2,FALSE,3,,20260507_145347_unknown_allT_DP_MB_ME_g5_sm0p5_kg0_ks0_rcpp
sp2,18,2,2,9,53.2862908903986,2019-10-22,"","",tree,all,0.0381571271145179,0.372624469424891,0.406738340860665,0.00773303781512013,0.0620795782771553,-0.0203753924797626,1.4564596855136,1.07130403370132,25.9999,0.0638624477390889,-0.5,0,5,3.51132224183,0,given,,,,,,,,,,,18,,2,,FALSE,2,FALSE,3,,20260507_145347_unknown_allT_DP_MB_ME_g5_sm0p5_kg0_ks0_rcpp
sp2,19,1,,1,16.1526178257337,1980-01-01,"","",tree,all,0.0381571271145179,0.372624469424891,0.406738340860665,0.00773303781512013,0.0620795782771553,-0.0203753924797626,1.4564596855136,1.07130403370132,25.9999,0.0638624477390889,-0.5,0,5,3.51132224183,0,dp,5040,2,7,5,0.254974117283792,4,0.253454502269827,1.60732090956394,0.254974117283792,0.232766068926974,1,,5,,FALSE,5,FALSE,3,ambiguous,20260507_145347_unknown_allT_DP_MB_ME_g5_sm0p5_kg0_ks0_rcpp
sp2,19,1,,2,21.6535934823354,1985-01-29,"","",tree,all,0.0381571271145179,0.372624469424891,0.406738340860665,0.00773303781512013,0.0620795782771553,-0.0203753924797626,1.4564596855136,1.07130403370132,25.9999,0.0638624477390889,-0.5,0,5,3.51132224183,0,dp,5040,2,7,5,0.266973324952701,4,0.262588169986279,1.59268254336376,0.266973324952701,0.223428709518681,7,,5,,FALSE,5,FALSE,3,ambiguous,20260507_145347_unknown_allT_DP_MB_ME_g5_sm0p5_kg0_ks0_rcpp
sp2,19,1,,3,29.688025849455,1990-03-11,"","",tree,all,0.0381571271145179,0.372624469424891,0.406738340860665,0.00773303781512013,0.0620795782771553,-0.0203753924797626,1.4564596855136,1.07130403370132,25.9999,0.0638624477390889,-0.5,0,5,3.51132224183,0,dp,5040,2,7,5,0.313273811338966,4,0.297316404137588,1.5309668036572,0.313273811338966,0.187280745667422,13,,5,,FALSE,5,FALSE,3,ambiguous,20260507_145347_unknown_allT_DP_MB_ME_g5_sm0p5_kg0_ks0_rcpp
sp2,19,1,,4,37.556296358752,1995-02-25,"","",tree,all,0.0381571271145179,0.372624469424891,0.406738340860665,0.00773303781512013,0.0620795782771553,-0.0203753924797626,1.4564596855136,1.07130403370132,25.9999,0.0638624477390889,-0.5,0,5,3.51132224183,0,dp,5040,2,7,5,0.42418827972767,4,0.380008644339296,1.26968370285911,0.42418827972767,0.100315393667897,19,,5,,FALSE,5,FALSE,3,ambiguous,20260507_145347_unknown_allT_DP_MB_ME_g5_sm0p5_kg0_ks0_rcpp
sp2,19,1,,5,45.743793371091,2000-02-12,"","",tree,all,0.0381571271145179,0.372624469424891,0.406738340860665,0.00773303781512013,0.0620795782771553,-0.0203753924797626,1.4564596855136,1.07130403370132,25.9999,0.0638624477390889,-0.5,0,5,3.51132224183,0,dp,5040,2,7,5,0.498271731916819,4,0.421969400729777,1.0001944582427,0.498271731916819,0.0489300194579301,25,,5,,FALSE,5,FALSE,3,ambiguous,20260507_145347_unknown_allT_DP_MB_ME_g5_sm0p5_kg0_ks0_rcpp
sp2,19,1,,6,,2005-02-03,"","",tree,all,0.0381571271145179,0.372624469424891,0.406738340860665,0.00773303781512013,0.0620795782771553,-0.0203753924797626,1.4564596855136,1.07130403370132,25.9999,0.0638624477390889,-0.5,0,5,3.51132224183,0,given_orphan,5040,2,7,,,,,,,,31,,1,,FALSE,,FALSE,3,,20260507_145347_unknown_allT_DP_MB_ME_g5_sm0p5_kg0_ks0_rcpp
sp2,19,1,1,7,,2010-03-13,"","",tree,all,0.0381571271145179,0.372624469424891,0.406738340860665,0.00773303781512013,0.0620795782771553,-0.0203753924797626,1.4564596855136,1.07130403370132,25.9999,0.0638624477390889,-0.5,0,5,3.51132224183,0,given,5040,2,7,,,,,,,,37,,1,,FALSE,1,FALSE,3,,20260507_145347_unknown_allT_DP_MB_ME_g5_sm0p5_kg0_ks0_rcpp
sp2,19,1,1,8,,2015-02-24,"","",tree,all,0.0381571271145179,0.372624469424891,0.406738340860665,0.00773303781512013,0.0620795782771553,-0.0203753924797626,1.4564596855136,1.07130403370132,25.9999,0.0638624477390889,-0.5,0,5,3.51132224183,0,given,,,,,,,,,,,43,,1,,FALSE,1,FALSE,3,,20260507_145347_unknown_allT_DP_MB_ME_g5_sm0p5_kg0_ks0_rcpp
sp2,19,1,1,9,,2020-03-06,"","",tree,all,0.0381571271145179,0.372624469424891,0.406738340860665,0.00773303781512013,0.0620795782771553,-0.0203753924797626,1.4564596855136,1.07130403370132,25.9999,0.0638624477390889,-0.5,0,5,3.51132224183,0,given,,,,,,,,,,,49,,1,,FALSE,1,FALSE,3,,20260507_145347_unknown_allT_DP_MB_ME_g5_sm0p5_kg0_ks0_rcpp
sp2,19,2,,1,13.6763135520586,1980-01-01,"","",tree,all,0.0381571271145179,0.372624469424891,0.406738340860665,0.00773303781512013,0.0620795782771553,-0.0203753924797626,1.4564596855136,1.07130403370132,25.9999,0.0638624477390889,-0.5,0,5,3.51132224183,0,dp,5040,2,7,2,0.250626429590324,4,0.245391794615905,1.62151111595387,0.120033795591616,0.240067591183231,2,,7,,FALSE,7,FALSE,3,ambiguous,20260507_145347_unknown_allT_DP_MB_ME_g5_sm0p5_kg0_ks0_rcpp
sp2,19,2,,2,18.2620477277724,1985-01-29,"","",tree,all,0.0381571271145179,0.372624469424891,0.406738340860665,0.00773303781512013,0.0620795782771553,-0.0203753924797626,1.4564596855136,1.07130403370132,25.9999,0.0638624477390889,-0.5,0,5,3.51132224183,0,dp,5040,2,7,2,0.271770068681209,4,0.226470772946178,1.64193365332503,0.129014808067992,0.258029616135984,8,,7,,FALSE,7,FALSE,3,ambiguous,20260507_145347_unknown_allT_DP_MB_ME_g5_sm0p5_kg0_ks0_rcpp
sp2,19,2,,3,26.2778266485608,1990-03-11,"","",tree,all,0.0381571271145179,0.372624469424891,0.406738340860665,0.00773303781512013,0.0620795782771553,-0.0203753924797626,1.4564596855136,1.07130403370132,25.9999,0.0638624477390889,-0.5,0,5,3.51132224183,0,dp,5040,2,7,2,0.270901410600151,4,0.23085096608488,1.62374525760417,0.270901410600151,0.256731239538999,14,,2,,FALSE,2,FALSE,3,ambiguous,20260507_145347_unknown_allT_DP_MB_ME_g5_sm0p5_kg0_ks0_rcpp
sp2,19,2,,4,33.9300369322859,1995-02-25,"","",tree,all,0.0381571271145179,0.372624469424891,0.406738340860665,0.00773303781512013,0.0620795782771553,-0.0203753924797626,1.4564596855136,1.07130403370132,25.9999,0.0638624477390889,-0.5,0,5,3.51132224183,0,dp,5040,2,7,2,0.375577917316849,7,0.175543805575557,1.58581882067813,0.175543805575557,0.351087611151113,20,,7,,FALSE,7,FALSE,3,ambiguous,20260507_145347_unknown_allT_DP_MB_ME_g5_sm0p5_kg0_ks0_rcpp
sp2,19,2,,5,36.4754956715031,2000-02-12,"","",tree,all,0.0381571271145179,0.372624469424891,0.406738340860665,0.00773303781512013,0.0620795782771553,-0.0203753924797626,1.4564596855136,1.07130403370132,25.9999,0.0638624477390889,-0.5,0,5,3.51132224183,0,dp,5040,2,7,2,0.435315750814165,7,0.230111040971635,1.36197435580451,0.230111040971635,0.46022208194327,26,,7,,FALSE,7,FALSE,3,ambiguous,20260507_145347_unknown_allT_DP_MB_ME_g5_sm0p5_kg0_ks0_rcpp
sp2,19,2,,6,45.2207364812441,2005-02-03,"","",tree,all,0.0381571271145179,0.372624469424891,0.406738340860665,0.00773303781512013,0.0620795782771553,-0.0203753924797626,1.4564596855136,1.07130403370132,25.9999,0.0638624477390889,-0.5,0,5,3.51132224183,0,dp,5040,2,7,2,0.94728035848155,4,0.0498460999594974,0.21869613815749,0.94728035848155,0,32,,2,,FALSE,2,FALSE,3,ambiguous,20260507_145347_unknown_allT_DP_MB_ME_g5_sm0p5_kg0_ks0_rcpp
sp2,19,2,2,7,53.1614796945906,2010-03-13,"","",tree,all,0.0381571271145179,0.372624469424891,0.406738340860665,0.00773303781512013,0.0620795782771553,-0.0203753924797626,1.4564596855136,1.07130403370132,25.9999,0.0638624477390889,-0.5,0,5,3.51132224183,0,given,5040,2,7,2,1,3,0,0,1,0,38,,2,,FALSE,2,FALSE,3,confident,20260507_145347_unknown_allT_DP_MB_ME_g5_sm0p5_kg0_ks0_rcpp
sp2,19,2,2,8,63.6073448924849,2015-02-24,"","",tree,all,0.0381571271145179,0.372624469424891,0.406738340860665,0.00773303781512013,0.0620795782771553,-0.0203753924797626,1.4564596855136,1.07130403370132,25.9999,0.0638624477390889,-0.5,0,5,3.51132224183,0,given,,,,,,,,,,,44,,2,,FALSE,2,FALSE,3,,20260507_145347_unknown_allT_DP_MB_ME_g5_sm0p5_kg0_ks0_rcpp
sp2,19,2,2,9,63.6073448924849,2020-03-06,"","",tree,all,0.0381571271145179,0.372624469424891,0.406738340860665,0.00773303781512013,0.0620795782771553,-0.0203753924797626,1.4564596855136,1.07130403370132,25.9999,0.0638624477390889,-0.5,0,5,3.51132224183,0,given,,,,,,,,,,,50,,2,,FALSE,2,FALSE,3,,20260507_145347_unknown_allT_DP_MB_ME_g5_sm0p5_kg0_ks0_rcpp
sp2,19,3,,1,7.74731835084355,1980-01-01,"","",tree,all,0.0381571271145179,0.372624469424891,0.406738340860665,0.00773303781512013,0.0620795782771553,-0.0203753924797626,1.4564596855136,1.07130403370132,25.9999,0.0638624477390889,-0.5,0,5,3.51132224183,0,dp,5040,2,7,3,0.924652629135548,7,0.0292138983696153,0.364363443997865,0.924652629135548,0.0584277967392306,3,,3,,FALSE,3,FALSE,3,ambiguous,20260507_145347_unknown_allT_DP_MB_ME_g5_sm0p5_kg0_ks0_rcpp
sp2,19,3,,2,11.6419118040501,1985-01-29,"","",tree,all,0.0381571271145179,0.372624469424891,0.406738340860665,0.00773303781512013,0.0620795782771553,-0.0203753924797626,1.4564596855136,1.07130403370132,25.9999,0.0638624477390889,-0.5,0,5,3.51132224183,0,dp,5040,2,7,3,0.928592990272098,7,0.0279832868973071,0.348010515806327,0.928592990272098,0.0559665737946142,9,,3,,FALSE,3,FALSE,3,ambiguous,20260507_145347_unknown_allT_DP_MB_ME_g5_sm0p5_kg0_ks0_rcpp
sp2,19,3,,3,18.7472853248362,1990-03-11,"","",tree,all,0.0381571271145179,0.372624469424891,0.406738340860665,0.00773303781512013,0.0620795782771553,-0.0203753924797626,1.4564596855136,1.07130403370132,25.9999,0.0638624477390889,-0.5,0,5,3.51132224183,0,dp,5040,2,7,3,0.935816807311697,7,0.0267123562495547,0.313280565785881,0.935816807311697,0.0534247124991095,15,,3,,FALSE,3,FALSE,3,ambiguous,20260507_145347_unknown_allT_DP_MB_ME_g5_sm0p5_kg0_ks0_rcpp
sp2,19,3,,4,25.4081343159902,1995-02-25,"","",tree,all,0.0381571271145179,0.372624469424891,0.406738340860665,0.00773303781512013,0.0620795782771553,-0.0203753924797626,1.4564596855136,1.07130403370132,25.9999,0.0638624477390889,-0.5,0,5,3.51132224183,0,dp,5040,2,7,3,0.943020777603953,7,0.0257018119230309,0.273520266769297,0.943020777603953,0.0514036238460618,21,,3,,FALSE,3,FALSE,3,ambiguous,20260507_145347_unknown_allT_DP_MB_ME_g5_sm0p5_kg0_ks0_rcpp
sp2,19,3,,5,30.4323075740026,2000-02-12,"","",tree,all,0.0381571271145179,0.372624469424891,0.406738340860665,0.00773303781512013,0.0620795782771553,-0.0203753924797626,1.4564596855136,1.07130403370132,25.9999,0.0638624477390889,-0.5,0,5,3.51132224183,0,dp,5040,2,7,3,0.943020870258339,7,0.025701777833646,0.273519883244986,0.943020870258339,0.0514035556672919,27,,3,,FALSE,3,FALSE,3,ambiguous,20260507_145347_unknown_allT_DP_MB_ME_g5_sm0p5_kg0_ks0_rcpp
sp2,19,3,,6,35.5100199207964,2005-02-03,"","",tree,all,0.0381571271145179,0.372624469424891,0.406738340860665,0.00773303781512013,0.0620795782771553,-0.0203753924797626,1.4564596855136,1.07130403370132,25.9999,0.0638624477390889,-0.5,0,5,3.51132224183,0,dp,5040,2,7,3,0.997492262640003,2,0.00248409289603042,0.0176556711140978,0.997492262640003,0,33,,3,,FALSE,3,FALSE,3,confident,20260507_145347_unknown_allT_DP_MB_ME_g5_sm0p5_kg0_ks0_rcpp
sp2,19,3,3,7,44.1742323556,2010-03-13,"","",tree,all,0.0381571271145179,0.372624469424891,0.406738340860665,0.00773303781512013,0.0620795782771553,-0.0203753924797626,1.4564596855136,1.07130403370132,25.9999,0.0638624477390889,-0.5,0,5,3.51132224183,0,given,5040,2,7,3,1,2,0,0,1,0,39,,3,,FALSE,3,FALSE,3,confident,20260507_145347_unknown_allT_DP_MB_ME_g5_sm0p5_kg0_ks0_rcpp
sp2,19,3,3,8,49.2808632224765,2015-02-24,"","",tree,all,0.0381571271145179,0.372624469424891,0.406738340860665,0.00773303781512013,0.0620795782771553,-0.0203753924797626,1.4564596855136,1.07130403370132,25.9999,0.0638624477390889,-0.5,0,5,3.51132224183,0,given,,,,,,,,,,,45,,3,,FALSE,3,FALSE,3,,20260507_145347_unknown_allT_DP_MB_ME_g5_sm0p5_kg0_ks0_rcpp
sp2,19,3,3,9,55.58429533927,2020-03-06,"","",tree,all,0.0381571271145179,0.372624469424891,0.406738340860665,0.00773303781512013,0.0620795782771553,-0.0203753924797626,1.4564596855136,1.07130403370132,25.9999,0.0638624477390889,-0.5,0,5,3.51132224183,0,given,,,,,,,,,,,51,,3,,FALSE,3,FALSE,3,,20260507_145347_unknown_allT_DP_MB_ME_g5_sm0p5_kg0_ks0_rcpp
sp2,19,4,,1,14.0231347123994,1980-01-01,"","",tree,all,0.0381571271145179,0.372624469424891,0.406738340860665,0.00773303781512013,0.0620795782771553,-0.0203753924797626,1.4564596855136,1.07130403370132,25.9999,0.0638624477390889,-0.5,0,5,3.51132224183,0,dp,5040,2,7,2,0.24903351373705,4,0.247058344324529,1.618553105755,0.24903351373705,0.238578596958301,4,,2,,FALSE,2,FALSE,3,ambiguous,20260507_145347_unknown_allT_DP_MB_ME_g5_sm0p5_kg0_ks0_rcpp
sp2,19,4,,2,21.0920556459096,1985-01-29,"","",tree,all,0.0381571271145179,0.372624469424891,0.406738340860665,0.00773303781512013,0.0620795782771553,-0.0203753924797626,1.4564596855136,1.07130403370132,25.9999,0.0638624477390889,-0.5,0,5,3.51132224183,0,dp,5040,2,7,5,0.259468553453756,4,0.256918665291973,1.60150647963525,0.256918665291973,0.229057040207059,10,,4,,FALSE,4,FALSE,3,ambiguous,20260507_145347_unknown_allT_DP_MB_ME_g5_sm0p5_kg0_ks0_rcpp
sp2,19,4,,3,24.5052706131358,1990-03-11,"","",tree,all,0.0381571271145179,0.372624469424891,0.406738340860665,0.00773303781512013,0.0620795782771553,-0.0203753924797626,1.4564596855136,1.07130403370132,25.9999,0.0638624477390889,-0.5,0,5,3.51132224183,0,dp,5040,2,7,2,0.299677646647214,4,0.204278249221982,1.64322417758146,0.141210431880954,0.282420863761907,16,,7,,FALSE,7,FALSE,3,ambiguous,20260507_145347_unknown_allT_DP_MB_ME_g5_sm0p5_kg0_ks0_rcpp
sp2,19,4,,4,35.9147958954401,1995-02-25,"","",tree,all,0.0381571271145179,0.372624469424891,0.406738340860665,0.00773303781512013,0.0620795782771553,-0.0203753924797626,1.4564596855136,1.07130403370132,25.9999,0.0638624477390889,-0.5,0,5,3.51132224183,0,dp,5040,2,7,5,0.324411962109005,4,0.306327720880041,1.50955335354582,0.306327720880041,0.177658381921659,22,,4,,FALSE,4,FALSE,3,ambiguous,20260507_145347_unknown_allT_DP_MB_ME_g5_sm0p5_kg0_ks0_rcpp
sp2,19,4,,5,38.6636528262397,2000-02-12,"","",tree,all,0.0381571271145179,0.372624469424891,0.406738340860665,0.00773303781512013,0.0620795782771553,-0.0203753924797626,1.4564596855136,1.07130403370132,25.9999,0.0638624477390889,-0.5,0,5,3.51132224183,0,dp,5040,2,7,2,0.496250115079196,7,0.194492415855482,1.28402836159418,0.496250115079196,0.388984831710964,28,,2,,FALSE,2,FALSE,3,ambiguous,20260507_145347_unknown_allT_DP_MB_ME_g5_sm0p5_kg0_ks0_rcpp
sp2,19,4,,6,52.3649381919615,2005-02-03,"","",tree,all,0.0381571271145179,0.372624469424891,0.406738340860665,0.00773303781512013,0.0620795782771553,-0.0203753924797626,1.4564596855136,1.07130403370132,25.9999,0.0638624477390889,-0.5,0,5,3.51132224183,0,dp,5040,2,7,4,0.872271092109386,5,0.0774933592681943,0.467650524424605,0.872271092109386,0,34,,4,,FALSE,4,FALSE,3,ambiguous,20260507_145347_unknown_allT_DP_MB_ME_g5_sm0p5_kg0_ks0_rcpp
sp2,19,4,4,7,59.8142475628767,2010-03-13,"","",tree,all,0.0381571271145179,0.372624469424891,0.406738340860665,0.00773303781512013,0.0620795782771553,-0.0203753924797626,1.4564596855136,1.07130403370132,25.9999,0.0638624477390889,-0.5,0,5,3.51132224183,0,given,5040,2,7,4,1,2,0,0,1,0,40,,4,,FALSE,4,FALSE,3,confident,20260507_145347_unknown_allT_DP_MB_ME_g5_sm0p5_kg0_ks0_rcpp
sp2,19,4,4,8,70.7947848196608,2015-02-24,"","",tree,all,0.0381571271145179,0.372624469424891,0.406738340860665,0.00773303781512013,0.0620795782771553,-0.0203753924797626,1.4564596855136,1.07130403370132,25.9999,0.0638624477390889,-0.5,0,5,3.51132224183,0,given,,,,,,,,,,,46,,4,,FALSE,4,FALSE,3,,20260507_145347_unknown_allT_DP_MB_ME_g5_sm0p5_kg0_ks0_rcpp
sp2,19,4,4,9,78.7620273994272,2020-03-06,"","",tree,all,0.0381571271145179,0.372624469424891,0.406738340860665,0.00773303781512013,0.0620795782771553,-0.0203753924797626,1.4564596855136,1.07130403370132,25.9999,0.0638624477390889,-0.5,0,5,3.51132224183,0,given,,,,,,,,,,,52,,4,,FALSE,4,FALSE,3,,20260507_145347_unknown_allT_DP_MB_ME_g5_sm0p5_kg0_ks0_rcpp
sp2,19,5,,1,14.5833988309832,1980-01-01,"","",tree,all,0.0381571271145179,0.372624469424891,0.406738340860665,0.00773303781512013,0.0620795782771553,-0.0203753924797626,1.4564596855136,1.07130403370132,25.9999,0.0638624477390889,-0.5,0,5,3.51132224183,0,dp,5040,2,7,5,0.249658077983592,4,0.249415535184602,1.61350105433989,0.249415535184602,0.236641583388408,5,,4,,FALSE,4,FALSE,3,ambiguous,20260507_145347_unknown_allT_DP_MB_ME_g5_sm0p5_kg0_ks0_rcpp
sp2,19,5,,2,20.4999990164027,1985-01-29,"","",tree,all,0.0381571271145179,0.372624469424891,0.406738340860665,0.00773303781512013,0.0620795782771553,-0.0203753924797626,1.4564596855136,1.07130403370132,25.9999,0.0638624477390889,-0.5,0,5,3.51132224183,0,dp,5040,2,7,5,0.251113095124651,4,0.250619115994468,1.60997117746778,0.246496582874512,0.235412841137493,11,,2,,FALSE,2,FALSE,3,ambiguous,20260507_145347_unknown_allT_DP_MB_ME_g5_sm0p5_kg0_ks0_rcpp
sp2,19,5,,3,28.0696235887962,1990-03-11,"","",tree,all,0.0381571271145179,0.372624469424891,0.406738340860665,0.00773303781512013,0.0620795782771553,-0.0203753924797626,1.4564596855136,1.07130403370132,25.9999,0.0638624477390889,-0.5,0,5,3.51132224183,0,dp,5040,2,7,5,0.271040185947363,4,0.265738062892881,1.58601991935196,0.265738062892881,0.220510074592871,17,,4,,FALSE,4,FALSE,3,ambiguous,20260507_145347_unknown_allT_DP_MB_ME_g5_sm0p5_kg0_ks0_rcpp
sp2,19,5,,4,34.4099019316969,1995-02-25,"","",tree,all,0.0381571271145179,0.372624469424891,0.406738340860665,0.00773303781512013,0.0620795782771553,-0.0203753924797626,1.4564596855136,1.07130403370132,25.9999,0.0638624477390889,-0.5,0,5,3.51132224183,0,dp,5040,2,7,2,0.343774193190032,4,0.171518542766605,1.61509114663996,0.343774193190032,0.319535085029206,23,,2,,FALSE,2,FALSE,3,ambiguous,20260507_145347_unknown_allT_DP_MB_ME_g5_sm0p5_kg0_ks0_rcpp
sp2,19,5,,5,45.6480045850281,2000-02-12,"","",tree,all,0.0381571271145179,0.372624469424891,0.406738340860665,0.00773303781512013,0.0620795782771553,-0.0203753924797626,1.4564596855136,1.07130403370132,25.9999,0.0638624477390889,-0.5,0,5,3.51132224183,0,dp,5040,2,7,5,0.482211561748221,4,0.434997437639262,1.01064443051131,0.434997437639262,0.0504595112205442,29,,4,,FALSE,4,FALSE,3,ambiguous,20260507_145347_unknown_allT_DP_MB_ME_g5_sm0p5_kg0_ks0_rcpp
sp2,19,5,,6,58.0091535179077,2005-02-03,"","",tree,all,0.0381571271145179,0.372624469424891,0.406738340860665,0.00773303781512013,0.0620795782771553,-0.0203753924797626,1.4564596855136,1.07130403370132,25.9999,0.0638624477390889,-0.5,0,5,3.51132224183,0,dp,5040,2,7,5,0.92214083653285,4,0.0778591634671502,0.273509313206832,0.92214083653285,0,35,,5,,FALSE,5,FALSE,3,ambiguous,20260507_145347_unknown_allT_DP_MB_ME_g5_sm0p5_kg0_ks0_rcpp
sp2,19,5,5,7,67.8083574637526,2010-03-13,"","",tree,all,0.0381571271145179,0.372624469424891,0.406738340860665,0.00773303781512013,0.0620795782771553,-0.0203753924797626,1.4564596855136,1.07130403370132,25.9999,0.0638624477390889,-0.5,0,5,3.51132224183,0,given,5040,2,7,5,1,2,0,0,1,0,41,,5,,FALSE,5,FALSE,3,confident,20260507_145347_unknown_allT_DP_MB_ME_g5_sm0p5_kg0_ks0_rcpp
sp2,19,5,5,8,,2015-02-24,"","",tree,all,0.0381571271145179,0.372624469424891,0.406738340860665,0.00773303781512013,0.0620795782771553,-0.0203753924797626,1.4564596855136,1.07130403370132,25.9999,0.0638624477390889,-0.5,0,5,3.51132224183,0,given,,,,,,,,,,,47,,5,,FALSE,5,FALSE,3,,20260507_145347_unknown_allT_DP_MB_ME_g5_sm0p5_kg0_ks0_rcpp
sp2,19,5,5,9,,2020-03-06,"","",tree,all,0.0381571271145179,0.372624469424891,0.406738340860665,0.00773303781512013,0.0620795782771553,-0.0203753924797626,1.4564596855136,1.07130403370132,25.9999,0.0638624477390889,-0.5,0,5,3.51132224183,0,given,,,,,,,,,,,53,,5,,FALSE,5,FALSE,3,,20260507_145347_unknown_allT_DP_MB_ME_g5_sm0p5_kg0_ks0_rcpp
sp2,19,6,,1,,1980-01-01,"","",tree,all,0.0381571271145179,0.372624469424891,0.406738340860665,0.00773303781512013,0.0620795782771553,-0.0203753924797626,1.4564596855136,1.07130403370132,25.9999,0.0638624477390889,-0.5,0,5,3.51132224183,0,given_orphan,5040,2,7,,,,,,,,6,,6,,FALSE,,FALSE,3,,20260507_145347_unknown_allT_DP_MB_ME_g5_sm0p5_kg0_ks0_rcpp
sp2,19,6,,2,0.278077648096506,1985-01-29,"","",tree,all,0.0381571271145179,0.372624469424891,0.406738340860665,0.00773303781512013,0.0620795782771553,-0.0203753924797626,1.4564596855136,1.07130403370132,25.9999,0.0638624477390889,-0.5,0,5,3.51132224183,0,dp,5040,2,7,6,0.915573778505268,8,0.0422121391617316,0.347990270689733,0.915573778505268,0.0844242783234632,12,,6,,FALSE,6,FALSE,3,ambiguous,20260507_145347_unknown_allT_DP_MB_ME_g5_sm0p5_kg0_ks0_rcpp
sp2,19,6,,3,1.65148210629012,1990-03-11,"","",tree,all,0.0381571271145179,0.372624469424891,0.406738340860665,0.00773303781512013,0.0620795782771553,-0.0203753924797626,1.4564596855136,1.07130403370132,25.9999,0.0638624477390889,-0.5,0,5,3.51132224183,0,dp,5040,2,7,6,0.978580784205625,7,0.0107095115599901,0.118361188129576,0.978580784205625,0.0214190231199803,18,,6,,FALSE,6,FALSE,3,confident,20260507_145347_unknown_allT_DP_MB_ME_g5_sm0p5_kg0_ks0_rcpp
sp2,19,6,,4,5.85911071288757,1995-02-25,"","",tree,all,0.0381571271145179,0.372624469424891,0.406738340860665,0.00773303781512013,0.0620795782771553,-0.0203753924797626,1.4564596855136,1.07130403370132,25.9999,0.0638624477390889,-0.5,0,5,3.51132224183,0,dp,5040,2,7,6,0.995319048504705,8,0.00234042793967858,0.0330254446722198,0.995319048504705,0.00468085587935716,24,,6,,FALSE,6,FALSE,3,confident,20260507_145347_unknown_allT_DP_MB_ME_g5_sm0p5_kg0_ks0_rcpp
sp2,19,6,,5,10.0077640808142,2000-02-12,"","",tree,all,0.0381571271145179,0.372624469424891,0.406738340860665,0.00773303781512013,0.0620795782771553,-0.0203753924797626,1.4564596855136,1.07130403370132,25.9999,0.0638624477390889,-0.5,0,5,3.51132224183,0,dp,5040,2,7,6,0.998097585837977,8,0.000951207081011653,0.0151371802886601,0.998097585837977,0.00190241416202331,30,,6,,FALSE,6,FALSE,3,confident,20260507_145347_unknown_allT_DP_MB_ME_g5_sm0p5_kg0_ks0_rcpp
sp2,19,6,,6,14.8074883042485,2005-02-03,"","",tree,all,0.0381571271145179,0.372624469424891,0.406738340860665,0.00773303781512013,0.0620795782771553,-0.0203753924797626,1.4564596855136,1.07130403370132,25.9999,0.0638624477390889,-0.5,0,5,3.51132224183,0,dp,5040,2,7,6,0.999365027192687,8,0.000317486403656605,0.00574952511318564,0.999365027192687,0.00063497280731321,36,,6,,FALSE,6,FALSE,3,confident,20260507_145347_unknown_allT_DP_MB_ME_g5_sm0p5_kg0_ks0_rcpp
sp2,19,6,6,7,21.3716887119839,2010-03-13,"","",tree,all,0.0381571271145179,0.372624469424891,0.406738340860665,0.00773303781512013,0.0620795782771553,-0.0203753924797626,1.4564596855136,1.07130403370132,25.9999,0.0638624477390889,-0.5,0,5,3.51132224183,0,given,5040,2,7,6,1,2,0,0,1,0,42,,6,,FALSE,6,FALSE,3,confident,20260507_145347_unknown_allT_DP_MB_ME_g5_sm0p5_kg0_ks0_rcpp
sp2,19,6,6,8,30.4924773458782,2015-02-24,"","",tree,all,0.0381571271145179,0.372624469424891,0.406738340860665,0.00773303781512013,0.0620795782771553,-0.0203753924797626,1.4564596855136,1.07130403370132,25.9999,0.0638624477390889,-0.5,0,5,3.51132224183,0,given,,,,,,,,,,,48,,6,,FALSE,6,FALSE,3,,20260507_145347_unknown_allT_DP_MB_ME_g5_sm0p5_kg0_ks0_rcpp
sp2,19,6,6,9,39.309923786267,2020-03-06,"","",tree,all,0.0381571271145179,0.372624469424891,0.406738340860665,0.00773303781512013,0.0620795782771553,-0.0203753924797626,1.4564596855136,1.07130403370132,25.9999,0.0638624477390889,-0.5,0,5,3.51132224183,0,given,,,,,,,,,,,54,,6,,FALSE,6,FALSE,3,,20260507_145347_unknown_allT_DP_MB_ME_g5_sm0p5_kg0_ks0_rcpp
sp2,20,1,,1,27.3983722435619,1980-01-01,"","",tree,all,0.0381571271145179,0.372624469424891,0.406738340860665,0.00773303781512013,0.0620795782771553,-0.0203753924797626,1.4564596855136,1.07130403370132,25.9999,0.0638624477390889,-0.5,0,5,3.51132224183,0,dp,360,2,6,7,0.5,8,0.5,0.693147180559945,0.5,1,1,,7,,FALSE,7,FALSE,3,unlinked-likely,20260507_145347_unknown_allT_DP_MB_ME_g5_sm0p5_kg0_ks0_rcpp
sp2,20,1,,2,36.518450623306,1985-01-03,"","",tree,all,0.0381571271145179,0.372624469424891,0.406738340860665,0.00773303781512013,0.0620795782771553,-0.0203753924797626,1.4564596855136,1.07130403370132,25.9999,0.0638624477390889,-0.5,0,5,3.51132224183,0,dp,360,2,6,7,0.5,8,0.5,0.693147180559945,0.5,1,7,,7,,FALSE,7,FALSE,3,unlinked-likely,20260507_145347_unknown_allT_DP_MB_ME_g5_sm0p5_kg0_ks0_rcpp
sp2,20,1,,3,43.7806654487623,1989-12-16,"","",tree,all,0.0381571271145179,0.372624469424891,0.406738340860665,0.00773303781512013,0.0620795782771553,-0.0203753924797626,1.4564596855136,1.07130403370132,25.9999,0.0638624477390889,-0.5,0,5,3.51132224183,0,dp,360,2,6,7,0.5,8,0.5,0.693147180559945,0.5,1,13,,7,,FALSE,7,FALSE,3,unlinked-likely,20260507_145347_unknown_allT_DP_MB_ME_g5_sm0p5_kg0_ks0_rcpp
sp2,20,1,,4,56.3788433569888,1995-01-29,"","",tree,all,0.0381571271145179,0.372624469424891,0.406738340860665,0.00773303781512013,0.0620795782771553,-0.0203753924797626,1.4564596855136,1.07130403370132,25.9999,0.0638624477390889,-0.5,0,5,3.51132224183,0,dp,360,2,6,7,0.5,8,0.5,0.693147180559945,0.5,1,19,,7,,FALSE,7,FALSE,3,unlinked-likely,20260507_145347_unknown_allT_DP_MB_ME_g5_sm0p5_kg0_ks0_rcpp
sp2,20,1,,5,59.2522510665856,2000-02-24,"","",tree,all,0.0381571271145179,0.372624469424891,0.406738340860665,0.00773303781512013,0.0620795782771553,-0.0203753924797626,1.4564596855136,1.07130403370132,25.9999,0.0638624477390889,-0.5,0,5,3.51132224183,0,dp,360,2,6,7,0.5,8,0.5,0.693147180559945,0.5,1,25,,7,,FALSE,7,FALSE,3,unlinked-likely,20260507_145347_unknown_allT_DP_MB_ME_g5_sm0p5_kg0_ks0_rcpp
sp2,20,1,,6,,2005-03-11,"","",tree,all,0.0381571271145179,0.372624469424891,0.406738340860665,0.00773303781512013,0.0620795782771553,-0.0203753924797626,1.4564596855136,1.07130403370132,25.9999,0.0638624477390889,-0.5,0,5,3.51132224183,0,given_orphan,360,2,6,,,,,,,,31,,1,,FALSE,,FALSE,3,,20260507_145347_unknown_allT_DP_MB_ME_g5_sm0p5_kg0_ks0_rcpp
sp2,20,1,1,7,,2010-03-06,"","",tree,all,0.0381571271145179,0.372624469424891,0.406738340860665,0.00773303781512013,0.0620795782771553,-0.0203753924797626,1.4564596855136,1.07130403370132,25.9999,0.0638624477390889,-0.5,0,5,3.51132224183,0,given,360,2,6,,,,,,,,37,,1,,FALSE,1,FALSE,3,,20260507_145347_unknown_allT_DP_MB_ME_g5_sm0p5_kg0_ks0_rcpp
sp2,20,1,1,8,,2015-01-28,"","",tree,all,0.0381571271145179,0.372624469424891,0.406738340860665,0.00773303781512013,0.0620795782771553,-0.0203753924797626,1.4564596855136,1.07130403370132,25.9999,0.0638624477390889,-0.5,0,5,3.51132224183,0,given,,,,,,,,,,,43,,1,,FALSE,1,FALSE,3,,20260507_145347_unknown_allT_DP_MB_ME_g5_sm0p5_kg0_ks0_rcpp
sp2,20,1,1,9,,2020-01-28,"","",tree,all,0.0381571271145179,0.372624469424891,0.406738340860665,0.00773303781512013,0.0620795782771553,-0.0203753924797626,1.4564596855136,1.07130403370132,25.9999,0.0638624477390889,-0.5,0,5,3.51132224183,0,given,,,,,,,,,,,49,,1,,FALSE,1,FALSE,3,,20260507_145347_unknown_allT_DP_MB_ME_g5_sm0p5_kg0_ks0_rcpp
sp2,20,2,,1,,1980-01-01,"","",tree,all,0.0381571271145179,0.372624469424891,0.406738340860665,0.00773303781512013,0.0620795782771553,-0.0203753924797626,1.4564596855136,1.07130403370132,25.9999,0.0638624477390889,-0.5,0,5,3.51132224183,0,given_orphan,360,2,6,,,,,,,,2,,2,,FALSE,,FALSE,3,,20260507_145347_unknown_allT_DP_MB_ME_g5_sm0p5_kg0_ks0_rcpp
sp2,20,2,,2,,1985-01-03,"","",tree,all,0.0381571271145179,0.372624469424891,0.406738340860665,0.00773303781512013,0.0620795782771553,-0.0203753924797626,1.4564596855136,1.07130403370132,25.9999,0.0638624477390889,-0.5,0,5,3.51132224183,0,given_orphan,360,2,6,,,,,,,,8,,2,,FALSE,,FALSE,3,,20260507_145347_unknown_allT_DP_MB_ME_g5_sm0p5_kg0_ks0_rcpp
sp2,20,2,,3,,1989-12-16,"","",tree,all,0.0381571271145179,0.372624469424891,0.406738340860665,0.00773303781512013,0.0620795782771553,-0.0203753924797626,1.4564596855136,1.07130403370132,25.9999,0.0638624477390889,-0.5,0,5,3.51132224183,0,given_orphan,360,2,6,,,,,,,,14,,2,,FALSE,,FALSE,3,,20260507_145347_unknown_allT_DP_MB_ME_g5_sm0p5_kg0_ks0_rcpp
sp2,20,2,,4,,1995-01-29,"","",tree,all,0.0381571271145179,0.372624469424891,0.406738340860665,0.00773303781512013,0.0620795782771553,-0.0203753924797626,1.4564596855136,1.07130403370132,25.9999,0.0638624477390889,-0.5,0,5,3.51132224183,0,given_orphan,360,2,6,,,,,,,,20,,2,,FALSE,,FALSE,3,,20260507_145347_unknown_allT_DP_MB_ME_g5_sm0p5_kg0_ks0_rcpp
sp2,20,2,,5,,2000-02-24,"","",tree,all,0.0381571271145179,0.372624469424891,0.406738340860665,0.00773303781512013,0.0620795782771553,-0.0203753924797626,1.4564596855136,1.07130403370132,25.9999,0.0638624477390889,-0.5,0,5,3.51132224183,0,given_orphan,360,2,6,,,,,,,,26,,2,,FALSE,,FALSE,3,,20260507_145347_unknown_allT_DP_MB_ME_g5_sm0p5_kg0_ks0_rcpp
sp2,20,2,,6,,2005-03-11,"","",tree,all,0.0381571271145179,0.372624469424891,0.406738340860665,0.00773303781512013,0.0620795782771553,-0.0203753924797626,1.4564596855136,1.07130403370132,25.9999,0.0638624477390889,-0.5,0,5,3.51132224183,0,given_orphan,360,2,6,,,,,,,,32,,2,,FALSE,,FALSE,3,,20260507_145347_unknown_allT_DP_MB_ME_g5_sm0p5_kg0_ks0_rcpp
sp2,20,2,2,7,0.727619554020384,2010-03-06,"","",tree,all,0.0381571271145179,0.372624469424891,0.406738340860665,0.00773303781512013,0.0620795782771553,-0.0203753924797626,1.4564596855136,1.07130403370132,25.9999,0.0638624477390889,-0.5,0,5,3.51132224183,0,given,360,2,6,2,1,3,0,0,1,0,38,,2,,FALSE,2,FALSE,3,confident,20260507_145347_unknown_allT_DP_MB_ME_g5_sm0p5_kg0_ks0_rcpp
sp2,20,2,2,8,3.33688349590811,2015-01-28,"","",tree,all,0.0381571271145179,0.372624469424891,0.406738340860665,0.00773303781512013,0.0620795782771553,-0.0203753924797626,1.4564596855136,1.07130403370132,25.9999,0.0638624477390889,-0.5,0,5,3.51132224183,0,given,,,,,,,,,,,44,,2,,FALSE,2,FALSE,3,,20260507_145347_unknown_allT_DP_MB_ME_g5_sm0p5_kg0_ks0_rcpp
sp2,20,2,2,9,7.22860318789975,2020-01-28,"","",tree,all,0.0381571271145179,0.372624469424891,0.406738340860665,0.00773303781512013,0.0620795782771553,-0.0203753924797626,1.4564596855136,1.07130403370132,25.9999,0.0638624477390889,-0.5,0,5,3.51132224183,0,given,,,,,,,,,,,50,,2,,FALSE,2,FALSE,3,,20260507_145347_unknown_allT_DP_MB_ME_g5_sm0p5_kg0_ks0_rcpp
sp2,20,3,,1,,1980-01-01,"","",tree,all,0.0381571271145179,0.372624469424891,0.406738340860665,0.00773303781512013,0.0620795782771553,-0.0203753924797626,1.4564596855136,1.07130403370132,25.9999,0.0638624477390889,-0.5,0,5,3.51132224183,0,given_orphan,360,2,6,,,,,,,,3,,3,,FALSE,,FALSE,3,,20260507_145347_unknown_allT_DP_MB_ME_g5_sm0p5_kg0_ks0_rcpp
sp2,20,3,,2,0.851750614923347,1985-01-03,"","",tree,all,0.0381571271145179,0.372624469424891,0.406738340860665,0.00773303781512013,0.0620795782771553,-0.0203753924797626,1.4564596855136,1.07130403370132,25.9999,0.0638624477390889,-0.5,0,5,3.51132224183,0,dp,360,2,6,3,1,2,0,0,1,0,9,,3,,FALSE,3,FALSE,3,confident,20260507_145347_unknown_allT_DP_MB_ME_g5_sm0p5_kg0_ks0_rcpp
sp2,20,3,,3,2.97934698476979,1989-12-16,"","",tree,all,0.0381571271145179,0.372624469424891,0.406738340860665,0.00773303781512013,0.0620795782771553,-0.0203753924797626,1.4564596855136,1.07130403370132,25.9999,0.0638624477390889,-0.5,0,5,3.51132224183,0,dp,360,2,6,3,1,2,0,0,1,0,15,,3,,FALSE,3,FALSE,3,confident,20260507_145347_unknown_allT_DP_MB_ME_g5_sm0p5_kg0_ks0_rcpp
sp2,20,3,,4,6.9118385882509,1995-01-29,"","",tree,all,0.0381571271145179,0.372624469424891,0.406738340860665,0.00773303781512013,0.0620795782771553,-0.0203753924797626,1.4564596855136,1.07130403370132,25.9999,0.0638624477390889,-0.5,0,5,3.51132224183,0,dp,360,2,6,3,1,2,0,0,1,0,21,,3,,FALSE,3,FALSE,3,confident,20260507_145347_unknown_allT_DP_MB_ME_g5_sm0p5_kg0_ks0_rcpp
sp2,20,3,,5,13.2931307890257,2000-02-24,"","",tree,all,0.0381571271145179,0.372624469424891,0.406738340860665,0.00773303781512013,0.0620795782771553,-0.0203753924797626,1.4564596855136,1.07130403370132,25.9999,0.0638624477390889,-0.5,0,5,3.51132224183,0,dp,360,2,6,3,1,2,0,0,1,0,27,,3,,FALSE,3,FALSE,3,confident,20260507_145347_unknown_allT_DP_MB_ME_g5_sm0p5_kg0_ks0_rcpp
sp2,20,3,,6,17.3738034908876,2005-03-11,"","",tree,all,0.0381571271145179,0.372624469424891,0.406738340860665,0.00773303781512013,0.0620795782771553,-0.0203753924797626,1.4564596855136,1.07130403370132,25.9999,0.0638624477390889,-0.5,0,5,3.51132224183,0,dp,360,2,6,3,1,2,0,0,1,0,33,,3,,FALSE,3,FALSE,3,confident,20260507_145347_unknown_allT_DP_MB_ME_g5_sm0p5_kg0_ks0_rcpp
sp2,20,3,3,7,26.0822440926794,2010-03-06,"","",tree,all,0.0381571271145179,0.372624469424891,0.406738340860665,0.00773303781512013,0.0620795782771553,-0.0203753924797626,1.4564596855136,1.07130403370132,25.9999,0.0638624477390889,-0.5,0,5,3.51132224183,0,given,360,2,6,3,1,2,0,0,1,0,39,,3,,FALSE,3,FALSE,3,confident,20260507_145347_unknown_allT_DP_MB_ME_g5_sm0p5_kg0_ks0_rcpp
sp2,20,3,3,8,34.605482078217,2015-01-28,"","",tree,all,0.0381571271145179,0.372624469424891,0.406738340860665,0.00773303781512013,0.0620795782771553,-0.0203753924797626,1.4564596855136,1.07130403370132,25.9999,0.0638624477390889,-0.5,0,5,3.51132224183,0,given,,,,,,,,,,,45,,3,,FALSE,3,FALSE,3,,20260507_145347_unknown_allT_DP_MB_ME_g5_sm0p5_kg0_ks0_rcpp
sp2,20,3,3,9,42.1950887433979,2020-01-28,"","",tree,all,0.0381571271145179,0.372624469424891,0.406738340860665,0.00773303781512013,0.0620795782771553,-0.0203753924797626,1.4564596855136,1.07130403370132,25.9999,0.0638624477390889,-0.5,0,5,3.51132224183,0,given,,,,,,,,,,,51,,3,,FALSE,3,FALSE,3,,20260507_145347_unknown_allT_DP_MB_ME_g5_sm0p5_kg0_ks0_rcpp
sp2,20,4,,1,7.08824108639384,1980-01-01,"","",tree,all,0.0381571271145179,0.372624469424891,0.406738340860665,0.00773303781512013,0.0620795782771553,-0.0203753924797626,1.4564596855136,1.07130403370132,25.9999,0.0638624477390889,-0.5,0,5,3.51132224183,0,dp,360,2,6,4,1,2,0,0,1,0,4,,4,,FALSE,4,FALSE,3,confident,20260507_145347_unknown_allT_DP_MB_ME_g5_sm0p5_kg0_ks0_rcpp
sp2,20,4,,2,11.7715570902376,1985-01-03,"","",tree,all,0.0381571271145179,0.372624469424891,0.406738340860665,0.00773303781512013,0.0620795782771553,-0.0203753924797626,1.4564596855136,1.07130403370132,25.9999,0.0638624477390889,-0.5,0,5,3.51132224183,0,dp,360,2,6,4,1,2,0,0,1,0,10,,4,,FALSE,4,FALSE,3,confident,20260507_145347_unknown_allT_DP_MB_ME_g5_sm0p5_kg0_ks0_rcpp
sp2,20,4,,3,15.7386599953762,1989-12-16,"","",tree,all,0.0381571271145179,0.372624469424891,0.406738340860665,0.00773303781512013,0.0620795782771553,-0.0203753924797626,1.4564596855136,1.07130403370132,25.9999,0.0638624477390889,-0.5,0,5,3.51132224183,0,dp,360,2,6,4,1,2,0,0,1,0,16,,4,,FALSE,4,FALSE,3,confident,20260507_145347_unknown_allT_DP_MB_ME_g5_sm0p5_kg0_ks0_rcpp
sp2,20,4,,4,24.5407173929118,1995-01-29,"","",tree,all,0.0381571271145179,0.372624469424891,0.406738340860665,0.00773303781512013,0.0620795782771553,-0.0203753924797626,1.4564596855136,1.07130403370132,25.9999,0.0638624477390889,-0.5,0,5,3.51132224183,0,dp,360,2,6,4,1,2,0,0,1,0,22,,4,,FALSE,4,FALSE,3,confident,20260507_145347_unknown_allT_DP_MB_ME_g5_sm0p5_kg0_ks0_rcpp
sp2,20,4,,5,30.7883945582932,2000-02-24,"","",tree,all,0.0381571271145179,0.372624469424891,0.406738340860665,0.00773303781512013,0.0620795782771553,-0.0203753924797626,1.4564596855136,1.07130403370132,25.9999,0.0638624477390889,-0.5,0,5,3.51132224183,0,dp,360,2,6,4,1,2,0,0,1,0,28,,4,,FALSE,4,FALSE,3,confident,20260507_145347_unknown_allT_DP_MB_ME_g5_sm0p5_kg0_ks0_rcpp
sp2,20,4,,6,39.9463956282407,2005-03-11,"","",tree,all,0.0381571271145179,0.372624469424891,0.406738340860665,0.00773303781512013,0.0620795782771553,-0.0203753924797626,1.4564596855136,1.07130403370132,25.9999,0.0638624477390889,-0.5,0,5,3.51132224183,0,dp,360,2,6,4,1,2,0,0,1,0,34,,4,,FALSE,4,FALSE,3,confident,20260507_145347_unknown_allT_DP_MB_ME_g5_sm0p5_kg0_ks0_rcpp
sp2,20,4,4,7,42.4395710575296,2010-03-06,"","",tree,all,0.0381571271145179,0.372624469424891,0.406738340860665,0.00773303781512013,0.0620795782771553,-0.0203753924797626,1.4564596855136,1.07130403370132,25.9999,0.0638624477390889,-0.5,0,5,3.51132224183,0,given,360,2,6,4,1,2,0,0,1,0,40,,4,,FALSE,4,FALSE,3,confident,20260507_145347_unknown_allT_DP_MB_ME_g5_sm0p5_kg0_ks0_rcpp
sp2,20,4,4,8,46.8457202041719,2015-01-28,"","",tree,all,0.0381571271145179,0.372624469424891,0.406738340860665,0.00773303781512013,0.0620795782771553,-0.0203753924797626,1.4564596855136,1.07130403370132,25.9999,0.0638624477390889,-0.5,0,5,3.51132224183,0,given,,,,,,,,,,,46,,4,,FALSE,4,FALSE,3,,20260507_145347_unknown_allT_DP_MB_ME_g5_sm0p5_kg0_ks0_rcpp
sp2,20,4,4,9,51.2352349484401,2020-01-28,"","",tree,all,0.0381571271145179,0.372624469424891,0.406738340860665,0.00773303781512013,0.0620795782771553,-0.0203753924797626,1.4564596855136,1.07130403370132,25.9999,0.0638624477390889,-0.5,0,5,3.51132224183,0,given,,,,,,,,,,,52,,4,,FALSE,4,FALSE,3,,20260507_145347_unknown_allT_DP_MB_ME_g5_sm0p5_kg0_ks0_rcpp
sp2,20,5,,1,45.686995413546,1980-01-01,"","",tree,all,0.0381571271145179,0.372624469424891,0.406738340860665,0.00773303781512013,0.0620795782771553,-0.0203753924797626,1.4564596855136,1.07130403370132,25.9999,0.0638624477390889,-0.5,0,5,3.51132224183,0,dp,360,2,6,7,0.5,8,0.5,0.693147180559945,0.5,1,5,,8,,FALSE,8,FALSE,3,unlinked-likely,20260507_145347_unknown_allT_DP_MB_ME_g5_sm0p5_kg0_ks0_rcpp
sp2,20,5,,2,49.3158112639434,1985-01-03,"","",tree,all,0.0381571271145179,0.372624469424891,0.406738340860665,0.00773303781512013,0.0620795782771553,-0.0203753924797626,1.4564596855136,1.07130403370132,25.9999,0.0638624477390889,-0.5,0,5,3.51132224183,0,dp,360,2,6,7,0.5,8,0.5,0.693147180559945,0.5,1,11,,8,,FALSE,8,FALSE,3,unlinked-likely,20260507_145347_unknown_allT_DP_MB_ME_g5_sm0p5_kg0_ks0_rcpp
sp2,20,5,,3,61.2991544978441,1989-12-16,"","",tree,all,0.0381571271145179,0.372624469424891,0.406738340860665,0.00773303781512013,0.0620795782771553,-0.0203753924797626,1.4564596855136,1.07130403370132,25.9999,0.0638624477390889,-0.5,0,5,3.51132224183,0,dp,360,2,6,7,0.5,8,0.5,0.693147180559945,0.5,1,17,,8,,FALSE,8,FALSE,3,unlinked-likely,20260507_145347_unknown_allT_DP_MB_ME_g5_sm0p5_kg0_ks0_rcpp
sp2,20,5,,4,65.1382235687901,1995-01-29,"","",tree,all,0.0381571271145179,0.372624469424891,0.406738340860665,0.00773303781512013,0.0620795782771553,-0.0203753924797626,1.4564596855136,1.07130403370132,25.9999,0.0638624477390889,-0.5,0,5,3.51132224183,0,dp,360,2,6,7,0.5,8,0.5,0.693147180559945,0.5,1,23,,8,,FALSE,8,FALSE,3,unlinked-likely,20260507_145347_unknown_allT_DP_MB_ME_g5_sm0p5_kg0_ks0_rcpp
sp2,20,5,,5,68.5084090208502,2000-02-24,"","",tree,all,0.0381571271145179,0.372624469424891,0.406738340860665,0.00773303781512013,0.0620795782771553,-0.0203753924797626,1.4564596855136,1.07130403370132,25.9999,0.0638624477390889,-0.5,0,5,3.51132224183,0,dp,360,2,6,7,0.5,8,0.5,0.693147180559945,0.5,1,29,,8,,FALSE,8,FALSE,3,unlinked-likely,20260507_145347_unknown_allT_DP_MB_ME_g5_sm0p5_kg0_ks0_rcpp
sp2,20,5,,6,,2005-03-11,"","",tree,all,0.0381571271145179,0.372624469424891,0.406738340860665,0.00773303781512013,0.0620795782771553,-0.0203753924797626,1.4564596855136,1.07130403370132,25.9999,0.0638624477390889,-0.5,0,5,3.51132224183,0,given_orphan,360,2,6,,,,,,,,35,,5,,FALSE,,FALSE,3,,20260507_145347_unknown_allT_DP_MB_ME_g5_sm0p5_kg0_ks0_rcpp
sp2,20,5,5,7,,2010-03-06,"","",tree,all,0.0381571271145179,0.372624469424891,0.406738340860665,0.00773303781512013,0.0620795782771553,-0.0203753924797626,1.4564596855136,1.07130403370132,25.9999,0.0638624477390889,-0.5,0,5,3.51132224183,0,given,360,2,6,,,,,,,,41,,5,,FALSE,5,FALSE,3,,20260507_145347_unknown_allT_DP_MB_ME_g5_sm0p5_kg0_ks0_rcpp
sp2,20,5,5,8,,2015-01-28,"","",tree,all,0.0381571271145179,0.372624469424891,0.406738340860665,0.00773303781512013,0.0620795782771553,-0.0203753924797626,1.4564596855136,1.07130403370132,25.9999,0.0638624477390889,-0.5,0,5,3.51132224183,0,given,,,,,,,,,,,47,,5,,FALSE,5,FALSE,3,,20260507_145347_unknown_allT_DP_MB_ME_g5_sm0p5_kg0_ks0_rcpp
sp2,20,5,5,9,,2020-01-28,"","",tree,all,0.0381571271145179,0.372624469424891,0.406738340860665,0.00773303781512013,0.0620795782771553,-0.0203753924797626,1.4564596855136,1.07130403370132,25.9999,0.0638624477390889,-0.5,0,5,3.51132224183,0,given,,,,,,,,,,,53,,5,,FALSE,5,FALSE,3,,20260507_145347_unknown_allT_DP_MB_ME_g5_sm0p5_kg0_ks0_rcpp
sp2,20,6,,1,,1980-01-01,"","",tree,all,0.0381571271145179,0.372624469424891,0.406738340860665,0.00773303781512013,0.0620795782771553,-0.0203753924797626,1.4564596855136,1.07130403370132,25.9999,0.0638624477390889,-0.5,0,5,3.51132224183,0,given_orphan,360,2,6,,,,,,,,6,,6,,FALSE,,FALSE,3,,20260507_145347_unknown_allT_DP_MB_ME_g5_sm0p5_kg0_ks0_rcpp
sp2,20,6,,2,,1985-01-03,"","",tree,all,0.0381571271145179,0.372624469424891,0.406738340860665,0.00773303781512013,0.0620795782771553,-0.0203753924797626,1.4564596855136,1.07130403370132,25.9999,0.0638624477390889,-0.5,0,5,3.51132224183,0,given_orphan,360,2,6,,,,,,,,12,,6,,FALSE,,FALSE,3,,20260507_145347_unknown_allT_DP_MB_ME_g5_sm0p5_kg0_ks0_rcpp
sp2,20,6,,3,,1989-12-16,"","",tree,all,0.0381571271145179,0.372624469424891,0.406738340860665,0.00773303781512013,0.0620795782771553,-0.0203753924797626,1.4564596855136,1.07130403370132,25.9999,0.0638624477390889,-0.5,0,5,3.51132224183,0,given_orphan,360,2,6,,,,,,,,18,,6,,FALSE,,FALSE,3,,20260507_145347_unknown_allT_DP_MB_ME_g5_sm0p5_kg0_ks0_rcpp
sp2,20,6,,4,,1995-01-29,"","",tree,all,0.0381571271145179,0.372624469424891,0.406738340860665,0.00773303781512013,0.0620795782771553,-0.0203753924797626,1.4564596855136,1.07130403370132,25.9999,0.0638624477390889,-0.5,0,5,3.51132224183,0,given_orphan,360,2,6,,,,,,,,24,,6,,FALSE,,FALSE,3,,20260507_145347_unknown_allT_DP_MB_ME_g5_sm0p5_kg0_ks0_rcpp
sp2,20,6,,5,,2000-02-24,"","",tree,all,0.0381571271145179,0.372624469424891,0.406738340860665,0.00773303781512013,0.0620795782771553,-0.0203753924797626,1.4564596855136,1.07130403370132,25.9999,0.0638624477390889,-0.5,0,5,3.51132224183,0,given_orphan,360,2,6,,,,,,,,30,,6,,FALSE,,FALSE,3,,20260507_145347_unknown_allT_DP_MB_ME_g5_sm0p5_kg0_ks0_rcpp
sp2,20,6,,6,0.950011730466739,2005-03-11,"","",tree,all,0.0381571271145179,0.372624469424891,0.406738340860665,0.00773303781512013,0.0620795782771553,-0.0203753924797626,1.4564596855136,1.07130403370132,25.9999,0.0638624477390889,-0.5,0,5,3.51132224183,0,dp,360,2,6,2,0.617928953615117,6,0.382071046384884,0.665068907226769,0.617928953615117,0,36,,2,,FALSE,2,FALSE,3,ambiguous,20260507_145347_unknown_allT_DP_MB_ME_g5_sm0p5_kg0_ks0_rcpp
sp2,20,6,6,7,3.62154235155183,2010-03-06,"","",tree,all,0.0381571271145179,0.372624469424891,0.406738340860665,0.00773303781512013,0.0620795782771553,-0.0203753924797626,1.4564596855136,1.07130403370132,25.9999,0.0638624477390889,-0.5,0,5,3.51132224183,0,given,360,2,6,6,1,2,0,0,1,0,42,,6,,FALSE,6,FALSE,3,confident,20260507_145347_unknown_allT_DP_MB_ME_g5_sm0p5_kg0_ks0_rcpp
sp2,20,6,6,8,6.88785545834396,2015-01-28,"","",tree,all,0.0381571271145179,0.372624469424891,0.406738340860665,0.00773303781512013,0.0620795782771553,-0.0203753924797626,1.4564596855136,1.07130403370132,25.9999,0.0638624477390889,-0.5,0,5,3.51132224183,0,given,,,,,,,,,,,48,,6,,FALSE,6,FALSE,3,,20260507_145347_unknown_allT_DP_MB_ME_g5_sm0p5_kg0_ks0_rcpp
sp2,20,6,6,9,11.3331852663034,2020-01-28,"","",tree,all,0.0381571271145179,0.372624469424891,0.406738340860665,0.00773303781512013,0.0620795782771553,-0.0203753924797626,1.4564596855136,1.07130403370132,25.9999,0.0638624477390889,-0.5,0,5,3.51132224183,0,given,,,,,,,,,,,54,,6,,FALSE,6,FALSE,3,,20260507_145347_unknown_allT_DP_MB_ME_g5_sm0p5_kg0_ks0_rcpp
sp2,21,1,,1,17.7996203174068,1980-01-01,"","",tree,all,0.0381571271145179,0.372624469424891,0.406738340860665,0.00773303781512013,0.0620795782771553,-0.0203753924797626,1.4564596855136,1.07130403370132,25.9999,0.0638624477390889,-0.5,0,5,3.51132224183,0,dp,60,3,5,1,0.999374157752905,6,0.000312921123547618,0.0056759175553255,0.999374157752905,0.000625842247095235,1,,1,,FALSE,1,FALSE,3,confident,20260507_145347_unknown_allT_DP_MB_ME_g5_sm0p5_kg0_ks0_rcpp
sp2,21,1,,2,21.9883863998978,1985-01-26,"","",tree,all,0.0381571271145179,0.372624469424891,0.406738340860665,0.00773303781512013,0.0620795782771553,-0.0203753924797626,1.4564596855136,1.07130403370132,25.9999,0.0638624477390889,-0.5,0,5,3.51132224183,0,dp,60,3,5,1,1,2,0,0,1,0,6,,1,,FALSE,1,FALSE,3,confident,20260507_145347_unknown_allT_DP_MB_ME_g5_sm0p5_kg0_ks0_rcpp
sp2,21,1,,3,30.9123011342619,1990-02-20,"","",tree,all,0.0381571271145179,0.372624469424891,0.406738340860665,0.00773303781512013,0.0620795782771553,-0.0203753924797626,1.4564596855136,1.07130403370132,25.9999,0.0638624477390889,-0.5,0,5,3.51132224183,0,dp,60,3,5,1,1,2,0,0,1,0,11,,1,,FALSE,1,FALSE,3,confident,20260507_145347_unknown_allT_DP_MB_ME_g5_sm0p5_kg0_ks0_rcpp
sp2,21,1,,4,35.344704074143,1995-02-14,"","",tree,all,0.0381571271145179,0.372624469424891,0.406738340860665,0.00773303781512013,0.0620795782771553,-0.0203753924797626,1.4564596855136,1.07130403370132,25.9999,0.0638624477390889,-0.5,0,5,3.51132224183,0,dp,60,3,5,1,1,2,0,0,1,0,16,,1,,FALSE,1,FALSE,3,confident,20260507_145347_unknown_allT_DP_MB_ME_g5_sm0p5_kg0_ks0_rcpp
sp2,21,1,,5,39.6219354177495,2000-02-24,"","",tree,all,0.0381571271145179,0.372624469424891,0.406738340860665,0.00773303781512013,0.0620795782771553,-0.0203753924797626,1.4564596855136,1.07130403370132,25.9999,0.0638624477390889,-0.5,0,5,3.51132224183,0,dp,60,3,5,1,1,2,0,0,1,0,21,,1,,FALSE,1,FALSE,3,confident,20260507_145347_unknown_allT_DP_MB_ME_g5_sm0p5_kg0_ks0_rcpp
sp2,21,1,,6,55.0612487661858,2005-02-13,"","",tree,all,0.0381571271145179,0.372624469424891,0.406738340860665,0.00773303781512013,0.0620795782771553,-0.0203753924797626,1.4564596855136,1.07130403370132,25.9999,0.0638624477390889,-0.5,0,5,3.51132224183,0,dp,60,3,5,1,1,2,0,0,1,0,26,,1,,FALSE,1,FALSE,3,confident,20260507_145347_unknown_allT_DP_MB_ME_g5_sm0p5_kg0_ks0_rcpp
sp2,21,1,1,7,62.0130886461153,2010-01-16,"","",tree,all,0.0381571271145179,0.372624469424891,0.406738340860665,0.00773303781512013,0.0620795782771553,-0.0203753924797626,1.4564596855136,1.07130403370132,25.9999,0.0638624477390889,-0.5,0,5,3.51132224183,0,given,60,3,5,1,1,2,0,0,1,0,31,,1,,FALSE,1,FALSE,3,confident,20260507_145347_unknown_allT_DP_MB_ME_g5_sm0p5_kg0_ks0_rcpp
sp2,21,1,1,8,73.3857680467699,2015-03-11,"","",tree,all,0.0381571271145179,0.372624469424891,0.406738340860665,0.00773303781512013,0.0620795782771553,-0.0203753924797626,1.4564596855136,1.07130403370132,25.9999,0.0638624477390889,-0.5,0,5,3.51132224183,0,given,,,,,,,,,,,36,,1,,FALSE,1,FALSE,3,,20260507_145347_unknown_allT_DP_MB_ME_g5_sm0p5_kg0_ks0_rcpp
sp2,21,1,1,9,83.4536863131119,2020-02-16,"","",tree,all,0.0381571271145179,0.372624469424891,0.406738340860665,0.00773303781512013,0.0620795782771553,-0.0203753924797626,1.4564596855136,1.07130403370132,25.9999,0.0638624477390889,-0.5,0,5,3.51132224183,0,given,,,,,,,,,,,41,,1,,FALSE,1,FALSE,3,,20260507_145347_unknown_allT_DP_MB_ME_g5_sm0p5_kg0_ks0_rcpp
sp2,21,2,,1,,1980-01-01,"","",tree,all,0.0381571271145179,0.372624469424891,0.406738340860665,0.00773303781512013,0.0620795782771553,-0.0203753924797626,1.4564596855136,1.07130403370132,25.9999,0.0638624477390889,-0.5,0,5,3.51132224183,0,given_orphan,60,3,5,,,,,,,,2,,2,,FALSE,,FALSE,3,,20260507_145347_unknown_allT_DP_MB_ME_g5_sm0p5_kg0_ks0_rcpp
sp2,21,2,,2,,1985-01-26,"","",tree,all,0.0381571271145179,0.372624469424891,0.406738340860665,0.00773303781512013,0.0620795782771553,-0.0203753924797626,1.4564596855136,1.07130403370132,25.9999,0.0638624477390889,-0.5,0,5,3.51132224183,0,given_orphan,60,3,5,,,,,,,,7,,2,,FALSE,,FALSE,3,,20260507_145347_unknown_allT_DP_MB_ME_g5_sm0p5_kg0_ks0_rcpp
sp2,21,2,,3,0.607733016681585,1990-02-20,"","",tree,all,0.0381571271145179,0.372624469424891,0.406738340860665,0.00773303781512013,0.0620795782771553,-0.0203753924797626,1.4564596855136,1.07130403370132,25.9999,0.0638624477390889,-0.5,0,5,3.51132224183,0,dp,60,3,5,2,0.958576095545805,6,0.0207119522270978,0.201156150491653,0.958576095545805,0.0414239044541955,12,,2,,FALSE,2,FALSE,3,confident,20260507_145347_unknown_allT_DP_MB_ME_g5_sm0p5_kg0_ks0_rcpp
sp2,21,2,,4,1.50539992475182,1995-02-14,"","",tree,all,0.0381571271145179,0.372624469424891,0.406738340860665,0.00773303781512013,0.0620795782771553,-0.0203753924797626,1.4564596855136,1.07130403370132,25.9999,0.0638624477390889,-0.5,0,5,3.51132224183,0,dp,60,3,5,2,0.980114321123371,6,0.00994283943831424,0.111377564233079,0.980114321123371,0.0198856788766285,17,,2,,FALSE,2,FALSE,3,confident,20260507_145347_unknown_allT_DP_MB_ME_g5_sm0p5_kg0_ks0_rcpp
sp2,21,2,,5,4.67343866616688,2000-02-24,"","",tree,all,0.0381571271145179,0.372624469424891,0.406738340860665,0.00773303781512013,0.0620795782771553,-0.0203753924797626,1.4564596855136,1.07130403370132,25.9999,0.0638624477390889,-0.5,0,5,3.51132224183,0,dp,60,3,5,2,0.994296912026649,6,0.00285154398667539,0.0391062892471992,0.994296912026649,0.00570308797335077,22,,2,,FALSE,2,FALSE,3,confident,20260507_145347_unknown_allT_DP_MB_ME_g5_sm0p5_kg0_ks0_rcpp
sp2,21,2,,6,9.65365936147444,2005-02-13,"","",tree,all,0.0381571271145179,0.372624469424891,0.406738340860665,0.00773303781512013,0.0620795782771553,-0.0203753924797626,1.4564596855136,1.07130403370132,25.9999,0.0638624477390889,-0.5,0,5,3.51132224183,0,dp,60,3,5,2,0.998618232058087,6,0.000690883970956514,0.0114366824811206,0.998618232058087,0.00138176794191303,27,,2,,FALSE,2,FALSE,3,confident,20260507_145347_unknown_allT_DP_MB_ME_g5_sm0p5_kg0_ks0_rcpp
sp2,21,2,2,7,14.5213320868333,2010-01-16,"","",tree,all,0.0381571271145179,0.372624469424891,0.406738340860665,0.00773303781512013,0.0620795782771553,-0.0203753924797626,1.4564596855136,1.07130403370132,25.9999,0.0638624477390889,-0.5,0,5,3.51132224183,0,given,60,3,5,2,1,1,0,0,1,0,32,,2,,FALSE,2,FALSE,3,confident,20260507_145347_unknown_allT_DP_MB_ME_g5_sm0p5_kg0_ks0_rcpp
sp2,21,2,2,8,20.9955482348254,2015-03-11,"","",tree,all,0.0381571271145179,0.372624469424891,0.406738340860665,0.00773303781512013,0.0620795782771553,-0.0203753924797626,1.4564596855136,1.07130403370132,25.9999,0.0638624477390889,-0.5,0,5,3.51132224183,0,given,,,,,,,,,,,37,,2,,FALSE,2,FALSE,3,,20260507_145347_unknown_allT_DP_MB_ME_g5_sm0p5_kg0_ks0_rcpp
sp2,21,2,2,9,27.2765876684911,2020-02-16,"","",tree,all,0.0381571271145179,0.372624469424891,0.406738340860665,0.00773303781512013,0.0620795782771553,-0.0203753924797626,1.4564596855136,1.07130403370132,25.9999,0.0638624477390889,-0.5,0,5,3.51132224183,0,given,,,,,,,,,,,42,,2,,FALSE,2,FALSE,3,,20260507_145347_unknown_allT_DP_MB_ME_g5_sm0p5_kg0_ks0_rcpp
sp2,21,3,,1,,1980-01-01,"","",tree,all,0.0381571271145179,0.372624469424891,0.406738340860665,0.00773303781512013,0.0620795782771553,-0.0203753924797626,1.4564596855136,1.07130403370132,25.9999,0.0638624477390889,-0.5,0,5,3.51132224183,0,given_orphan,60,3,5,,,,,,,,3,,3,,FALSE,,FALSE,3,,20260507_145347_unknown_allT_DP_MB_ME_g5_sm0p5_kg0_ks0_rcpp
sp2,21,3,,2,,1985-01-26,"","",tree,all,0.0381571271145179,0.372624469424891,0.406738340860665,0.00773303781512013,0.0620795782771553,-0.0203753924797626,1.4564596855136,1.07130403370132,25.9999,0.0638624477390889,-0.5,0,5,3.51132224183,0,given_orphan,60,3,5,,,,,,,,8,,3,,FALSE,,FALSE,3,,20260507_145347_unknown_allT_DP_MB_ME_g5_sm0p5_kg0_ks0_rcpp
sp2,21,3,,3,,1990-02-20,"","",tree,all,0.0381571271145179,0.372624469424891,0.406738340860665,0.00773303781512013,0.0620795782771553,-0.0203753924797626,1.4564596855136,1.07130403370132,25.9999,0.0638624477390889,-0.5,0,5,3.51132224183,0,given_orphan,60,3,5,,,,,,,,13,,3,,FALSE,,FALSE,3,,20260507_145347_unknown_allT_DP_MB_ME_g5_sm0p5_kg0_ks0_rcpp
sp2,21,3,,4,,1995-02-14,"","",tree,all,0.0381571271145179,0.372624469424891,0.406738340860665,0.00773303781512013,0.0620795782771553,-0.0203753924797626,1.4564596855136,1.07130403370132,25.9999,0.0638624477390889,-0.5,0,5,3.51132224183,0,given_orphan,60,3,5,,,,,,,,18,,3,,FALSE,,FALSE,3,,20260507_145347_unknown_allT_DP_MB_ME_g5_sm0p5_kg0_ks0_rcpp
sp2,21,3,,5,,2000-02-24,"","",tree,all,0.0381571271145179,0.372624469424891,0.406738340860665,0.00773303781512013,0.0620795782771553,-0.0203753924797626,1.4564596855136,1.07130403370132,25.9999,0.0638624477390889,-0.5,0,5,3.51132224183,0,given_orphan,60,3,5,,,,,,,,23,,3,,FALSE,,FALSE,3,,20260507_145347_unknown_allT_DP_MB_ME_g5_sm0p5_kg0_ks0_rcpp
sp2,21,3,,6,,2005-02-13,"","",tree,all,0.0381571271145179,0.372624469424891,0.406738340860665,0.00773303781512013,0.0620795782771553,-0.0203753924797626,1.4564596855136,1.07130403370132,25.9999,0.0638624477390889,-0.5,0,5,3.51132224183,0,given_orphan,60,3,5,,,,,,,,28,,3,,FALSE,,FALSE,3,,20260507_145347_unknown_allT_DP_MB_ME_g5_sm0p5_kg0_ks0_rcpp
sp2,21,3,3,7,0.538960352899227,2010-01-16,"","",tree,all,0.0381571271145179,0.372624469424891,0.406738340860665,0.00773303781512013,0.0620795782771553,-0.0203753924797626,1.4564596855136,1.07130403370132,25.9999,0.0638624477390889,-0.5,0,5,3.51132224183,0,given,60,3,5,3,1,1,0,0,1,0,33,,3,,FALSE,3,FALSE,3,confident,20260507_145347_unknown_allT_DP_MB_ME_g5_sm0p5_kg0_ks0_rcpp
sp2,21,3,3,8,2.48229841332249,2015-03-11,"","",tree,all,0.0381571271145179,0.372624469424891,0.406738340860665,0.00773303781512013,0.0620795782771553,-0.0203753924797626,1.4564596855136,1.07130403370132,25.9999,0.0638624477390889,-0.5,0,5,3.51132224183,0,given,,,,,,,,,,,38,,3,,FALSE,3,FALSE,3,,20260507_145347_unknown_allT_DP_MB_ME_g5_sm0p5_kg0_ks0_rcpp
sp2,21,3,3,9,6.8475570884902,2020-02-16,"","",tree,all,0.0381571271145179,0.372624469424891,0.406738340860665,0.00773303781512013,0.0620795782771553,-0.0203753924797626,1.4564596855136,1.07130403370132,25.9999,0.0638624477390889,-0.5,0,5,3.51132224183,0,given,,,,,,,,,,,43,,3,,FALSE,3,FALSE,3,,20260507_145347_unknown_allT_DP_MB_ME_g5_sm0p5_kg0_ks0_rcpp
sp2,21,4,,1,,1980-01-01,"","",tree,all,0.0381571271145179,0.372624469424891,0.406738340860665,0.00773303781512013,0.0620795782771553,-0.0203753924797626,1.4564596855136,1.07130403370132,25.9999,0.0638624477390889,-0.5,0,5,3.51132224183,0,given_orphan,60,3,5,,,,,,,,4,,4,,FALSE,,FALSE,3,,20260507_145347_unknown_allT_DP_MB_ME_g5_sm0p5_kg0_ks0_rcpp
sp2,21,4,,2,,1985-01-26,"","",tree,all,0.0381571271145179,0.372624469424891,0.406738340860665,0.00773303781512013,0.0620795782771553,-0.0203753924797626,1.4564596855136,1.07130403370132,25.9999,0.0638624477390889,-0.5,0,5,3.51132224183,0,given_orphan,60,3,5,,,,,,,,9,,4,,FALSE,,FALSE,3,,20260507_145347_unknown_allT_DP_MB_ME_g5_sm0p5_kg0_ks0_rcpp
sp2,21,4,,3,,1990-02-20,"","",tree,all,0.0381571271145179,0.372624469424891,0.406738340860665,0.00773303781512013,0.0620795782771553,-0.0203753924797626,1.4564596855136,1.07130403370132,25.9999,0.0638624477390889,-0.5,0,5,3.51132224183,0,given_orphan,60,3,5,,,,,,,,14,,4,,FALSE,,FALSE,3,,20260507_145347_unknown_allT_DP_MB_ME_g5_sm0p5_kg0_ks0_rcpp
sp2,21,4,,4,,1995-02-14,"","",tree,all,0.0381571271145179,0.372624469424891,0.406738340860665,0.00773303781512013,0.0620795782771553,-0.0203753924797626,1.4564596855136,1.07130403370132,25.9999,0.0638624477390889,-0.5,0,5,3.51132224183,0,given_orphan,60,3,5,,,,,,,,19,,4,,FALSE,,FALSE,3,,20260507_145347_unknown_allT_DP_MB_ME_g5_sm0p5_kg0_ks0_rcpp
sp2,21,4,,5,,2000-02-24,"","",tree,all,0.0381571271145179,0.372624469424891,0.406738340860665,0.00773303781512013,0.0620795782771553,-0.0203753924797626,1.4564596855136,1.07130403370132,25.9999,0.0638624477390889,-0.5,0,5,3.51132224183,0,given_orphan,60,3,5,,,,,,,,24,,4,,FALSE,,FALSE,3,,20260507_145347_unknown_allT_DP_MB_ME_g5_sm0p5_kg0_ks0_rcpp
sp2,21,4,,6,,2005-02-13,"","",tree,all,0.0381571271145179,0.372624469424891,0.406738340860665,0.00773303781512013,0.0620795782771553,-0.0203753924797626,1.4564596855136,1.07130403370132,25.9999,0.0638624477390889,-0.5,0,5,3.51132224183,0,given_orphan,60,3,5,,,,,,,,29,,4,,FALSE,,FALSE,3,,20260507_145347_unknown_allT_DP_MB_ME_g5_sm0p5_kg0_ks0_rcpp
sp2,21,4,4,7,,2010-01-16,"","",tree,all,0.0381571271145179,0.372624469424891,0.406738340860665,0.00773303781512013,0.0620795782771553,-0.0203753924797626,1.4564596855136,1.07130403370132,25.9999,0.0638624477390889,-0.5,0,5,3.51132224183,0,given,60,3,5,,,,,,,,34,,4,,FALSE,4,FALSE,3,,20260507_145347_unknown_allT_DP_MB_ME_g5_sm0p5_kg0_ks0_rcpp
sp2,21,4,4,8,0.668928738730125,2015-03-11,"","",tree,all,0.0381571271145179,0.372624469424891,0.406738340860665,0.00773303781512013,0.0620795782771553,-0.0203753924797626,1.4564596855136,1.07130403370132,25.9999,0.0638624477390889,-0.5,0,5,3.51132224183,0,given,,,,,,,,,,,39,,4,,FALSE,4,FALSE,3,,20260507_145347_unknown_allT_DP_MB_ME_g5_sm0p5_kg0_ks0_rcpp
sp2,21,4,4,9,4.12556592887305,2020-02-16,"","",tree,all,0.0381571271145179,0.372624469424891,0.406738340860665,0.00773303781512013,0.0620795782771553,-0.0203753924797626,1.4564596855136,1.07130403370132,25.9999,0.0638624477390889,-0.5,0,5,3.51132224183,0,given,,,,,,,,,,,44,,4,,FALSE,4,FALSE,3,,20260507_145347_unknown_allT_DP_MB_ME_g5_sm0p5_kg0_ks0_rcpp
sp2,21,5,,1,31.2707100919187,1980-01-01,"","",tree,all,0.0381571271145179,0.372624469424891,0.406738340860665,0.00773303781512013,0.0620795782771553,-0.0203753924797626,1.4564596855136,1.07130403370132,25.9999,0.0638624477390889,-0.5,0,5,3.51132224183,0,dp,60,3,5,6,0.5,7,0.5,0.693147180559945,0.5,1,5,,6,,FALSE,6,FALSE,3,unlinked-likely,20260507_145347_unknown_allT_DP_MB_ME_g5_sm0p5_kg0_ks0_rcpp
sp2,21,5,,2,43.5629949343004,1985-01-26,"","",tree,all,0.0381571271145179,0.372624469424891,0.406738340860665,0.00773303781512013,0.0620795782771553,-0.0203753924797626,1.4564596855136,1.07130403370132,25.9999,0.0638624477390889,-0.5,0,5,3.51132224183,0,dp,60,3,5,6,0.5,7,0.5,0.693147180559945,0.5,1,10,,6,,FALSE,6,FALSE,3,unlinked-likely,20260507_145347_unknown_allT_DP_MB_ME_g5_sm0p5_kg0_ks0_rcpp
sp2,21,5,,3,50.9296794321599,1990-02-20,"","",tree,all,0.0381571271145179,0.372624469424891,0.406738340860665,0.00773303781512013,0.0620795782771553,-0.0203753924797626,1.4564596855136,1.07130403370132,25.9999,0.0638624477390889,-0.5,0,5,3.51132224183,0,dp,60,3,5,6,0.5,7,0.5,0.693147180559945,0.5,1,15,,6,,FALSE,6,FALSE,3,unlinked-likely,20260507_145347_unknown_allT_DP_MB_ME_g5_sm0p5_kg0_ks0_rcpp
sp2,21,5,,4,57.8863050332907,1995-02-14,"","",tree,all,0.0381571271145179,0.372624469424891,0.406738340860665,0.00773303781512013,0.0620795782771553,-0.0203753924797626,1.4564596855136,1.07130403370132,25.9999,0.0638624477390889,-0.5,0,5,3.51132224183,0,dp,60,3,5,6,0.5,7,0.5,0.693147180559945,0.5,1,20,,6,,FALSE,6,FALSE,3,unlinked-likely,20260507_145347_unknown_allT_DP_MB_ME_g5_sm0p5_kg0_ks0_rcpp
sp2,21,5,,5,,2000-02-24,"","",tree,all,0.0381571271145179,0.372624469424891,0.406738340860665,0.00773303781512013,0.0620795782771553,-0.0203753924797626,1.4564596855136,1.07130403370132,25.9999,0.0638624477390889,-0.5,0,5,3.51132224183,0,given_orphan,60,3,5,,,,,,,,25,,5,,FALSE,,FALSE,3,,20260507_145347_unknown_allT_DP_MB_ME_g5_sm0p5_kg0_ks0_rcpp
sp2,21,5,,6,,2005-02-13,"","",tree,all,0.0381571271145179,0.372624469424891,0.406738340860665,0.00773303781512013,0.0620795782771553,-0.0203753924797626,1.4564596855136,1.07130403370132,25.9999,0.0638624477390889,-0.5,0,5,3.51132224183,0,given_orphan,60,3,5,,,,,,,,30,,5,,FALSE,,FALSE,3,,20260507_145347_unknown_allT_DP_MB_ME_g5_sm0p5_kg0_ks0_rcpp
sp2,21,5,5,7,,2010-01-16,"","",tree,all,0.0381571271145179,0.372624469424891,0.406738340860665,0.00773303781512013,0.0620795782771553,-0.0203753924797626,1.4564596855136,1.07130403370132,25.9999,0.0638624477390889,-0.5,0,5,3.51132224183,0,given,60,3,5,,,,,,,,35,,5,,FALSE,5,FALSE,3,,20260507_145347_unknown_allT_DP_MB_ME_g5_sm0p5_kg0_ks0_rcpp
sp2,21,5,5,8,,2015-03-11,"","",tree,all,0.0381571271145179,0.372624469424891,0.406738340860665,0.00773303781512013,0.0620795782771553,-0.0203753924797626,1.4564596855136,1.07130403370132,25.9999,0.0638624477390889,-0.5,0,5,3.51132224183,0,given,,,,,,,,,,,40,,5,,FALSE,5,FALSE,3,,20260507_145347_unknown_allT_DP_MB_ME_g5_sm0p5_kg0_ks0_rcpp
sp2,21,5,5,9,,2020-02-16,"","",tree,all,0.0381571271145179,0.372624469424891,0.406738340860665,0.00773303781512013,0.0620795782771553,-0.0203753924797626,1.4564596855136,1.07130403370132,25.9999,0.0638624477390889,-0.5,0,5,3.51132224183,0,given,,,,,,,,,,,45,,5,,FALSE,5,FALSE,3,,20260507_145347_unknown_allT_DP_MB_ME_g5_sm0p5_kg0_ks0_rcpp
sp2,22,1,,1,18.1559174783915,1980-01-01,"","",tree,all,0.0381571271145179,0.372624469424891,0.406738340860665,0.00773303781512013,0.0620795782771553,-0.0203753924797626,1.4564596855136,1.07130403370132,25.9999,0.0638624477390889,-0.5,0,5,3.51132224183,0,dp,360,3,6,1,0.994659778605043,6,0.00267011069747858,0.0369701416251518,0.994659778605043,0.00534022139495715,1,,1,,FALSE,1,FALSE,4,confident,20260507_145347_unknown_allT_DP_MB_ME_g5_sm0p5_kg0_ks0_rcpp
sp2,22,1,,2,26.4113823001311,1984-11-23,"","",tree,all,0.0381571271145179,0.372624469424891,0.406738340860665,0.00773303781512013,0.0620795782771553,-0.0203753924797626,1.4564596855136,1.07130403370132,25.9999,0.0638624477390889,-0.5,0,5,3.51132224183,0,dp,360,3,6,1,0.995602018459013,6,0.00219899077049337,0.031302873496954,0.995602018459013,0.00439798154098674,6,,1,,FALSE,1,FALSE,4,confident,20260507_145347_unknown_allT_DP_MB_ME_g5_sm0p5_kg0_ks0_rcpp
sp2,22,1,,3,36.4504800581004,1989-12-21,"","",tree,all,0.0381571271145179,0.372624469424891,0.406738340860665,0.00773303781512013,0.0620795782771553,-0.0203753924797626,1.4564596855136,1.07130403370132,25.9999,0.0638624477390889,-0.5,0,5,3.51132224183,0,dp,360,3,6,1,0.995902281908178,7,0.00204885904591114,0.0294561209000152,0.995902281908178,0.00409771809182229,11,,1,,FALSE,1,FALSE,4,confident,20260507_145347_unknown_allT_DP_MB_ME_g5_sm0p5_kg0_ks0_rcpp
sp2,22,1,,4,43.9020207844768,1995-02-08,"","",tree,all,0.0381571271145179,0.372624469424891,0.406738340860665,0.00773303781512013,0.0620795782771553,-0.0203753924797626,1.4564596855136,1.07130403370132,25.9999,0.0638624477390889,-0.5,0,5,3.51132224183,0,dp,360,3,6,1,0.995902281908178,6,0.00204885904591113,0.029456120900015,0.995902281908178,0.00409771809182226,16,,1,,FALSE,1,FALSE,4,confident,20260507_145347_unknown_allT_DP_MB_ME_g5_sm0p5_kg0_ks0_rcpp
sp2,22,1,,5,46.4876138927795,1999-11-20,"","",tree,all,0.0381571271145179,0.372624469424891,0.406738340860665,0.00773303781512013,0.0620795782771553,-0.0203753924797626,1.4564596855136,1.07130403370132,25.9999,0.0638624477390889,-0.5,0,5,3.51132224183,0,dp,360,3,6,1,1,2,0,0,1,0,21,,1,,FALSE,1,FALSE,4,confident,20260507_145347_unknown_allT_DP_MB_ME_g5_sm0p5_kg0_ks0_rcpp
sp2,22,1,,6,52.0325917125841,2004-12-17,"","",tree,all,0.0381571271145179,0.372624469424891,0.406738340860665,0.00773303781512013,0.0620795782771553,-0.0203753924797626,1.4564596855136,1.07130403370132,25.9999,0.0638624477390889,-0.5,0,5,3.51132224183,0,dp,360,3,6,1,1,2,0,0,1,0,26,,1,,FALSE,1,FALSE,4,confident,20260507_145347_unknown_allT_DP_MB_ME_g5_sm0p5_kg0_ks0_rcpp
sp2,22,1,1,7,59.6792130921804,2010-03-25,"","",tree,all,0.0381571271145179,0.372624469424891,0.406738340860665,0.00773303781512013,0.0620795782771553,-0.0203753924797626,1.4564596855136,1.07130403370132,25.9999,0.0638624477390889,-0.5,0,5,3.51132224183,0,given,360,3,6,1,1,2,0,0,1,0,31,,1,,FALSE,1,FALSE,4,confident,20260507_145347_unknown_allT_DP_MB_ME_g5_sm0p5_kg0_ks0_rcpp
sp2,22,1,1,8,59.6792130921804,2015-02-28,"","",tree,all,0.0381571271145179,0.372624469424891,0.406738340860665,0.00773303781512013,0.0620795782771553,-0.0203753924797626,1.4564596855136,1.07130403370132,25.9999,0.0638624477390889,-0.5,0,5,3.51132224183,0,given,,,,,,,,,,,36,,1,,FALSE,1,FALSE,4,,20260507_145347_unknown_allT_DP_MB_ME_g5_sm0p5_kg0_ks0_rcpp
sp2,22,1,1,9,79.9046088855845,2020-03-14,"","",tree,all,0.0381571271145179,0.372624469424891,0.406738340860665,0.00773303781512013,0.0620795782771553,-0.0203753924797626,1.4564596855136,1.07130403370132,25.9999,0.0638624477390889,-0.5,0,5,3.51132224183,0,given,,,,,,,,,,,41,,1,,FALSE,1,FALSE,4,,20260507_145347_unknown_allT_DP_MB_ME_g5_sm0p5_kg0_ks0_rcpp
sp2,22,2,,1,,1980-01-01,"","",tree,all,0.0381571271145179,0.372624469424891,0.406738340860665,0.00773303781512013,0.0620795782771553,-0.0203753924797626,1.4564596855136,1.07130403370132,25.9999,0.0638624477390889,-0.5,0,5,3.51132224183,0,given_orphan,360,3,6,,,,,,,,2,,2,,FALSE,,FALSE,4,,20260507_145347_unknown_allT_DP_MB_ME_g5_sm0p5_kg0_ks0_rcpp
sp2,22,2,,2,,1984-11-23,"","",tree,all,0.0381571271145179,0.372624469424891,0.406738340860665,0.00773303781512013,0.0620795782771553,-0.0203753924797626,1.4564596855136,1.07130403370132,25.9999,0.0638624477390889,-0.5,0,5,3.51132224183,0,given_orphan,360,3,6,,,,,,,,7,,2,,FALSE,,FALSE,4,,20260507_145347_unknown_allT_DP_MB_ME_g5_sm0p5_kg0_ks0_rcpp
sp2,22,2,,3,,1989-12-21,"","",tree,all,0.0381571271145179,0.372624469424891,0.406738340860665,0.00773303781512013,0.0620795782771553,-0.0203753924797626,1.4564596855136,1.07130403370132,25.9999,0.0638624477390889,-0.5,0,5,3.51132224183,0,given_orphan,360,3,6,,,,,,,,12,,2,,FALSE,,FALSE,4,,20260507_145347_unknown_allT_DP_MB_ME_g5_sm0p5_kg0_ks0_rcpp
sp2,22,2,,4,,1995-02-08,"","",tree,all,0.0381571271145179,0.372624469424891,0.406738340860665,0.00773303781512013,0.0620795782771553,-0.0203753924797626,1.4564596855136,1.07130403370132,25.9999,0.0638624477390889,-0.5,0,5,3.51132224183,0,given_orphan,360,3,6,,,,,,,,17,,2,,FALSE,,FALSE,4,,20260507_145347_unknown_allT_DP_MB_ME_g5_sm0p5_kg0_ks0_rcpp
sp2,22,2,,5,,1999-11-20,"","",tree,all,0.0381571271145179,0.372624469424891,0.406738340860665,0.00773303781512013,0.0620795782771553,-0.0203753924797626,1.4564596855136,1.07130403370132,25.9999,0.0638624477390889,-0.5,0,5,3.51132224183,0,given_orphan,360,3,6,,,,,,,,22,,2,,FALSE,,FALSE,4,,20260507_145347_unknown_allT_DP_MB_ME_g5_sm0p5_kg0_ks0_rcpp
sp2,22,2,,6,0.258086654206241,2004-12-17,"","",tree,all,0.0381571271145179,0.372624469424891,0.406738340860665,0.00773303781512013,0.0620795782771553,-0.0203753924797626,1.4564596855136,1.07130403370132,25.9999,0.0638624477390889,-0.5,0,5,3.51132224183,0,dp,360,3,6,2,0.90904170270887,6,0.0454750675684862,0.367875436358224,0.90904170270887,0.0909501351369723,27,,2,,FALSE,2,FALSE,4,ambiguous,20260507_145347_unknown_allT_DP_MB_ME_g5_sm0p5_kg0_ks0_rcpp
sp2,22,2,2,7,2.12990277812647,2010-03-25,"","",tree,all,0.0381571271145179,0.372624469424891,0.406738340860665,0.00773303781512013,0.0620795782771553,-0.0203753924797626,1.4564596855136,1.07130403370132,25.9999,0.0638624477390889,-0.5,0,5,3.51132224183,0,given,360,3,6,2,1,1,0,0,1,0,32,,2,,FALSE,2,FALSE,4,confident,20260507_145347_unknown_allT_DP_MB_ME_g5_sm0p5_kg0_ks0_rcpp
sp2,22,2,2,8,7.26526953283367,2015-02-28,"","",tree,all,0.0381571271145179,0.372624469424891,0.406738340860665,0.00773303781512013,0.0620795782771553,-0.0203753924797626,1.4564596855136,1.07130403370132,25.9999,0.0638624477390889,-0.5,0,5,3.51132224183,0,given,,,,,,,,,,,37,,2,,FALSE,2,FALSE,4,,20260507_145347_unknown_allT_DP_MB_ME_g5_sm0p5_kg0_ks0_rcpp
sp2,22,2,2,9,10.8596947810837,2020-03-14,"","",tree,all,0.0381571271145179,0.372624469424891,0.406738340860665,0.00773303781512013,0.0620795782771553,-0.0203753924797626,1.4564596855136,1.07130403370132,25.9999,0.0638624477390889,-0.5,0,5,3.51132224183,0,given,,,,,,,,,,,42,,2,,FALSE,2,FALSE,4,,20260507_145347_unknown_allT_DP_MB_ME_g5_sm0p5_kg0_ks0_rcpp
sp2,22,3,,1,35.8828270720279,1980-01-01,"","",tree,all,0.0381571271145179,0.372624469424891,0.406738340860665,0.00773303781512013,0.0620795782771553,-0.0203753924797626,1.4564596855136,1.07130403370132,25.9999,0.0638624477390889,-0.5,0,5,3.51132224183,0,dp,360,3,6,3,1,1,0,0,1,0,3,,3,,FALSE,3,FALSE,4,confident,20260507_145347_unknown_allT_DP_MB_ME_g5_sm0p5_kg0_ks0_rcpp
sp2,22,3,,2,44.6951918507249,1984-11-23,"","",tree,all,0.0381571271145179,0.372624469424891,0.406738340860665,0.00773303781512013,0.0620795782771553,-0.0203753924797626,1.4564596855136,1.07130403370132,25.9999,0.0638624477390889,-0.5,0,5,3.51132224183,0,dp,360,3,6,3,1,1,0,0,1,0,8,,3,,FALSE,3,FALSE,4,confident,20260507_145347_unknown_allT_DP_MB_ME_g5_sm0p5_kg0_ks0_rcpp
sp2,22,3,,3,55.7495751831449,1989-12-21,"","",tree,all,0.0381571271145179,0.372624469424891,0.406738340860665,0.00773303781512013,0.0620795782771553,-0.0203753924797626,1.4564596855136,1.07130403370132,25.9999,0.0638624477390889,-0.5,0,5,3.51132224183,0,dp,360,3,6,3,1,1,0,0,1,0,13,,3,,FALSE,3,FALSE,4,confident,20260507_145347_unknown_allT_DP_MB_ME_g5_sm0p5_kg0_ks0_rcpp
sp2,22,3,,4,65.5819072849321,1995-02-08,"","",tree,all,0.0381571271145179,0.372624469424891,0.406738340860665,0.00773303781512013,0.0620795782771553,-0.0203753924797626,1.4564596855136,1.07130403370132,25.9999,0.0638624477390889,-0.5,0,5,3.51132224183,0,dp,360,3,6,3,1,1,0,0,1,0,18,,3,,FALSE,3,FALSE,4,confident,20260507_145347_unknown_allT_DP_MB_ME_g5_sm0p5_kg0_ks0_rcpp
sp2,22,3,,5,75.0700229746983,1999-11-20,"","",tree,all,0.0381571271145179,0.372624469424891,0.406738340860665,0.00773303781512013,0.0620795782771553,-0.0203753924797626,1.4564596855136,1.07130403370132,25.9999,0.0638624477390889,-0.5,0,5,3.51132224183,0,dp,360,3,6,3,1,1,0,0,1,0,23,,3,,FALSE,3,FALSE,4,confident,20260507_145347_unknown_allT_DP_MB_ME_g5_sm0p5_kg0_ks0_rcpp
sp2,22,3,,6,87.5643830796421,2004-12-17,"","",tree,all,0.0381571271145179,0.372624469424891,0.406738340860665,0.00773303781512013,0.0620795782771553,-0.0203753924797626,1.4564596855136,1.07130403370132,25.9999,0.0638624477390889,-0.5,0,5,3.51132224183,0,dp,360,3,6,3,1,1,0,0,1,0,28,,3,,FALSE,3,FALSE,4,confident,20260507_145347_unknown_allT_DP_MB_ME_g5_sm0p5_kg0_ks0_rcpp
sp2,22,3,3,7,95.1430662243924,2010-03-25,"","",tree,all,0.0381571271145179,0.372624469424891,0.406738340860665,0.00773303781512013,0.0620795782771553,-0.0203753924797626,1.4564596855136,1.07130403370132,25.9999,0.0638624477390889,-0.5,0,5,3.51132224183,0,given,360,3,6,3,1,1,0,0,1,0,33,,3,,FALSE,3,FALSE,4,confident,20260507_145347_unknown_allT_DP_MB_ME_g5_sm0p5_kg0_ks0_rcpp
sp2,22,3,3,8,108.635045393824,2015-02-28,"","",tree,all,0.0381571271145179,0.372624469424891,0.406738340860665,0.00773303781512013,0.0620795782771553,-0.0203753924797626,1.4564596855136,1.07130403370132,25.9999,0.0638624477390889,-0.5,0,5,3.51132224183,0,given,,,,,,,,,,,38,,3,,FALSE,3,FALSE,4,,20260507_145347_unknown_allT_DP_MB_ME_g5_sm0p5_kg0_ks0_rcpp
sp2,22,3,3,9,108.635045393824,2020-03-14,"","",tree,all,0.0381571271145179,0.372624469424891,0.406738340860665,0.00773303781512013,0.0620795782771553,-0.0203753924797626,1.4564596855136,1.07130403370132,25.9999,0.0638624477390889,-0.5,0,5,3.51132224183,0,given,,,,,,,,,,,43,,3,,FALSE,3,FALSE,4,,20260507_145347_unknown_allT_DP_MB_ME_g5_sm0p5_kg0_ks0_rcpp
sp2,22,4,,1,,1980-01-01,"","",tree,all,0.0381571271145179,0.372624469424891,0.406738340860665,0.00773303781512013,0.0620795782771553,-0.0203753924797626,1.4564596855136,1.07130403370132,25.9999,0.0638624477390889,-0.5,0,5,3.51132224183,0,given_orphan,360,3,6,,,,,,,,4,,4,,FALSE,,FALSE,4,,20260507_145347_unknown_allT_DP_MB_ME_g5_sm0p5_kg0_ks0_rcpp
sp2,22,4,,2,,1984-11-23,"","",tree,all,0.0381571271145179,0.372624469424891,0.406738340860665,0.00773303781512013,0.0620795782771553,-0.0203753924797626,1.4564596855136,1.07130403370132,25.9999,0.0638624477390889,-0.5,0,5,3.51132224183,0,given_orphan,360,3,6,,,,,,,,9,,4,,FALSE,,FALSE,4,,20260507_145347_unknown_allT_DP_MB_ME_g5_sm0p5_kg0_ks0_rcpp
sp2,22,4,,3,0.329194699570029,1989-12-21,"","",tree,all,0.0381571271145179,0.372624469424891,0.406738340860665,0.00773303781512013,0.0620795782771553,-0.0203753924797626,1.4564596855136,1.07130403370132,25.9999,0.0638624477390889,-0.5,0,5,3.51132224183,0,dp,360,3,6,4,0.935132297822865,6,0.0324338510885675,0.285119095275056,0.935132297822865,0.064867702177135,14,,4,,FALSE,4,FALSE,4,ambiguous,20260507_145347_unknown_allT_DP_MB_ME_g5_sm0p5_kg0_ks0_rcpp
sp2,22,4,,4,1.85416199348292,1995-02-08,"","",tree,all,0.0381571271145179,0.372624469424891,0.406738340860665,0.00773303781512013,0.0620795782771553,-0.0203753924797626,1.4564596855136,1.07130403370132,25.9999,0.0638624477390889,-0.5,0,5,3.51132224183,0,dp,360,3,6,4,0.985659035527281,6,0.0071704822363596,0.0850501992476322,0.985659035527281,0.0143409644727192,19,,4,,FALSE,4,FALSE,4,confident,20260507_145347_unknown_allT_DP_MB_ME_g5_sm0p5_kg0_ks0_rcpp
sp2,22,4,,5,5.0817405644677,1999-11-20,"","",tree,all,0.0381571271145179,0.372624469424891,0.406738340860665,0.00773303781512013,0.0620795782771553,-0.0203753924797626,1.4564596855136,1.07130403370132,25.9999,0.0638624477390889,-0.5,0,5,3.51132224183,0,dp,360,3,6,4,0.995157149723473,6,0.00242142513826336,0.0340015242721806,0.995157149723473,0.00484285027652673,24,,4,,FALSE,4,FALSE,4,confident,20260507_145347_unknown_allT_DP_MB_ME_g5_sm0p5_kg0_ks0_rcpp
sp2,22,4,,6,10.5843518250424,2004-12-17,"","",tree,all,0.0381571271145179,0.372624469424891,0.406738340860665,0.00773303781512013,0.0620795782771553,-0.0203753924797626,1.4564596855136,1.07130403370132,25.9999,0.0638624477390889,-0.5,0,5,3.51132224183,0,dp,360,3,6,4,0.998866658495619,7,0.000566670752190661,0.00960525650248545,0.998866658495619,0.00113334150438132,29,,4,,FALSE,4,FALSE,4,confident,20260507_145347_unknown_allT_DP_MB_ME_g5_sm0p5_kg0_ks0_rcpp
sp2,22,4,4,7,16.2801609471698,2010-03-25,"","",tree,all,0.0381571271145179,0.372624469424891,0.406738340860665,0.00773303781512013,0.0620795782771553,-0.0203753924797626,1.4564596855136,1.07130403370132,25.9999,0.0638624477390889,-0.5,0,5,3.51132224183,0,given,360,3,6,4,1,1,0,0,1,0,34,,4,,FALSE,4,FALSE,4,confident,20260507_145347_unknown_allT_DP_MB_ME_g5_sm0p5_kg0_ks0_rcpp
sp2,22,4,4,8,22.9838958104161,2015-02-28,"","",tree,all,0.0381571271145179,0.372624469424891,0.406738340860665,0.00773303781512013,0.0620795782771553,-0.0203753924797626,1.4564596855136,1.07130403370132,25.9999,0.0638624477390889,-0.5,0,5,3.51132224183,0,given,,,,,,,,,,,39,,4,,FALSE,4,FALSE,4,,20260507_145347_unknown_allT_DP_MB_ME_g5_sm0p5_kg0_ks0_rcpp
sp2,22,4,4,9,31.158576434062,2020-03-14,"","",tree,all,0.0381571271145179,0.372624469424891,0.406738340860665,0.00773303781512013,0.0620795782771553,-0.0203753924797626,1.4564596855136,1.07130403370132,25.9999,0.0638624477390889,-0.5,0,5,3.51132224183,0,given,,,,,,,,,,,44,,4,,FALSE,4,FALSE,4,,20260507_145347_unknown_allT_DP_MB_ME_g5_sm0p5_kg0_ks0_rcpp
sp2,22,5,,1,11.2906913895323,1980-01-01,"","",tree,all,0.0381571271145179,0.372624469424891,0.406738340860665,0.00773303781512013,0.0620795782771553,-0.0203753924797626,1.4564596855136,1.07130403370132,25.9999,0.0638624477390889,-0.5,0,5,3.51132224183,0,dp,360,3,6,6,0.49733293471285,7,0.49733293471285,0.72268658418635,0.49733293471285,0.994665869425699,5,,6,,FALSE,6,FALSE,4,unlinked-likely,20260507_145347_unknown_allT_DP_MB_ME_g5_sm0p5_kg0_ks0_rcpp
sp2,22,5,,2,17.1272648022066,1984-11-23,"","",tree,all,0.0381571271145179,0.372624469424891,0.406738340860665,0.00773303781512013,0.0620795782771553,-0.0203753924797626,1.4564596855136,1.07130403370132,25.9999,0.0638624477390889,-0.5,0,5,3.51132224183,0,dp,360,3,6,6,0.497801990455018,7,0.497801990455017,0.718343876068209,0.497801990455018,0.995603980910035,10,,6,,FALSE,6,FALSE,4,unlinked-likely,20260507_145347_unknown_allT_DP_MB_ME_g5_sm0p5_kg0_ks0_rcpp
sp2,22,5,,3,24.7955986229519,1989-12-21,"","",tree,all,0.0381571271145179,0.372624469424891,0.406738340860665,0.00773303781512013,0.0620795782771553,-0.0203753924797626,1.4564596855136,1.07130403370132,25.9999,0.0638624477390889,-0.5,0,5,3.51132224183,0,dp,360,3,6,6,0.497951140954089,7,0.497951140954089,0.716922657975808,0.497951140954089,0.995902281908178,15,,6,,FALSE,6,FALSE,4,unlinked-likely,20260507_145347_unknown_allT_DP_MB_ME_g5_sm0p5_kg0_ks0_rcpp
sp2,22,5,,4,26.5702301495148,1995-02-08,"","",tree,all,0.0381571271145179,0.372624469424891,0.406738340860665,0.00773303781512013,0.0620795782771553,-0.0203753924797626,1.4564596855136,1.07130403370132,25.9999,0.0638624477390889,-0.5,0,5,3.51132224183,0,dp,360,3,6,6,0.497951140954089,7,0.497951140954089,0.716922657975808,0.497951140954089,0.995902281908178,20,,6,,FALSE,6,FALSE,4,unlinked-likely,20260507_145347_unknown_allT_DP_MB_ME_g5_sm0p5_kg0_ks0_rcpp
sp2,22,5,,5,,1999-11-20,"","",tree,all,0.0381571271145179,0.372624469424891,0.406738340860665,0.00773303781512013,0.0620795782771553,-0.0203753924797626,1.4564596855136,1.07130403370132,25.9999,0.0638624477390889,-0.5,0,5,3.51132224183,0,given_orphan,360,3,6,,,,,,,,25,,5,,FALSE,,FALSE,4,,20260507_145347_unknown_allT_DP_MB_ME_g5_sm0p5_kg0_ks0_rcpp
sp2,22,5,,6,,2004-12-17,"","",tree,all,0.0381571271145179,0.372624469424891,0.406738340860665,0.00773303781512013,0.0620795782771553,-0.0203753924797626,1.4564596855136,1.07130403370132,25.9999,0.0638624477390889,-0.5,0,5,3.51132224183,0,given_orphan,360,3,6,,,,,,,,30,,5,,FALSE,,FALSE,4,,20260507_145347_unknown_allT_DP_MB_ME_g5_sm0p5_kg0_ks0_rcpp
sp2,22,5,5,7,,2010-03-25,"","",tree,all,0.0381571271145179,0.372624469424891,0.406738340860665,0.00773303781512013,0.0620795782771553,-0.0203753924797626,1.4564596855136,1.07130403370132,25.9999,0.0638624477390889,-0.5,0,5,3.51132224183,0,given,360,3,6,,,,,,,,35,,5,,FALSE,5,FALSE,4,,20260507_145347_unknown_allT_DP_MB_ME_g5_sm0p5_kg0_ks0_rcpp
sp2,22,5,5,8,,2015-02-28,"","",tree,all,0.0381571271145179,0.372624469424891,0.406738340860665,0.00773303781512013,0.0620795782771553,-0.0203753924797626,1.4564596855136,1.07130403370132,25.9999,0.0638624477390889,-0.5,0,5,3.51132224183,0,given,,,,,,,,,,,40,,5,,FALSE,5,FALSE,4,,20260507_145347_unknown_allT_DP_MB_ME_g5_sm0p5_kg0_ks0_rcpp
sp2,22,5,5,9,,2020-03-14,"","",tree,all,0.0381571271145179,0.372624469424891,0.406738340860665,0.00773303781512013,0.0620795782771553,-0.0203753924797626,1.4564596855136,1.07130403370132,25.9999,0.0638624477390889,-0.5,0,5,3.51132224183,0,given,,,,,,,,,,,45,,5,,FALSE,5,FALSE,4,,20260507_145347_unknown_allT_DP_MB_ME_g5_sm0p5_kg0_ks0_rcpp
sp2,23,1,,1,,1980-01-01,"","",tree,all,0.0381571271145179,0.372624469424891,0.406738340860665,0.00773303781512013,0.0620795782771553,-0.0203753924797626,1.4564596855136,1.07130403370132,25.9999,0.0638624477390889,-0.5,0,5,3.51132224183,0,given_orphan,720,5,6,,,,,,,,1,,1,,FALSE,,FALSE,4,,20260507_145347_unknown_allT_DP_MB_ME_g5_sm0p5_kg0_ks0_rcpp
sp2,23,1,,2,0.571343094050982,1985-02-21,"","",tree,all,0.0381571271145179,0.372624469424891,0.406738340860665,0.00773303781512013,0.0620795782771553,-0.0203753924797626,1.4564596855136,1.07130403370132,25.9999,0.0638624477390889,-0.5,0,5,3.51132224183,0,dp,720,5,6,1,0.957189057917653,6,0.0428055519644373,0.176834346414868,0.957189057917653,0.0428055519644373,6,,1,,FALSE,1,FALSE,4,confident,20260507_145347_unknown_allT_DP_MB_ME_g5_sm0p5_kg0_ks0_rcpp
sp2,23,1,,3,2.34303535941866,1990-02-08,"","",tree,all,0.0381571271145179,0.372624469424891,0.406738340860665,0.00773303781512013,0.0620795782771553,-0.0203753924797626,1.4564596855136,1.07130403370132,25.9999,0.0638624477390889,-0.5,0,5,3.51132224183,0,dp,720,5,6,1,0.986465859996457,6,0.0135333883686022,0.0716819239027196,0.986465859996457,0.0135333883686022,11,,1,,FALSE,1,FALSE,4,confident,20260507_145347_unknown_allT_DP_MB_ME_g5_sm0p5_kg0_ks0_rcpp
sp2,23,1,,4,5.06778216378644,1995-01-24,"","",tree,all,0.0381571271145179,0.372624469424891,0.406738340860665,0.00773303781512013,0.0620795782771553,-0.0203753924797626,1.4564596855136,1.07130403370132,25.9999,0.0638624477390889,-0.5,0,5,3.51132224183,0,dp,720,5,6,1,0.994414983355458,6,0.00558483363595306,0.034544785761185,0.994414983355458,0.00558483363595306,16,,1,,FALSE,1,FALSE,4,confident,20260507_145347_unknown_allT_DP_MB_ME_g5_sm0p5_kg0_ks0_rcpp
sp2,23,1,,5,9.28384116680248,2000-02-12,"","",tree,all,0.0381571271145179,0.372624469424891,0.406738340860665,0.00773303781512013,0.0620795782771553,-0.0203753924797626,1.4564596855136,1.07130403370132,25.9999,0.0638624477390889,-0.5,0,5,3.51132224183,0,dp,720,5,6,1,0.997888451968654,6,0.0021115480313463,0.015117158138773,0.997888451968654,0.0021115480313463,21,,1,,FALSE,1,FALSE,4,confident,20260507_145347_unknown_allT_DP_MB_ME_g5_sm0p5_kg0_ks0_rcpp
sp2,23,1,,6,14.6525691965666,2005-01-24,"","",tree,all,0.0381571271145179,0.372624469424891,0.406738340860665,0.00773303781512013,0.0620795782771553,-0.0203753924797626,1.4564596855136,1.07130403370132,25.9999,0.0638624477390889,-0.5,0,5,3.51132224183,0,dp,720,5,6,1,0.999341943940949,6,0.000658056059051479,0.00547890323928682,0.999341943940949,0.000658056059051479,26,,1,,FALSE,1,FALSE,4,confident,20260507_145347_unknown_allT_DP_MB_ME_g5_sm0p5_kg0_ks0_rcpp
sp2,23,1,1,7,19.9748061937787,2010-01-16,"","",tree,all,0.0381571271145179,0.372624469424891,0.406738340860665,0.00773303781512013,0.0620795782771553,-0.0203753924797626,1.4564596855136,1.07130403370132,25.9999,0.0638624477390889,-0.5,0,5,3.51132224183,0,given,720,5,6,1,1,2,0,0,1,0,31,,1,,FALSE,1,FALSE,4,confident,20260507_145347_unknown_allT_DP_MB_ME_g5_sm0p5_kg0_ks0_rcpp
sp2,23,1,1,8,24.1560674497384,2015-01-24,"","",tree,all,0.0381571271145179,0.372624469424891,0.406738340860665,0.00773303781512013,0.0620795782771553,-0.0203753924797626,1.4564596855136,1.07130403370132,25.9999,0.0638624477390889,-0.5,0,5,3.51132224183,0,given,,,,,,,,,,,36,,1,,FALSE,1,FALSE,4,,20260507_145347_unknown_allT_DP_MB_ME_g5_sm0p5_kg0_ks0_rcpp
sp2,23,1,1,9,32.9164525208501,2020-01-09,"","",tree,all,0.0381571271145179,0.372624469424891,0.406738340860665,0.00773303781512013,0.0620795782771553,-0.0203753924797626,1.4564596855136,1.07130403370132,25.9999,0.0638624477390889,-0.5,0,5,3.51132224183,0,given,,,,,,,,,,,41,,1,,FALSE,1,FALSE,4,,20260507_145347_unknown_allT_DP_MB_ME_g5_sm0p5_kg0_ks0_rcpp
sp2,23,2,,1,8.10718110465929,1980-01-01,"","",tree,all,0.0381571271145179,0.372624469424891,0.406738340860665,0.00773303781512013,0.0620795782771553,-0.0203753924797626,1.4564596855136,1.07130403370132,25.9999,0.0638624477390889,-0.5,0,5,3.51132224183,0,dp,720,5,6,3,0.498939638677896,2,0.497780979168453,0.712905806355075,0.498939638677896,0.00327938215365184,2,,3,,FALSE,3,FALSE,4,ambiguous,20260507_145347_unknown_allT_DP_MB_ME_g5_sm0p5_kg0_ks0_rcpp
sp2,23,2,,2,14.230860661413,1985-02-21,"","",tree,all,0.0381571271145179,0.372624469424891,0.406738340860665,0.00773303781512013,0.0620795782771553,-0.0203753924797626,1.4564596855136,1.07130403370132,25.9999,0.0638624477390889,-0.5,0,5,3.51132224183,0,dp,720,5,6,3,0.500768949278727,2,0.498179502523059,0.700676924937535,0.500768949278727,0.00105154819821385,7,,3,,FALSE,3,FALSE,4,ambiguous,20260507_145347_unknown_allT_DP_MB_ME_g5_sm0p5_kg0_ks0_rcpp
sp2,23,2,,3,18.6910425833431,1990-02-08,"","",tree,all,0.0381571271145179,0.372624469424891,0.406738340860665,0.00773303781512013,0.0620795782771553,-0.0203753924797626,1.4564596855136,1.07130403370132,25.9999,0.0638624477390889,-0.5,0,5,3.51132224183,0,dp,720,5,6,3,0.513914988002158,2,0.48586003682157,0.694712192745702,0.513914988002158,0.000224975176272678,12,,3,,FALSE,3,FALSE,4,ambiguous,20260507_145347_unknown_allT_DP_MB_ME_g5_sm0p5_kg0_ks0_rcpp
sp2,23,2,,4,23.0603420099408,1995-01-24,"","",tree,all,0.0381571271145179,0.372624469424891,0.406738340860665,0.00773303781512013,0.0620795782771553,-0.0203753924797626,1.4564596855136,1.07130403370132,25.9999,0.0638624477390889,-0.5,0,5,3.51132224183,0,dp,720,5,6,2,0.654544495267764,3,0.345455375492311,0.644589978498271,0.654544495267764,1.29239924934475e-07,17,,2,,FALSE,2,FALSE,4,ambiguous,20260507_145347_unknown_allT_DP_MB_ME_g5_sm0p5_kg0_ks0_rcpp
sp2,23,2,,5,28.1128871410827,2000-02-12,"","",tree,all,0.0381571271145179,0.372624469424891,0.406738340860665,0.00773303781512013,0.0620795782771553,-0.0203753924797626,1.4564596855136,1.07130403370132,25.9999,0.0638624477390889,-0.5,0,5,3.51132224183,0,dp,720,5,6,2,0.709412778059948,3,0.290587221940052,0.602676634712236,0.709412778059948,0,22,,2,,FALSE,2,FALSE,4,ambiguous,20260507_145347_unknown_allT_DP_MB_ME_g5_sm0p5_kg0_ks0_rcpp
sp2,23,2,,6,37.4659784747253,2005-01-24,"","",tree,all,0.0381571271145179,0.372624469424891,0.406738340860665,0.00773303781512013,0.0620795782771553,-0.0203753924797626,1.4564596855136,1.07130403370132,25.9999,0.0638624477390889,-0.5,0,5,3.51132224183,0,dp,720,5,6,2,0.744997533671611,3,0.255002466328389,0.56776447645961,0.744997533671611,0,27,,2,,FALSE,2,FALSE,4,ambiguous,20260507_145347_unknown_allT_DP_MB_ME_g5_sm0p5_kg0_ks0_rcpp
sp2,23,2,2,7,44.8392868964269,2010-01-16,"","",tree,all,0.0381571271145179,0.372624469424891,0.406738340860665,0.00773303781512013,0.0620795782771553,-0.0203753924797626,1.4564596855136,1.07130403370132,25.9999,0.0638624477390889,-0.5,0,5,3.51132224183,0,given,720,5,6,2,1,1,0,0,1,0,32,,2,,FALSE,2,FALSE,4,confident,20260507_145347_unknown_allT_DP_MB_ME_g5_sm0p5_kg0_ks0_rcpp
sp2,23,2,2,8,57.2485329269686,2015-01-24,"","",tree,all,0.0381571271145179,0.372624469424891,0.406738340860665,0.00773303781512013,0.0620795782771553,-0.0203753924797626,1.4564596855136,1.07130403370132,25.9999,0.0638624477390889,-0.5,0,5,3.51132224183,0,given,,,,,,,,,,,37,,2,,FALSE,2,FALSE,4,,20260507_145347_unknown_allT_DP_MB_ME_g5_sm0p5_kg0_ks0_rcpp
sp2,23,2,2,9,68.6697519085263,2020-01-09,"","",tree,all,0.0381571271145179,0.372624469424891,0.406738340860665,0.00773303781512013,0.0620795782771553,-0.0203753924797626,1.4564596855136,1.07130403370132,25.9999,0.0638624477390889,-0.5,0,5,3.51132224183,0,given,,,,,,,,,,,42,,2,,FALSE,2,FALSE,4,,20260507_145347_unknown_allT_DP_MB_ME_g5_sm0p5_kg0_ks0_rcpp
sp2,23,3,,1,6.53738970816519,1980-01-01,"","",tree,all,0.0381571271145179,0.372624469424891,0.406738340860665,0.00773303781512013,0.0620795782771553,-0.0203753924797626,1.4564596855136,1.07130403370132,25.9999,0.0638624477390889,-0.5,0,5,3.51132224183,0,dp,720,5,6,2,0.498176185938692,3,0.497165636294447,0.719575542743664,0.498176185938692,0.00465817776686039,3,,2,,FALSE,2,FALSE,4,ambiguous,20260507_145347_unknown_allT_DP_MB_ME_g5_sm0p5_kg0_ks0_rcpp
sp2,23,3,,2,11.4563863385914,1985-02-21,"","",tree,all,0.0381571271145179,0.372624469424891,0.406738340860665,0.00773303781512013,0.0620795782771553,-0.0203753924797626,1.4564596855136,1.07130403370132,25.9999,0.0638624477390889,-0.5,0,5,3.51132224183,0,dp,720,5,6,2,0.500498677544594,3,0.498058475978011,0.703023756118949,0.500498677544594,0.00144284647739478,8,,2,,FALSE,2,FALSE,4,ambiguous,20260507_145347_unknown_allT_DP_MB_ME_g5_sm0p5_kg0_ks0_rcpp
sp2,23,3,,3,18.3175113076061,1990-02-08,"","",tree,all,0.0381571271145179,0.372624469424891,0.406738340860665,0.00773303781512013,0.0620795782771553,-0.0203753924797626,1.4564596855136,1.07130403370132,25.9999,0.0638624477390889,-0.5,0,5,3.51132224183,0,dp,720,5,6,2,0.513824945283397,3,0.485918731409642,0.694955828046147,0.513824945283397,0.000256323306961252,13,,2,,FALSE,2,FALSE,4,ambiguous,20260507_145347_unknown_allT_DP_MB_ME_g5_sm0p5_kg0_ks0_rcpp
sp2,23,3,,4,26.4971425704344,1995-01-24,"","",tree,all,0.0381571271145179,0.372624469424891,0.406738340860665,0.00773303781512013,0.0620795782771553,-0.0203753924797626,1.4564596855136,1.07130403370132,25.9999,0.0638624477390889,-0.5,0,5,3.51132224183,0,dp,720,5,6,3,0.654544571327731,2,0.345455374903605,0.644588784696116,0.654544571327731,5.37686640421861e-08,18,,3,,FALSE,3,FALSE,4,ambiguous,20260507_145347_unknown_allT_DP_MB_ME_g5_sm0p5_kg0_ks0_rcpp
sp2,23,3,,5,33.1782527487368,2000-02-12,"","",tree,all,0.0381571271145179,0.372624469424891,0.406738340860665,0.00773303781512013,0.0620795782771553,-0.0203753924797626,1.4564596855136,1.07130403370132,25.9999,0.0638624477390889,-0.5,0,5,3.51132224183,0,dp,720,5,6,3,0.709412778059948,2,0.290587221940052,0.602676634712236,0.709412778059948,0,23,,3,,FALSE,3,FALSE,4,ambiguous,20260507_145347_unknown_allT_DP_MB_ME_g5_sm0p5_kg0_ks0_rcpp
sp2,23,3,,6,42.9050317962622,2005-01-24,"","",tree,all,0.0381571271145179,0.372624469424891,0.406738340860665,0.00773303781512013,0.0620795782771553,-0.0203753924797626,1.4564596855136,1.07130403370132,25.9999,0.0638624477390889,-0.5,0,5,3.51132224183,0,dp,720,5,6,3,0.744997533671611,2,0.255002466328389,0.56776447645961,0.744997533671611,0,28,,3,,FALSE,3,FALSE,4,ambiguous,20260507_145347_unknown_allT_DP_MB_ME_g5_sm0p5_kg0_ks0_rcpp
sp2,23,3,3,7,47.4730645153107,2010-01-16,"","",tree,all,0.0381571271145179,0.372624469424891,0.406738340860665,0.00773303781512013,0.0620795782771553,-0.0203753924797626,1.4564596855136,1.07130403370132,25.9999,0.0638624477390889,-0.5,0,5,3.51132224183,0,given,720,5,6,3,1,1,0,0,1,0,33,,3,,FALSE,3,FALSE,4,confident,20260507_145347_unknown_allT_DP_MB_ME_g5_sm0p5_kg0_ks0_rcpp
sp2,23,3,3,8,48.7124780800167,2015-01-24,"","",tree,all,0.0381571271145179,0.372624469424891,0.406738340860665,0.00773303781512013,0.0620795782771553,-0.0203753924797626,1.4564596855136,1.07130403370132,25.9999,0.0638624477390889,-0.5,0,5,3.51132224183,0,given,,,,,,,,,,,38,,3,,FALSE,3,FALSE,4,,20260507_145347_unknown_allT_DP_MB_ME_g5_sm0p5_kg0_ks0_rcpp
sp2,23,3,3,9,57.0975762690183,2020-01-09,"","",tree,all,0.0381571271145179,0.372624469424891,0.406738340860665,0.00773303781512013,0.0620795782771553,-0.0203753924797626,1.4564596855136,1.07130403370132,25.9999,0.0638624477390889,-0.5,0,5,3.51132224183,0,given,,,,,,,,,,,43,,3,,FALSE,3,FALSE,4,,20260507_145347_unknown_allT_DP_MB_ME_g5_sm0p5_kg0_ks0_rcpp
sp2,23,4,,1,47.4778752222328,1980-01-01,"","",tree,all,0.0381571271145179,0.372624469424891,0.406738340860665,0.00773303781512013,0.0620795782771553,-0.0203753924797626,1.4564596855136,1.07130403370132,25.9999,0.0638624477390889,-0.5,0,5,3.51132224183,0,dp,720,5,6,4,1,1,0,0,1,0,4,,4,,FALSE,4,FALSE,4,confident,20260507_145347_unknown_allT_DP_MB_ME_g5_sm0p5_kg0_ks0_rcpp
sp2,23,4,,2,53.6708802012377,1985-02-21,"","",tree,all,0.0381571271145179,0.372624469424891,0.406738340860665,0.00773303781512013,0.0620795782771553,-0.0203753924797626,1.4564596855136,1.07130403370132,25.9999,0.0638624477390889,-0.5,0,5,3.51132224183,0,dp,720,5,6,4,1,1,0,0,1,0,9,,4,,FALSE,4,FALSE,4,confident,20260507_145347_unknown_allT_DP_MB_ME_g5_sm0p5_kg0_ks0_rcpp
sp2,23,4,,3,67.0762454035728,1990-02-08,"","",tree,all,0.0381571271145179,0.372624469424891,0.406738340860665,0.00773303781512013,0.0620795782771553,-0.0203753924797626,1.4564596855136,1.07130403370132,25.9999,0.0638624477390889,-0.5,0,5,3.51132224183,0,dp,720,5,6,4,1,1,0,0,1,0,14,,4,,FALSE,4,FALSE,4,confident,20260507_145347_unknown_allT_DP_MB_ME_g5_sm0p5_kg0_ks0_rcpp
sp2,23,4,,4,68.7614143540227,1995-01-24,"","",tree,all,0.0381571271145179,0.372624469424891,0.406738340860665,0.00773303781512013,0.0620795782771553,-0.0203753924797626,1.4564596855136,1.07130403370132,25.9999,0.0638624477390889,-0.5,0,5,3.51132224183,0,dp,720,5,6,4,1,1,0,0,1,0,19,,4,,FALSE,4,FALSE,4,confident,20260507_145347_unknown_allT_DP_MB_ME_g5_sm0p5_kg0_ks0_rcpp
sp2,23,4,,5,89.6310284284774,2000-02-12,"","",tree,all,0.0381571271145179,0.372624469424891,0.406738340860665,0.00773303781512013,0.0620795782771553,-0.0203753924797626,1.4564596855136,1.07130403370132,25.9999,0.0638624477390889,-0.5,0,5,3.51132224183,0,dp,720,5,6,4,1,1,0,0,1,0,24,,4,,FALSE,4,FALSE,4,confident,20260507_145347_unknown_allT_DP_MB_ME_g5_sm0p5_kg0_ks0_rcpp
sp2,23,4,,6,89.6310284284774,2005-01-24,"","",tree,all,0.0381571271145179,0.372624469424891,0.406738340860665,0.00773303781512013,0.0620795782771553,-0.0203753924797626,1.4564596855136,1.07130403370132,25.9999,0.0638624477390889,-0.5,0,5,3.51132224183,0,dp,720,5,6,4,1,1,0,0,1,0,29,,4,,FALSE,4,FALSE,4,confident,20260507_145347_unknown_allT_DP_MB_ME_g5_sm0p5_kg0_ks0_rcpp
sp2,23,4,4,7,107.973671940486,2010-01-16,"","",tree,all,0.0381571271145179,0.372624469424891,0.406738340860665,0.00773303781512013,0.0620795782771553,-0.0203753924797626,1.4564596855136,1.07130403370132,25.9999,0.0638624477390889,-0.5,0,5,3.51132224183,0,given,720,5,6,4,1,1,0,0,1,0,34,,4,,FALSE,4,FALSE,4,confident,20260507_145347_unknown_allT_DP_MB_ME_g5_sm0p5_kg0_ks0_rcpp
sp2,23,4,4,8,118.766031120261,2015-01-24,"","",tree,all,0.0381571271145179,0.372624469424891,0.406738340860665,0.00773303781512013,0.0620795782771553,-0.0203753924797626,1.4564596855136,1.07130403370132,25.9999,0.0638624477390889,-0.5,0,5,3.51132224183,0,given,,,,,,,,,,,39,,4,,FALSE,4,FALSE,4,,20260507_145347_unknown_allT_DP_MB_ME_g5_sm0p5_kg0_ks0_rcpp
sp2,23,4,4,9,125.934027586204,2020-01-09,"","",tree,all,0.0381571271145179,0.372624469424891,0.406738340860665,0.00773303781512013,0.0620795782771553,-0.0203753924797626,1.4564596855136,1.07130403370132,25.9999,0.0638624477390889,-0.5,0,5,3.51132224183,0,given,,,,,,,,,,,44,,4,,FALSE,4,FALSE,4,,20260507_145347_unknown_allT_DP_MB_ME_g5_sm0p5_kg0_ks0_rcpp
sp2,23,5,,1,,1980-01-01,"","",tree,all,0.0381571271145179,0.372624469424891,0.406738340860665,0.00773303781512013,0.0620795782771553,-0.0203753924797626,1.4564596855136,1.07130403370132,25.9999,0.0638624477390889,-0.5,0,5,3.51132224183,0,given_orphan,720,5,6,,,,,,,,5,,5,,FALSE,,FALSE,4,,20260507_145347_unknown_allT_DP_MB_ME_g5_sm0p5_kg0_ks0_rcpp
sp2,23,5,,2,,1985-02-21,"","",tree,all,0.0381571271145179,0.372624469424891,0.406738340860665,0.00773303781512013,0.0620795782771553,-0.0203753924797626,1.4564596855136,1.07130403370132,25.9999,0.0638624477390889,-0.5,0,5,3.51132224183,0,given_orphan,720,5,6,,,,,,,,10,,5,,FALSE,,FALSE,4,,20260507_145347_unknown_allT_DP_MB_ME_g5_sm0p5_kg0_ks0_rcpp
sp2,23,5,,3,,1990-02-08,"","",tree,all,0.0381571271145179,0.372624469424891,0.406738340860665,0.00773303781512013,0.0620795782771553,-0.0203753924797626,1.4564596855136,1.07130403370132,25.9999,0.0638624477390889,-0.5,0,5,3.51132224183,0,given_orphan,720,5,6,,,,,,,,15,,5,,FALSE,,FALSE,4,,20260507_145347_unknown_allT_DP_MB_ME_g5_sm0p5_kg0_ks0_rcpp
sp2,23,5,,4,,1995-01-24,"","",tree,all,0.0381571271145179,0.372624469424891,0.406738340860665,0.00773303781512013,0.0620795782771553,-0.0203753924797626,1.4564596855136,1.07130403370132,25.9999,0.0638624477390889,-0.5,0,5,3.51132224183,0,given_orphan,720,5,6,,,,,,,,20,,5,,FALSE,,FALSE,4,,20260507_145347_unknown_allT_DP_MB_ME_g5_sm0p5_kg0_ks0_rcpp
sp2,23,5,,5,0.978559608481586,2000-02-12,"","",tree,all,0.0381571271145179,0.372624469424891,0.406738340860665,0.00773303781512013,0.0620795782771553,-0.0203753924797626,1.4564596855136,1.07130403370132,25.9999,0.0638624477390889,-0.5,0,5,3.51132224183,0,dp,720,5,6,5,0.973648345194567,6,0.0263150348793009,0.12209939010913,0.973648345194567,0.0263150348793009,25,,5,,FALSE,5,FALSE,4,confident,20260507_145347_unknown_allT_DP_MB_ME_g5_sm0p5_kg0_ks0_rcpp
sp2,23,5,,6,3.70619292566471,2005-01-24,"","",tree,all,0.0381571271145179,0.372624469424891,0.406738340860665,0.00773303781512013,0.0620795782771553,-0.0203753924797626,1.4564596855136,1.07130403370132,25.9999,0.0638624477390889,-0.5,0,5,3.51132224183,0,dp,720,5,6,5,0.994437326592623,6,0.00555533383467685,0.034482773699948,0.994437326592623,0.00555533383467685,30,,5,,FALSE,5,FALSE,4,confident,20260507_145347_unknown_allT_DP_MB_ME_g5_sm0p5_kg0_ks0_rcpp
sp2,23,5,5,7,8.34744614377196,2010-01-16,"","",tree,all,0.0381571271145179,0.372624469424891,0.406738340860665,0.00773303781512013,0.0620795782771553,-0.0203753924797626,1.4564596855136,1.07130403370132,25.9999,0.0638624477390889,-0.5,0,5,3.51132224183,0,given,720,5,6,5,1,1,0,0,1,0,35,,5,,FALSE,5,FALSE,4,confident,20260507_145347_unknown_allT_DP_MB_ME_g5_sm0p5_kg0_ks0_rcpp
sp2,23,5,5,8,15.755888941698,2015-01-24,"","",tree,all,0.0381571271145179,0.372624469424891,0.406738340860665,0.00773303781512013,0.0620795782771553,-0.0203753924797626,1.4564596855136,1.07130403370132,25.9999,0.0638624477390889,-0.5,0,5,3.51132224183,0,given,,,,,,,,,,,40,,5,,FALSE,5,FALSE,4,,20260507_145347_unknown_allT_DP_MB_ME_g5_sm0p5_kg0_ks0_rcpp
sp2,23,5,5,9,23.1307052632015,2020-01-09,"","",tree,all,0.0381571271145179,0.372624469424891,0.406738340860665,0.00773303781512013,0.0620795782771553,-0.0203753924797626,1.4564596855136,1.07130403370132,25.9999,0.0638624477390889,-0.5,0,5,3.51132224183,0,given,,,,,,,,,,,45,,5,,FALSE,5,FALSE,4,,20260507_145347_unknown_allT_DP_MB_ME_g5_sm0p5_kg0_ks0_rcpp
sp2,24,1,,1,37.7138921900321,1980-01-01,"","",tree,all,0.0381571271145179,0.372624469424891,0.406738340860665,0.00773303781512013,0.0620795782771553,-0.0203753924797626,1.4564596855136,1.07130403370132,25.9999,0.0638624477390889,-0.5,0,5,3.51132224183,0,dp,720,3,6,1,0.371592019125386,3,0.306228927996187,1.25206952438762,0.371592019125386,0,1,,1,,FALSE,1,FALSE,4,ambiguous,20260507_145347_unknown_allT_DP_MB_ME_g5_sm0p5_kg0_ks0_rcpp
sp2,24,1,,2,44.1409620722946,1985-01-10,"","",tree,all,0.0381571271145179,0.372624469424891,0.406738340860665,0.00773303781512013,0.0620795782771553,-0.0203753924797626,1.4564596855136,1.07130403370132,25.9999,0.0638624477390889,-0.5,0,5,3.51132224183,0,dp,720,3,6,1,0.568859412725699,3,0.256651655424447,1.08820621307508,0.568859412725699,0,6,,1,,FALSE,1,FALSE,4,ambiguous,20260507_145347_unknown_allT_DP_MB_ME_g5_sm0p5_kg0_ks0_rcpp
sp2,24,1,,3,50.9594011691486,1989-12-05,"","",tree,all,0.0381571271145179,0.372624469424891,0.406738340860665,0.00773303781512013,0.0620795782771553,-0.0203753924797626,1.4564596855136,1.07130403370132,25.9999,0.0638624477390889,-0.5,0,5,3.51132224183,0,dp,720,3,6,1,0.630559533370634,3,0.2411171567258,0.897237287545534,0.630559533370634,0,11,,1,,FALSE,1,FALSE,4,ambiguous,20260507_145347_unknown_allT_DP_MB_ME_g5_sm0p5_kg0_ks0_rcpp
sp2,24,1,,4,54.2433268024603,1994-11-05,"","",tree,all,0.0381571271145179,0.372624469424891,0.406738340860665,0.00773303781512013,0.0620795782771553,-0.0203753924797626,1.4564596855136,1.07130403370132,25.9999,0.0638624477390889,-0.5,0,5,3.51132224183,0,dp,720,3,6,1,0.630559533370634,3,0.2411171567258,0.897237287545533,0.630559533370634,0,16,,1,,FALSE,1,FALSE,4,ambiguous,20260507_145347_unknown_allT_DP_MB_ME_g5_sm0p5_kg0_ks0_rcpp
sp2,24,1,,5,56.1890404522615,1999-09-18,"","",tree,all,0.0381571271145179,0.372624469424891,0.406738340860665,0.00773303781512013,0.0620795782771553,-0.0203753924797626,1.4564596855136,1.07130403370132,25.9999,0.0638624477390889,-0.5,0,5,3.51132224183,0,dp,720,3,6,1,0.630559533370635,3,0.241117156725799,0.897237287545532,0.630559533370635,0,21,,1,,FALSE,1,FALSE,4,ambiguous,20260507_145347_unknown_allT_DP_MB_ME_g5_sm0p5_kg0_ks0_rcpp
sp2,24,1,,6,73.4965739853269,2004-08-28,"","",tree,all,0.0381571271145179,0.372624469424891,0.406738340860665,0.00773303781512013,0.0620795782771553,-0.0203753924797626,1.4564596855136,1.07130403370132,25.9999,0.0638624477390889,-0.5,0,5,3.51132224183,0,dp,720,3,6,1,0.684962115506548,3,0.263112526376387,0.764077389924221,0.684962115506548,0,26,,1,,FALSE,1,FALSE,4,ambiguous,20260507_145347_unknown_allT_DP_MB_ME_g5_sm0p5_kg0_ks0_rcpp
sp2,24,1,1,7,82.9519939084527,2009-09-14,"","",tree,all,0.0381571271145179,0.372624469424891,0.406738340860665,0.00773303781512013,0.0620795782771553,-0.0203753924797626,1.4564596855136,1.07130403370132,25.9999,0.0638624477390889,-0.5,0,5,3.51132224183,0,given,720,3,6,1,1,2,0,0,1,0,31,,1,,FALSE,1,FALSE,4,confident,20260507_145347_unknown_allT_DP_MB_ME_g5_sm0p5_kg0_ks0_rcpp
sp2,24,1,1,8,101.842094064712,2014-08-19,"","",tree,all,0.0381571271145179,0.372624469424891,0.406738340860665,0.00773303781512013,0.0620795782771553,-0.0203753924797626,1.4564596855136,1.07130403370132,25.9999,0.0638624477390889,-0.5,0,5,3.51132224183,0,given,,,,,,,,,,,36,,1,,FALSE,1,FALSE,4,,20260507_145347_unknown_allT_DP_MB_ME_g5_sm0p5_kg0_ks0_rcpp
sp2,24,1,1,9,124.346198914658,2019-10-25,"","",tree,all,0.0381571271145179,0.372624469424891,0.406738340860665,0.00773303781512013,0.0620795782771553,-0.0203753924797626,1.4564596855136,1.07130403370132,25.9999,0.0638624477390889,-0.5,0,5,3.51132224183,0,given,,,,,,,,,,,41,,1,,FALSE,1,FALSE,4,,20260507_145347_unknown_allT_DP_MB_ME_g5_sm0p5_kg0_ks0_rcpp
sp2,24,2,,1,,1980-01-01,"","",tree,all,0.0381571271145179,0.372624469424891,0.406738340860665,0.00773303781512013,0.0620795782771553,-0.0203753924797626,1.4564596855136,1.07130403370132,25.9999,0.0638624477390889,-0.5,0,5,3.51132224183,0,given_orphan,720,3,6,,,,,,,,2,,2,,FALSE,,FALSE,4,,20260507_145347_unknown_allT_DP_MB_ME_g5_sm0p5_kg0_ks0_rcpp
sp2,24,2,,2,,1985-01-10,"","",tree,all,0.0381571271145179,0.372624469424891,0.406738340860665,0.00773303781512013,0.0620795782771553,-0.0203753924797626,1.4564596855136,1.07130403370132,25.9999,0.0638624477390889,-0.5,0,5,3.51132224183,0,given_orphan,720,3,6,,,,,,,,7,,2,,FALSE,,FALSE,4,,20260507_145347_unknown_allT_DP_MB_ME_g5_sm0p5_kg0_ks0_rcpp
sp2,24,2,,3,0.685749111295654,1989-12-05,"","",tree,all,0.0381571271145179,0.372624469424891,0.406738340860665,0.00773303781512013,0.0620795782771553,-0.0203753924797626,1.4564596855136,1.07130403370132,25.9999,0.0638624477390889,-0.5,0,5,3.51132224183,0,dp,720,3,6,2,0.95914098546721,6,0.0408590145327905,0.170664599223473,0.95914098546721,0.0408590145327905,12,,2,,FALSE,2,FALSE,4,confident,20260507_145347_unknown_allT_DP_MB_ME_g5_sm0p5_kg0_ks0_rcpp
sp2,24,2,,4,2.77312249513855,1994-11-05,"","",tree,all,0.0381571271145179,0.372624469424891,0.406738340860665,0.00773303781512013,0.0620795782771553,-0.0203753924797626,1.4564596855136,1.07130403370132,25.9999,0.0638624477390889,-0.5,0,5,3.51132224183,0,dp,720,3,6,2,0.986251089903015,6,0.0137489100969852,0.0725927266738698,0.986251089903015,0.0137489100969852,17,,2,,FALSE,2,FALSE,4,confident,20260507_145347_unknown_allT_DP_MB_ME_g5_sm0p5_kg0_ks0_rcpp
sp2,24,2,,5,7.84879019920494,1999-09-18,"","",tree,all,0.0381571271145179,0.372624469424891,0.406738340860665,0.00773303781512013,0.0620795782771553,-0.0203753924797626,1.4564596855136,1.07130403370132,25.9999,0.0638624477390889,-0.5,0,5,3.51132224183,0,dp,720,3,6,2,0.997157121270703,6,0.00284287872929743,0.0195064559393066,0.997157121270703,0.00284287872929743,22,,2,,FALSE,2,FALSE,4,confident,20260507_145347_unknown_allT_DP_MB_ME_g5_sm0p5_kg0_ks0_rcpp
sp2,24,2,,6,12.4756119332037,2004-08-28,"","",tree,all,0.0381571271145179,0.372624469424891,0.406738340860665,0.00773303781512013,0.0620795782771553,-0.0203753924797626,1.4564596855136,1.07130403370132,25.9999,0.0638624477390889,-0.5,0,5,3.51132224183,0,dp,720,3,6,2,0.99908011822237,6,0.000919881777630227,0.00735059619948754,0.99908011822237,0.000919881777630227,27,,2,,FALSE,2,FALSE,4,confident,20260507_145347_unknown_allT_DP_MB_ME_g5_sm0p5_kg0_ks0_rcpp
sp2,24,2,2,7,17.8046421844176,2009-09-14,"","",tree,all,0.0381571271145179,0.372624469424891,0.406738340860665,0.00773303781512013,0.0620795782771553,-0.0203753924797626,1.4564596855136,1.07130403370132,25.9999,0.0638624477390889,-0.5,0,5,3.51132224183,0,given,720,3,6,2,1,1,0,0,1,0,32,,2,,FALSE,2,FALSE,4,confident,20260507_145347_unknown_allT_DP_MB_ME_g5_sm0p5_kg0_ks0_rcpp
sp2,24,2,2,8,23.6863874581518,2014-08-19,"","",tree,all,0.0381571271145179,0.372624469424891,0.406738340860665,0.00773303781512013,0.0620795782771553,-0.0203753924797626,1.4564596855136,1.07130403370132,25.9999,0.0638624477390889,-0.5,0,5,3.51132224183,0,given,,,,,,,,,,,37,,2,,FALSE,2,FALSE,4,,20260507_145347_unknown_allT_DP_MB_ME_g5_sm0p5_kg0_ks0_rcpp
sp2,24,2,2,9,30.0487201324413,2019-10-25,"","",tree,all,0.0381571271145179,0.372624469424891,0.406738340860665,0.00773303781512013,0.0620795782771553,-0.0203753924797626,1.4564596855136,1.07130403370132,25.9999,0.0638624477390889,-0.5,0,5,3.51132224183,0,given,,,,,,,,,,,42,,2,,FALSE,2,FALSE,4,,20260507_145347_unknown_allT_DP_MB_ME_g5_sm0p5_kg0_ks0_rcpp
sp2,24,3,,1,38.5697242813686,1980-01-01,"","",tree,all,0.0381571271145179,0.372624469424891,0.406738340860665,0.00773303781512013,0.0620795782771553,-0.0203753924797626,1.4564596855136,1.07130403370132,25.9999,0.0638624477390889,-0.5,0,5,3.51132224183,0,dp,720,3,6,4,0.324431422656263,3,0.322095199955366,1.23256639898814,0.322095199955366,0,3,,3,,FALSE,3,FALSE,4,ambiguous,20260507_145347_unknown_allT_DP_MB_ME_g5_sm0p5_kg0_ks0_rcpp
sp2,24,3,,2,52.2579181519043,1985-01-10,"","",tree,all,0.0381571271145179,0.372624469424891,0.406738340860665,0.00773303781512013,0.0620795782771553,-0.0203753924797626,1.4564596855136,1.07130403370132,25.9999,0.0638624477390889,-0.5,0,5,3.51132224183,0,dp,720,3,6,4,0.492385948292069,3,0.363827214763397,1.0060951055284,0.492385948292069,0,8,,4,,FALSE,4,FALSE,4,ambiguous,20260507_145347_unknown_allT_DP_MB_ME_g5_sm0p5_kg0_ks0_rcpp
sp2,24,3,,3,59.5597510234846,1989-12-05,"","",tree,all,0.0381571271145179,0.372624469424891,0.406738340860665,0.00773303781512013,0.0620795782771553,-0.0203753924797626,1.4564596855136,1.07130403370132,25.9999,0.0638624477390889,-0.5,0,5,3.51132224183,0,dp,720,3,6,4,0.500695694683216,3,0.365381408944857,0.983481355139407,0.500695694683216,0,13,,4,,FALSE,4,FALSE,4,ambiguous,20260507_145347_unknown_allT_DP_MB_ME_g5_sm0p5_kg0_ks0_rcpp
sp2,24,3,,4,69.0359486293,1994-11-05,"","",tree,all,0.0381571271145179,0.372624469424891,0.406738340860665,0.00773303781512013,0.0620795782771553,-0.0203753924797626,1.4564596855136,1.07130403370132,25.9999,0.0638624477390889,-0.5,0,5,3.51132224183,0,dp,720,3,6,4,0.481683644826198,3,0.37929406599531,0.993866309617069,0.37929406599531,0,18,,3,,FALSE,3,FALSE,4,ambiguous,20260507_145347_unknown_allT_DP_MB_ME_g5_sm0p5_kg0_ks0_rcpp
sp2,24,3,,5,77.2234008942517,1999-09-18,"","",tree,all,0.0381571271145179,0.372624469424891,0.406738340860665,0.00773303781512013,0.0620795782771553,-0.0203753924797626,1.4564596855136,1.07130403370132,25.9999,0.0638624477390889,-0.5,0,5,3.51132224183,0,dp,720,3,6,4,0.803784328714123,3,0.143586902151802,0.609206623372907,0.803784328714123,0,23,,4,,FALSE,4,FALSE,4,ambiguous,20260507_145347_unknown_allT_DP_MB_ME_g5_sm0p5_kg0_ks0_rcpp
sp2,24,3,,6,81.669314798361,2004-08-28,"","",tree,all,0.0381571271145179,0.372624469424891,0.406738340860665,0.00773303781512013,0.0620795782771553,-0.0203753924797626,1.4564596855136,1.07130403370132,25.9999,0.0638624477390889,-0.5,0,5,3.51132224183,0,dp,720,3,6,3,0.731781010205872,1,0.268218989794128,0.581479349307341,0.731781010205872,0,28,,3,,FALSE,3,FALSE,4,ambiguous,20260507_145347_unknown_allT_DP_MB_ME_g5_sm0p5_kg0_ks0_rcpp
sp2,24,3,3,7,86.163741784051,2009-09-14,"","",tree,all,0.0381571271145179,0.372624469424891,0.406738340860665,0.00773303781512013,0.0620795782771553,-0.0203753924797626,1.4564596855136,1.07130403370132,25.9999,0.0638624477390889,-0.5,0,5,3.51132224183,0,given,720,3,6,3,1,1,0,0,1,0,33,,3,,FALSE,3,FALSE,4,confident,20260507_145347_unknown_allT_DP_MB_ME_g5_sm0p5_kg0_ks0_rcpp
sp2,24,3,3,8,,2014-08-19,"","",tree,all,0.0381571271145179,0.372624469424891,0.406738340860665,0.00773303781512013,0.0620795782771553,-0.0203753924797626,1.4564596855136,1.07130403370132,25.9999,0.0638624477390889,-0.5,0,5,3.51132224183,0,given,,,,,,,,,,,38,,3,,FALSE,3,FALSE,4,,20260507_145347_unknown_allT_DP_MB_ME_g5_sm0p5_kg0_ks0_rcpp
sp2,24,3,3,9,,2019-10-25,"","",tree,all,0.0381571271145179,0.372624469424891,0.406738340860665,0.00773303781512013,0.0620795782771553,-0.0203753924797626,1.4564596855136,1.07130403370132,25.9999,0.0638624477390889,-0.5,0,5,3.51132224183,0,given,,,,,,,,,,,43,,3,,FALSE,3,FALSE,4,,20260507_145347_unknown_allT_DP_MB_ME_g5_sm0p5_kg0_ks0_rcpp
sp2,24,4,,1,40.2545870889669,1980-01-01,"","",tree,all,0.0381571271145179,0.372624469424891,0.406738340860665,0.00773303781512013,0.0620795782771553,-0.0203753924797626,1.4564596855136,1.07130403370132,25.9999,0.0638624477390889,-0.5,0,5,3.51132224183,0,dp,720,3,6,4,0.414772255936956,3,0.344574038980119,1.14825276154586,0.414772255936956,0,4,,4,,FALSE,4,FALSE,4,ambiguous,20260507_145347_unknown_allT_DP_MB_ME_g5_sm0p5_kg0_ks0_rcpp
sp2,24,4,,2,48.1470155436008,1985-01-10,"","",tree,all,0.0381571271145179,0.372624469424891,0.406738340860665,0.00773303781512013,0.0620795782771553,-0.0203753924797626,1.4564596855136,1.07130403370132,25.9999,0.0638624477390889,-0.5,0,5,3.51132224183,0,dp,720,3,6,4,0.445497698689149,3,0.352419296743828,1.10166757189055,0.352419296743828,0,9,,3,,FALSE,3,FALSE,4,ambiguous,20260507_145347_unknown_allT_DP_MB_ME_g5_sm0p5_kg0_ks0_rcpp
sp2,24,4,,3,57.8815492815016,1989-12-05,"","",tree,all,0.0381571271145179,0.372624469424891,0.406738340860665,0.00773303781512013,0.0620795782771553,-0.0203753924797626,1.4564596855136,1.07130403370132,25.9999,0.0638624477390889,-0.5,0,5,3.51132224183,0,dp,720,3,6,4,0.499304305316784,3,0.366399601261014,0.984290419322832,0.366399601261014,0,14,,3,,FALSE,3,FALSE,4,ambiguous,20260507_145347_unknown_allT_DP_MB_ME_g5_sm0p5_kg0_ks0_rcpp
sp2,24,4,,4,69.8474498408728,1994-11-05,"","",tree,all,0.0381571271145179,0.372624469424891,0.406738340860665,0.00773303781512013,0.0620795782771553,-0.0203753924797626,1.4564596855136,1.07130403370132,25.9999,0.0638624477390889,-0.5,0,5,3.51132224183,0,dp,720,3,6,4,0.518316355173802,3,0.352486944210561,0.97256514504078,0.518316355173802,0,19,,4,,FALSE,4,FALSE,4,ambiguous,20260507_145347_unknown_allT_DP_MB_ME_g5_sm0p5_kg0_ks0_rcpp
sp2,24,4,,5,73.8546299031952,1999-09-18,"","",tree,all,0.0381571271145179,0.372624469424891,0.406738340860665,0.00773303781512013,0.0620795782771553,-0.0203753924797626,1.4564596855136,1.07130403370132,25.9999,0.0638624477390889,-0.5,0,5,3.51132224183,0,dp,720,3,6,3,0.58819410805407,1,0.215590220660053,0.962495250953818,0.58819410805407,0,24,,3,,FALSE,3,FALSE,4,ambiguous,20260507_145347_unknown_allT_DP_MB_ME_g5_sm0p5_kg0_ks0_rcpp
sp2,24,4,,6,91.9298103750308,2004-08-28,"","",tree,all,0.0381571271145179,0.372624469424891,0.406738340860665,0.00773303781512013,0.0620795782771553,-0.0203753924797626,1.4564596855136,1.07130403370132,25.9999,0.0638624477390889,-0.5,0,5,3.51132224183,0,dp,720,3,6,4,1,1,0,0,1,0,29,,4,,FALSE,4,FALSE,4,confident,20260507_145347_unknown_allT_DP_MB_ME_g5_sm0p5_kg0_ks0_rcpp
sp2,24,4,4,7,93.6106988178995,2009-09-14,"","",tree,all,0.0381571271145179,0.372624469424891,0.406738340860665,0.00773303781512013,0.0620795782771553,-0.0203753924797626,1.4564596855136,1.07130403370132,25.9999,0.0638624477390889,-0.5,0,5,3.51132224183,0,given,720,3,6,4,1,1,0,0,1,0,34,,4,,FALSE,4,FALSE,4,confident,20260507_145347_unknown_allT_DP_MB_ME_g5_sm0p5_kg0_ks0_rcpp
sp2,24,4,4,8,120.152904112652,2014-08-19,"","",tree,all,0.0381571271145179,0.372624469424891,0.406738340860665,0.00773303781512013,0.0620795782771553,-0.0203753924797626,1.4564596855136,1.07130403370132,25.9999,0.0638624477390889,-0.5,0,5,3.51132224183,0,given,,,,,,,,,,,39,,4,,FALSE,4,FALSE,4,,20260507_145347_unknown_allT_DP_MB_ME_g5_sm0p5_kg0_ks0_rcpp
sp2,24,4,4,9,133.430718556163,2019-10-25,"","",tree,all,0.0381571271145179,0.372624469424891,0.406738340860665,0.00773303781512013,0.0620795782771553,-0.0203753924797626,1.4564596855136,1.07130403370132,25.9999,0.0638624477390889,-0.5,0,5,3.51132224183,0,given,,,,,,,,,,,44,,4,,FALSE,4,FALSE,4,,20260507_145347_unknown_allT_DP_MB_ME_g5_sm0p5_kg0_ks0_rcpp
sp2,24,5,,1,18.827296902599,1980-01-01,"","",tree,all,0.0381571271145179,0.372624469424891,0.406738340860665,0.00773303781512013,0.0620795782771553,-0.0203753924797626,1.4564596855136,1.07130403370132,25.9999,0.0638624477390889,-0.5,0,5,3.51132224183,0,dp,720,3,6,5,0.871676690096434,1,0.101221476835238,0.449342935165215,0.871676690096434,0,5,,5,,FALSE,5,FALSE,4,ambiguous,20260507_145347_unknown_allT_DP_MB_ME_g5_sm0p5_kg0_ks0_rcpp
sp2,24,5,,2,28.6938403050804,1985-01-10,"","",tree,all,0.0381571271145179,0.372624469424891,0.406738340860665,0.00773303781512013,0.0620795782771553,-0.0203753924797626,1.4564596855136,1.07130403370132,25.9999,0.0638624477390889,-0.5,0,5,3.51132224183,0,dp,720,3,6,5,0.871676690096434,1,0.101221476835238,0.449342935165215,0.871676690096434,0,10,,5,,FALSE,5,FALSE,4,ambiguous,20260507_145347_unknown_allT_DP_MB_ME_g5_sm0p5_kg0_ks0_rcpp
sp2,24,5,,3,33.3532607341558,1989-12-05,"","",tree,all,0.0381571271145179,0.372624469424891,0.406738340860665,0.00773303781512013,0.0620795782771553,-0.0203753924797626,1.4564596855136,1.07130403370132,25.9999,0.0638624477390889,-0.5,0,5,3.51132224183,0,dp,720,3,6,5,0.871676690096434,1,0.101221476835237,0.449342935165215,0.871676690096434,0,15,,5,,FALSE,5,FALSE,4,ambiguous,20260507_145347_unknown_allT_DP_MB_ME_g5_sm0p5_kg0_ks0_rcpp
sp2,24,5,,4,43.4490852759218,1994-11-05,"","",tree,all,0.0381571271145179,0.372624469424891,0.406738340860665,0.00773303781512013,0.0620795782771553,-0.0203753924797626,1.4564596855136,1.07130403370132,25.9999,0.0638624477390889,-0.5,0,5,3.51132224183,0,dp,720,3,6,5,0.871676690096434,1,0.101221476835238,0.449342935165215,0.871676690096434,0,20,,5,,FALSE,5,FALSE,4,ambiguous,20260507_145347_unknown_allT_DP_MB_ME_g5_sm0p5_kg0_ks0_rcpp
sp2,24,5,,5,50.7533686697233,1999-09-18,"","",tree,all,0.0381571271145179,0.372624469424891,0.406738340860665,0.00773303781512013,0.0620795782771553,-0.0203753924797626,1.4564596855136,1.07130403370132,25.9999,0.0638624477390889,-0.5,0,5,3.51132224183,0,dp,720,3,6,5,0.871676690096434,1,0.101221476835237,0.449342935165214,0.871676690096434,0,25,,5,,FALSE,5,FALSE,4,ambiguous,20260507_145347_unknown_allT_DP_MB_ME_g5_sm0p5_kg0_ks0_rcpp
sp2,24,5,,6,63.4070698851498,2004-08-28,"","",tree,all,0.0381571271145179,0.372624469424891,0.406738340860665,0.00773303781512013,0.0620795782771553,-0.0203753924797626,1.4564596855136,1.07130403370132,25.9999,0.0638624477390889,-0.5,0,5,3.51132224183,0,dp,720,3,6,5,0.948074641882936,1,0.0468188946993239,0.220835920153552,0.948074641882936,0,30,,5,,FALSE,5,FALSE,4,ambiguous,20260507_145347_unknown_allT_DP_MB_ME_g5_sm0p5_kg0_ks0_rcpp
sp2,24,5,5,7,76.84999850087,2009-09-14,"","",tree,all,0.0381571271145179,0.372624469424891,0.406738340860665,0.00773303781512013,0.0620795782771553,-0.0203753924797626,1.4564596855136,1.07130403370132,25.9999,0.0638624477390889,-0.5,0,5,3.51132224183,0,given,720,3,6,5,1,1,0,0,1,0,35,,5,,FALSE,5,FALSE,4,confident,20260507_145347_unknown_allT_DP_MB_ME_g5_sm0p5_kg0_ks0_rcpp
sp2,24,5,5,8,86.5538320615596,2014-08-19,"","",tree,all,0.0381571271145179,0.372624469424891,0.406738340860665,0.00773303781512013,0.0620795782771553,-0.0203753924797626,1.4564596855136,1.07130403370132,25.9999,0.0638624477390889,-0.5,0,5,3.51132224183,0,given,,,,,,,,,,,40,,5,,FALSE,5,FALSE,4,,20260507_145347_unknown_allT_DP_MB_ME_g5_sm0p5_kg0_ks0_rcpp
sp2,24,5,5,9,97.5796608675185,2019-10-25,"","",tree,all,0.0381571271145179,0.372624469424891,0.406738340860665,0.00773303781512013,0.0620795782771553,-0.0203753924797626,1.4564596855136,1.07130403370132,25.9999,0.0638624477390889,-0.5,0,5,3.51132224183,0,given,,,,,,,,,,,45,,5,,FALSE,5,FALSE,4,,20260507_145347_unknown_allT_DP_MB_ME_g5_sm0p5_kg0_ks0_rcpp
sp2,25,1,,1,,1980-01-01,"","",tree,all,0.0381571271145179,0.372624469424891,0.406738340860665,0.00773303781512013,0.0620795782771553,-0.0203753924797626,1.4564596855136,1.07130403370132,25.9999,0.0638624477390889,-0.5,0,5,3.51132224183,0,given_orphan,6,1,3,,,,,,,,1,,1,,FALSE,,FALSE,4,,20260507_145347_unknown_allT_DP_MB_ME_g5_sm0p5_kg0_ks0_rcpp
sp2,25,1,,2,0.887017627321535,1985-02-21,"","",tree,all,0.0381571271145179,0.372624469424891,0.406738340860665,0.00773303781512013,0.0620795782771553,-0.0203753924797626,1.4564596855136,1.07130403370132,25.9999,0.0638624477390889,-0.5,0,5,3.51132224183,0,dp,6,1,3,1,0.901260330429588,2,0.0987396695704117,0.322304886603307,0.901260330429588,0,4,,1,,FALSE,1,FALSE,4,ambiguous,20260507_145347_unknown_allT_DP_MB_ME_g5_sm0p5_kg0_ks0_rcpp
sp2,25,1,,3,3.34581173343702,1990-01-22,"","",tree,all,0.0381571271145179,0.372624469424891,0.406738340860665,0.00773303781512013,0.0620795782771553,-0.0203753924797626,1.4564596855136,1.07130403370132,25.9999,0.0638624477390889,-0.5,0,5,3.51132224183,0,dp,6,1,3,1,0.901260330429588,2,0.0987396695704117,0.322304886603307,0.901260330429588,0,7,,1,,FALSE,1,FALSE,4,ambiguous,20260507_145347_unknown_allT_DP_MB_ME_g5_sm0p5_kg0_ks0_rcpp
sp2,25,1,,4,7.33020473554612,1995-02-04,"","",tree,all,0.0381571271145179,0.372624469424891,0.406738340860665,0.00773303781512013,0.0620795782771553,-0.0203753924797626,1.4564596855136,1.07130403370132,25.9999,0.0638624477390889,-0.5,0,5,3.51132224183,0,dp,6,1,3,1,0.901260330429588,2,0.0987396695704117,0.322304886603307,0.901260330429588,0,10,,1,,FALSE,1,FALSE,4,ambiguous,20260507_145347_unknown_allT_DP_MB_ME_g5_sm0p5_kg0_ks0_rcpp
sp2,25,1,,5,12.4331420572077,2000-02-11,"","",tree,all,0.0381571271145179,0.372624469424891,0.406738340860665,0.00773303781512013,0.0620795782771553,-0.0203753924797626,1.4564596855136,1.07130403370132,25.9999,0.0638624477390889,-0.5,0,5,3.51132224183,0,dp,6,1,3,1,0.901260330429588,2,0.0987396695704117,0.322304886603307,0.901260330429588,0,13,,1,,FALSE,1,FALSE,4,ambiguous,20260507_145347_unknown_allT_DP_MB_ME_g5_sm0p5_kg0_ks0_rcpp
sp2,25,1,,6,19.2987192371087,2004-11-09,"","",tree,all,0.0381571271145179,0.372624469424891,0.406738340860665,0.00773303781512013,0.0620795782771553,-0.0203753924797626,1.4564596855136,1.07130403370132,25.9999,0.0638624477390889,-0.5,0,5,3.51132224183,0,dp,6,1,3,1,0.902438194296879,2,0.0975618057031206,0.319692444752573,0.902438194296879,0,16,,1,,FALSE,1,FALSE,4,ambiguous,20260507_145347_unknown_allT_DP_MB_ME_g5_sm0p5_kg0_ks0_rcpp
sp2,25,1,1,7,29.0869615370921,2009-12-04,"","",tree,all,0.0381571271145179,0.372624469424891,0.406738340860665,0.00773303781512013,0.0620795782771553,-0.0203753924797626,1.4564596855136,1.07130403370132,25.9999,0.0638624477390889,-0.5,0,5,3.51132224183,0,given,6,1,3,1,1,2,0,0,1,0,19,,1,,FALSE,1,FALSE,4,confident,20260507_145347_unknown_allT_DP_MB_ME_g5_sm0p5_kg0_ks0_rcpp
sp2,25,1,1,8,35.7991546970879,2014-10-26,"","",tree,all,0.0381571271145179,0.372624469424891,0.406738340860665,0.00773303781512013,0.0620795782771553,-0.0203753924797626,1.4564596855136,1.07130403370132,25.9999,0.0638624477390889,-0.5,0,5,3.51132224183,0,given,,,,,,,,,,,22,,1,,FALSE,1,FALSE,4,,20260507_145347_unknown_allT_DP_MB_ME_g5_sm0p5_kg0_ks0_rcpp
sp2,25,1,1,9,40.0577277543262,2019-11-18,"","",tree,all,0.0381571271145179,0.372624469424891,0.406738340860665,0.00773303781512013,0.0620795782771553,-0.0203753924797626,1.4564596855136,1.07130403370132,25.9999,0.0638624477390889,-0.5,0,5,3.51132224183,0,given,,,,,,,,,,,25,,1,,FALSE,1,FALSE,4,,20260507_145347_unknown_allT_DP_MB_ME_g5_sm0p5_kg0_ks0_rcpp
sp2,25,2,,1,2.6530482119136,1980-01-01,"","",tree,all,0.0381571271145179,0.372624469424891,0.406738340860665,0.00773303781512013,0.0620795782771553,-0.0203753924797626,1.4564596855136,1.07130403370132,25.9999,0.0638624477390889,-0.5,0,5,3.51132224183,0,dp,6,1,3,2,0.800474942911404,1,0.199525057088596,0.499743307530574,0.800474942911404,0,2,,2,,FALSE,2,FALSE,4,ambiguous,20260507_145347_unknown_allT_DP_MB_ME_g5_sm0p5_kg0_ks0_rcpp
sp2,25,2,,2,7.17948059848195,1985-02-21,"","",tree,all,0.0381571271145179,0.372624469424891,0.406738340860665,0.00773303781512013,0.0620795782771553,-0.0203753924797626,1.4564596855136,1.07130403370132,25.9999,0.0638624477390889,-0.5,0,5,3.51132224183,0,dp,6,1,3,2,0.901260330429588,1,0.0987396695704117,0.322304886603307,0.901260330429588,0,5,,2,,FALSE,2,FALSE,4,ambiguous,20260507_145347_unknown_allT_DP_MB_ME_g5_sm0p5_kg0_ks0_rcpp
sp2,25,2,,3,10.4295796278071,1990-01-22,"","",tree,all,0.0381571271145179,0.372624469424891,0.406738340860665,0.00773303781512013,0.0620795782771553,-0.0203753924797626,1.4564596855136,1.07130403370132,25.9999,0.0638624477390889,-0.5,0,5,3.51132224183,0,dp,6,1,3,2,0.901260330429588,1,0.0987396695704117,0.322304886603307,0.901260330429588,0,8,,2,,FALSE,2,FALSE,4,ambiguous,20260507_145347_unknown_allT_DP_MB_ME_g5_sm0p5_kg0_ks0_rcpp
sp2,25,2,,4,16.2122758232505,1995-02-04,"","",tree,all,0.0381571271145179,0.372624469424891,0.406738340860665,0.00773303781512013,0.0620795782771553,-0.0203753924797626,1.4564596855136,1.07130403370132,25.9999,0.0638624477390889,-0.5,0,5,3.51132224183,0,dp,6,1,3,2,0.901260330429588,1,0.0987396695704117,0.322304886603307,0.901260330429588,0,11,,2,,FALSE,2,FALSE,4,ambiguous,20260507_145347_unknown_allT_DP_MB_ME_g5_sm0p5_kg0_ks0_rcpp
sp2,25,2,,5,21.0543455363087,2000-02-11,"","",tree,all,0.0381571271145179,0.372624469424891,0.406738340860665,0.00773303781512013,0.0620795782771553,-0.0203753924797626,1.4564596855136,1.07130403370132,25.9999,0.0638624477390889,-0.5,0,5,3.51132224183,0,dp,6,1,3,2,0.901260330429588,1,0.0987396695704117,0.322304886603307,0.901260330429588,0,14,,2,,FALSE,2,FALSE,4,ambiguous,20260507_145347_unknown_allT_DP_MB_ME_g5_sm0p5_kg0_ks0_rcpp
sp2,25,2,,6,25.0987857642731,2004-11-09,"","",tree,all,0.0381571271145179,0.372624469424891,0.406738340860665,0.00773303781512013,0.0620795782771553,-0.0203753924797626,1.4564596855136,1.07130403370132,25.9999,0.0638624477390889,-0.5,0,5,3.51132224183,0,dp,6,1,3,2,0.902438194296879,1,0.0975618057031206,0.319692444752573,0.902438194296879,0,17,,2,,FALSE,2,FALSE,4,ambiguous,20260507_145347_unknown_allT_DP_MB_ME_g5_sm0p5_kg0_ks0_rcpp
sp2,25,2,2,7,32.5248333591995,2009-12-04,"","",tree,all,0.0381571271145179,0.372624469424891,0.406738340860665,0.00773303781512013,0.0620795782771553,-0.0203753924797626,1.4564596855136,1.07130403370132,25.9999,0.0638624477390889,-0.5,0,5,3.51132224183,0,given,6,1,3,2,1,1,0,0,1,0,20,,2,,FALSE,2,FALSE,4,confident,20260507_145347_unknown_allT_DP_MB_ME_g5_sm0p5_kg0_ks0_rcpp
sp2,25,2,2,8,36.3211020307731,2014-10-26,"","",tree,all,0.0381571271145179,0.372624469424891,0.406738340860665,0.00773303781512013,0.0620795782771553,-0.0203753924797626,1.4564596855136,1.07130403370132,25.9999,0.0638624477390889,-0.5,0,5,3.51132224183,0,given,,,,,,,,,,,23,,2,,FALSE,2,FALSE,4,,20260507_145347_unknown_allT_DP_MB_ME_g5_sm0p5_kg0_ks0_rcpp
sp2,25,2,2,9,41.3523130578484,2019-11-18,"","",tree,all,0.0381571271145179,0.372624469424891,0.406738340860665,0.00773303781512013,0.0620795782771553,-0.0203753924797626,1.4564596855136,1.07130403370132,25.9999,0.0638624477390889,-0.5,0,5,3.51132224183,0,given,,,,,,,,,,,26,,2,,FALSE,2,FALSE,4,,20260507_145347_unknown_allT_DP_MB_ME_g5_sm0p5_kg0_ks0_rcpp
sp2,25,3,,1,18.8860806498119,1980-01-01,"","",tree,all,0.0381571271145179,0.372624469424891,0.406738340860665,0.00773303781512013,0.0620795782771553,-0.0203753924797626,1.4564596855136,1.07130403370132,25.9999,0.0638624477390889,-0.5,0,5,3.51132224183,0,dp,6,1,3,3,1,1,0,0,1,0,3,,3,,FALSE,3,FALSE,4,confident,20260507_145347_unknown_allT_DP_MB_ME_g5_sm0p5_kg0_ks0_rcpp
sp2,25,3,,2,26.3458397760133,1985-02-21,"","",tree,all,0.0381571271145179,0.372624469424891,0.406738340860665,0.00773303781512013,0.0620795782771553,-0.0203753924797626,1.4564596855136,1.07130403370132,25.9999,0.0638624477390889,-0.5,0,5,3.51132224183,0,dp,6,1,3,3,1,1,0,0,1,0,6,,3,,FALSE,3,FALSE,4,confident,20260507_145347_unknown_allT_DP_MB_ME_g5_sm0p5_kg0_ks0_rcpp
sp2,25,3,,3,36.2272030922351,1990-01-22,"","",tree,all,0.0381571271145179,0.372624469424891,0.406738340860665,0.00773303781512013,0.0620795782771553,-0.0203753924797626,1.4564596855136,1.07130403370132,25.9999,0.0638624477390889,-0.5,0,5,3.51132224183,0,dp,6,1,3,3,1,1,0,0,1,0,9,,3,,FALSE,3,FALSE,4,confident,20260507_145347_unknown_allT_DP_MB_ME_g5_sm0p5_kg0_ks0_rcpp
sp2,25,3,,4,46.1092046993531,1995-02-04,"","",tree,all,0.0381571271145179,0.372624469424891,0.406738340860665,0.00773303781512013,0.0620795782771553,-0.0203753924797626,1.4564596855136,1.07130403370132,25.9999,0.0638624477390889,-0.5,0,5,3.51132224183,0,dp,6,1,3,3,1,1,0,0,1,0,12,,3,,FALSE,3,FALSE,4,confident,20260507_145347_unknown_allT_DP_MB_ME_g5_sm0p5_kg0_ks0_rcpp
sp2,25,3,,5,48.0679075831347,2000-02-11,"","",tree,all,0.0381571271145179,0.372624469424891,0.406738340860665,0.00773303781512013,0.0620795782771553,-0.0203753924797626,1.4564596855136,1.07130403370132,25.9999,0.0638624477390889,-0.5,0,5,3.51132224183,0,dp,6,1,3,3,1,1,0,0,1,0,15,,3,,FALSE,3,FALSE,4,confident,20260507_145347_unknown_allT_DP_MB_ME_g5_sm0p5_kg0_ks0_rcpp
sp2,25,3,,6,53.458734689515,2004-11-09,"","",tree,all,0.0381571271145179,0.372624469424891,0.406738340860665,0.00773303781512013,0.0620795782771553,-0.0203753924797626,1.4564596855136,1.07130403370132,25.9999,0.0638624477390889,-0.5,0,5,3.51132224183,0,dp,6,1,3,3,1,1,0,0,1,0,18,,3,,FALSE,3,FALSE,4,confident,20260507_145347_unknown_allT_DP_MB_ME_g5_sm0p5_kg0_ks0_rcpp
sp2,25,3,3,7,73.2647147380071,2009-12-04,"","",tree,all,0.0381571271145179,0.372624469424891,0.406738340860665,0.00773303781512013,0.0620795782771553,-0.0203753924797626,1.4564596855136,1.07130403370132,25.9999,0.0638624477390889,-0.5,0,5,3.51132224183,0,given,6,1,3,3,1,1,0,0,1,0,21,,3,,FALSE,3,FALSE,4,confident,20260507_145347_unknown_allT_DP_MB_ME_g5_sm0p5_kg0_ks0_rcpp
sp2,25,3,3,8,83.2159862507786,2014-10-26,"","",tree,all,0.0381571271145179,0.372624469424891,0.406738340860665,0.00773303781512013,0.0620795782771553,-0.0203753924797626,1.4564596855136,1.07130403370132,25.9999,0.0638624477390889,-0.5,0,5,3.51132224183,0,given,,,,,,,,,,,24,,3,,FALSE,3,FALSE,4,,20260507_145347_unknown_allT_DP_MB_ME_g5_sm0p5_kg0_ks0_rcpp
sp2,25,3,3,9,83.2159862507786,2019-11-18,"","",tree,all,0.0381571271145179,0.372624469424891,0.406738340860665,0.00773303781512013,0.0620795782771553,-0.0203753924797626,1.4564596855136,1.07130403370132,25.9999,0.0638624477390889,-0.5,0,5,3.51132224183,0,given,,,,,,,,,,,27,,3,,FALSE,3,FALSE,4,,20260507_145347_unknown_allT_DP_MB_ME_g5_sm0p5_kg0_ks0_rcpp
sp3,26,1,,1,,1980-01-01,"","",palm,all,0.0381571271145179,0.372624469424891,0.406738340860665,0.00773303781512013,0.0620795782771553,-0.0203753924797626,1.4564596855136,1.07130403370132,25.9999,0.0638624477390889,-0.5,0,5,3.51132224183,0,given_orphan,6,1,3,,,,,,,,1,,1,,FALSE,,FALSE,4,,20260507_145347_unknown_allT_DP_MB_ME_g5_sm0p5_kg0_ks0_rcpp
sp3,26,1,,2,,1984-12-02,"","",palm,all,0.0381571271145179,0.372624469424891,0.406738340860665,0.00773303781512013,0.0620795782771553,-0.0203753924797626,1.4564596855136,1.07130403370132,25.9999,0.0638624477390889,-0.5,0,5,3.51132224183,0,given_orphan,6,1,3,,,,,,,,5,,1,,FALSE,,FALSE,4,,20260507_145347_unknown_allT_DP_MB_ME_g5_sm0p5_kg0_ks0_rcpp
sp3,26,1,,3,,1989-11-12,"","",palm,all,0.0381571271145179,0.372624469424891,0.406738340860665,0.00773303781512013,0.0620795782771553,-0.0203753924797626,1.4564596855136,1.07130403370132,25.9999,0.0638624477390889,-0.5,0,5,3.51132224183,0,given_orphan,6,1,3,,,,,,,,9,,1,,FALSE,,FALSE,4,,20260507_145347_unknown_allT_DP_MB_ME_g5_sm0p5_kg0_ks0_rcpp
sp3,26,1,,4,,1994-12-15,"","",palm,all,0.0381571271145179,0.372624469424891,0.406738340860665,0.00773303781512013,0.0620795782771553,-0.0203753924797626,1.4564596855136,1.07130403370132,25.9999,0.0638624477390889,-0.5,0,5,3.51132224183,0,given_orphan,6,1,3,,,,,,,,13,,1,,FALSE,,FALSE,4,,20260507_145347_unknown_allT_DP_MB_ME_g5_sm0p5_kg0_ks0_rcpp
sp3,26,1,,5,,1999-12-01,"","",palm,all,0.0381571271145179,0.372624469424891,0.406738340860665,0.00773303781512013,0.0620795782771553,-0.0203753924797626,1.4564596855136,1.07130403370132,25.9999,0.0638624477390889,-0.5,0,5,3.51132224183,0,given_orphan,6,1,3,,,,,,,,17,,1,,FALSE,,FALSE,4,,20260507_145347_unknown_allT_DP_MB_ME_g5_sm0p5_kg0_ks0_rcpp
sp3,26,1,,6,,2004-11-01,"","",palm,all,0.0381571271145179,0.372624469424891,0.406738340860665,0.00773303781512013,0.0620795782771553,-0.0203753924797626,1.4564596855136,1.07130403370132,25.9999,0.0638624477390889,-0.5,0,5,3.51132224183,0,given_orphan,6,1,3,,,,,,,,21,,1,,FALSE,,FALSE,4,,20260507_145347_unknown_allT_DP_MB_ME_g5_sm0p5_kg0_ks0_rcpp
sp3,26,1,1,7,,2009-10-18,"","",palm,all,0.0381571271145179,0.372624469424891,0.406738340860665,0.00773303781512013,0.0620795782771553,-0.0203753924797626,1.4564596855136,1.07130403370132,25.9999,0.0638624477390889,-0.5,0,5,3.51132224183,0,given,6,1,3,,,,,,,,25,,1,,FALSE,1,FALSE,4,,20260507_145347_unknown_allT_DP_MB_ME_g5_sm0p5_kg0_ks0_rcpp
sp3,26,1,1,8,0.583943384891578,2014-09-24,"","",palm,all,0.0381571271145179,0.372624469424891,0.406738340860665,0.00773303781512013,0.0620795782771553,-0.0203753924797626,1.4564596855136,1.07130403370132,25.9999,0.0638624477390889,-0.5,0,5,3.51132224183,0,given,,,,,,,,,,,29,,1,,FALSE,1,FALSE,4,,20260507_145347_unknown_allT_DP_MB_ME_g5_sm0p5_kg0_ks0_rcpp
sp3,26,1,1,9,1.32716166698366,2019-07-20,"","",palm,all,0.0381571271145179,0.372624469424891,0.406738340860665,0.00773303781512013,0.0620795782771553,-0.0203753924797626,1.4564596855136,1.07130403370132,25.9999,0.0638624477390889,-0.5,0,5,3.51132224183,0,given,,,,,,,,,,,33,,1,,FALSE,1,FALSE,4,,20260507_145347_unknown_allT_DP_MB_ME_g5_sm0p5_kg0_ks0_rcpp
sp3,26,2,,1,13.4228313378295,1980-01-01,"","",palm,all,0.0381571271145179,0.372624469424891,0.406738340860665,0.00773303781512013,0.0620795782771553,-0.0203753924797626,1.4564596855136,1.07130403370132,25.9999,0.0638624477390889,-0.5,0,5,3.51132224183,0,dp,6,1,3,6,0.500000000000001,5,0.499999999999999,0.693147180559945,0.500000000000001,1,2,,6,,FALSE,6,FALSE,4,unlinked-likely,20260507_145347_unknown_allT_DP_MB_ME_g5_sm0p5_kg0_ks0_rcpp
sp3,26,2,,2,24.0165887260363,1984-12-02,"","",palm,all,0.0381571271145179,0.372624469424891,0.406738340860665,0.00773303781512013,0.0620795782771553,-0.0203753924797626,1.4564596855136,1.07130403370132,25.9999,0.0638624477390889,-0.5,0,5,3.51132224183,0,dp,6,1,3,5,0.500000000000001,6,0.499999999999999,0.693147180559945,0.500000000000001,1,6,,5,,FALSE,5,FALSE,4,unlinked-likely,20260507_145347_unknown_allT_DP_MB_ME_g5_sm0p5_kg0_ks0_rcpp
sp3,26,2,,3,,1989-11-12,"","",palm,all,0.0381571271145179,0.372624469424891,0.406738340860665,0.00773303781512013,0.0620795782771553,-0.0203753924797626,1.4564596855136,1.07130403370132,25.9999,0.0638624477390889,-0.5,0,5,3.51132224183,0,given_orphan,6,1,3,,,,,,,,10,,2,,FALSE,,FALSE,4,,20260507_145347_unknown_allT_DP_MB_ME_g5_sm0p5_kg0_ks0_rcpp
sp3,26,2,,4,,1994-12-15,"","",palm,all,0.0381571271145179,0.372624469424891,0.406738340860665,0.00773303781512013,0.0620795782771553,-0.0203753924797626,1.4564596855136,1.07130403370132,25.9999,0.0638624477390889,-0.5,0,5,3.51132224183,0,given_orphan,6,1,3,,,,,,,,14,,2,,FALSE,,FALSE,4,,20260507_145347_unknown_allT_DP_MB_ME_g5_sm0p5_kg0_ks0_rcpp
sp3,26,2,,5,,1999-12-01,"","",palm,all,0.0381571271145179,0.372624469424891,0.406738340860665,0.00773303781512013,0.0620795782771553,-0.0203753924797626,1.4564596855136,1.07130403370132,25.9999,0.0638624477390889,-0.5,0,5,3.51132224183,0,given_orphan,6,1,3,,,,,,,,18,,2,,FALSE,,FALSE,4,,20260507_145347_unknown_allT_DP_MB_ME_g5_sm0p5_kg0_ks0_rcpp
sp3,26,2,,6,,2004-11-01,"","",palm,all,0.0381571271145179,0.372624469424891,0.406738340860665,0.00773303781512013,0.0620795782771553,-0.0203753924797626,1.4564596855136,1.07130403370132,25.9999,0.0638624477390889,-0.5,0,5,3.51132224183,0,given_orphan,6,1,3,,,,,,,,22,,2,,FALSE,,FALSE,4,,20260507_145347_unknown_allT_DP_MB_ME_g5_sm0p5_kg0_ks0_rcpp
sp3,26,2,2,7,,2009-10-18,"","",palm,all,0.0381571271145179,0.372624469424891,0.406738340860665,0.00773303781512013,0.0620795782771553,-0.0203753924797626,1.4564596855136,1.07130403370132,25.9999,0.0638624477390889,-0.5,0,5,3.51132224183,0,given,6,1,3,,,,,,,,26,,2,,FALSE,2,FALSE,4,,20260507_145347_unknown_allT_DP_MB_ME_g5_sm0p5_kg0_ks0_rcpp
sp3,26,2,2,8,,2014-09-24,"","",palm,all,0.0381571271145179,0.372624469424891,0.406738340860665,0.00773303781512013,0.0620795782771553,-0.0203753924797626,1.4564596855136,1.07130403370132,25.9999,0.0638624477390889,-0.5,0,5,3.51132224183,0,given,,,,,,,,,,,30,,2,,FALSE,2,FALSE,4,,20260507_145347_unknown_allT_DP_MB_ME_g5_sm0p5_kg0_ks0_rcpp
sp3,26,2,2,9,,2019-07-20,"","",palm,all,0.0381571271145179,0.372624469424891,0.406738340860665,0.00773303781512013,0.0620795782771553,-0.0203753924797626,1.4564596855136,1.07130403370132,25.9999,0.0638624477390889,-0.5,0,5,3.51132224183,0,given,,,,,,,,,,,34,,2,,FALSE,2,FALSE,4,,20260507_145347_unknown_allT_DP_MB_ME_g5_sm0p5_kg0_ks0_rcpp
sp3,26,3,,1,14.9190093145015,1980-01-01,"","",palm,all,0.0381571271145179,0.372624469424891,0.406738340860665,0.00773303781512013,0.0620795782771553,-0.0203753924797626,1.4564596855136,1.07130403370132,25.9999,0.0638624477390889,-0.5,0,5,3.51132224183,0,dp,6,1,3,5,0.500000000000001,6,0.499999999999999,0.693147180559945,0.500000000000001,1,3,,5,,FALSE,5,FALSE,4,unlinked-likely,20260507_145347_unknown_allT_DP_MB_ME_g5_sm0p5_kg0_ks0_rcpp
sp3,26,3,,2,21.0743783516094,1984-12-02,"","",palm,all,0.0381571271145179,0.372624469424891,0.406738340860665,0.00773303781512013,0.0620795782771553,-0.0203753924797626,1.4564596855136,1.07130403370132,25.9999,0.0638624477390889,-0.5,0,5,3.51132224183,0,dp,6,1,3,6,0.500000000000001,5,0.499999999999999,0.693147180559945,0.500000000000001,1,7,,6,,FALSE,6,FALSE,4,unlinked-likely,20260507_145347_unknown_allT_DP_MB_ME_g5_sm0p5_kg0_ks0_rcpp
sp3,26,3,,3,21.0743783516094,1989-11-12,"","",palm,all,0.0381571271145179,0.372624469424891,0.406738340860665,0.00773303781512013,0.0620795782771553,-0.0203753924797626,1.4564596855136,1.07130403370132,25.9999,0.0638624477390889,-0.5,0,5,3.51132224183,0,dp,6,1,3,6,0.500000000000001,5,0.499999999999999,0.693147180559945,0.500000000000001,1,11,,6,,FALSE,6,FALSE,4,unlinked-likely,20260507_145347_unknown_allT_DP_MB_ME_g5_sm0p5_kg0_ks0_rcpp
sp3,26,3,,4,33.0872041772827,1994-12-15,"","",palm,all,0.0381571271145179,0.372624469424891,0.406738340860665,0.00773303781512013,0.0620795782771553,-0.0203753924797626,1.4564596855136,1.07130403370132,25.9999,0.0638624477390889,-0.5,0,5,3.51132224183,0,dp,6,1,3,5,0.5,6,0.5,0.693147180559945,0.5,1,15,,6,,FALSE,6,FALSE,4,unlinked-likely,20260507_145347_unknown_allT_DP_MB_ME_g5_sm0p5_kg0_ks0_rcpp
sp3,26,3,,5,44.58140664912,1999-12-01,"","",palm,all,0.0381571271145179,0.372624469424891,0.406738340860665,0.00773303781512013,0.0620795782771553,-0.0203753924797626,1.4564596855136,1.07130403370132,25.9999,0.0638624477390889,-0.5,0,5,3.51132224183,0,dp,6,1,3,5,0.5,6,0.5,0.693147180559945,0.5,1,19,,6,,FALSE,6,FALSE,4,unlinked-likely,20260507_145347_unknown_allT_DP_MB_ME_g5_sm0p5_kg0_ks0_rcpp
sp3,26,3,,6,,2004-11-01,"","",palm,all,0.0381571271145179,0.372624469424891,0.406738340860665,0.00773303781512013,0.0620795782771553,-0.0203753924797626,1.4564596855136,1.07130403370132,25.9999,0.0638624477390889,-0.5,0,5,3.51132224183,0,given_orphan,6,1,3,,,,,,,,23,,3,,FALSE,,FALSE,4,,20260507_145347_unknown_allT_DP_MB_ME_g5_sm0p5_kg0_ks0_rcpp
sp3,26,3,3,7,,2009-10-18,"","",palm,all,0.0381571271145179,0.372624469424891,0.406738340860665,0.00773303781512013,0.0620795782771553,-0.0203753924797626,1.4564596855136,1.07130403370132,25.9999,0.0638624477390889,-0.5,0,5,3.51132224183,0,given,6,1,3,,,,,,,,27,,3,,FALSE,3,FALSE,4,,20260507_145347_unknown_allT_DP_MB_ME_g5_sm0p5_kg0_ks0_rcpp
sp3,26,3,3,8,,2014-09-24,"","",palm,all,0.0381571271145179,0.372624469424891,0.406738340860665,0.00773303781512013,0.0620795782771553,-0.0203753924797626,1.4564596855136,1.07130403370132,25.9999,0.0638624477390889,-0.5,0,5,3.51132224183,0,given,,,,,,,,,,,31,,3,,FALSE,3,FALSE,4,,20260507_145347_unknown_allT_DP_MB_ME_g5_sm0p5_kg0_ks0_rcpp
sp3,26,3,3,9,,2019-07-20,"","",palm,all,0.0381571271145179,0.372624469424891,0.406738340860665,0.00773303781512013,0.0620795782771553,-0.0203753924797626,1.4564596855136,1.07130403370132,25.9999,0.0638624477390889,-0.5,0,5,3.51132224183,0,given,,,,,,,,,,,35,,3,,FALSE,3,FALSE,4,,20260507_145347_unknown_allT_DP_MB_ME_g5_sm0p5_kg0_ks0_rcpp
sp3,26,4,,1,53.0838627845817,1980-01-01,"","",palm,all,0.0381571271145179,0.372624469424891,0.406738340860665,0.00773303781512013,0.0620795782771553,-0.0203753924797626,1.4564596855136,1.07130403370132,25.9999,0.0638624477390889,-0.5,0,5,3.51132224183,0,dp,6,1,3,4,1,5,0,0,1,0,4,,4,,FALSE,4,FALSE,4,confident,20260507_145347_unknown_allT_DP_MB_ME_g5_sm0p5_kg0_ks0_rcpp
sp3,26,4,,2,63.1990050571041,1984-12-02,"","",palm,all,0.0381571271145179,0.372624469424891,0.406738340860665,0.00773303781512013,0.0620795782771553,-0.0203753924797626,1.4564596855136,1.07130403370132,25.9999,0.0638624477390889,-0.5,0,5,3.51132224183,0,dp,6,1,3,4,1,5,0,0,1,0,8,,4,,FALSE,4,FALSE,4,confident,20260507_145347_unknown_allT_DP_MB_ME_g5_sm0p5_kg0_ks0_rcpp
sp3,26,4,,3,63.1990050571041,1989-11-12,"","",palm,all,0.0381571271145179,0.372624469424891,0.406738340860665,0.00773303781512013,0.0620795782771553,-0.0203753924797626,1.4564596855136,1.07130403370132,25.9999,0.0638624477390889,-0.5,0,5,3.51132224183,0,dp,6,1,3,4,1,5,0,0,1,0,12,,4,,FALSE,4,FALSE,4,confident,20260507_145347_unknown_allT_DP_MB_ME_g5_sm0p5_kg0_ks0_rcpp
sp3,26,4,,4,72.8641993240875,1994-12-15,"","",palm,all,0.0381571271145179,0.372624469424891,0.406738340860665,0.00773303781512013,0.0620795782771553,-0.0203753924797626,1.4564596855136,1.07130403370132,25.9999,0.0638624477390889,-0.5,0,5,3.51132224183,0,dp,6,1,3,4,1,5,0,0,1,0,16,,4,,FALSE,4,FALSE,4,confident,20260507_145347_unknown_allT_DP_MB_ME_g5_sm0p5_kg0_ks0_rcpp
sp3,26,4,,5,84.5644534044138,1999-12-01,"","",palm,all,0.0381571271145179,0.372624469424891,0.406738340860665,0.00773303781512013,0.0620795782771553,-0.0203753924797626,1.4564596855136,1.07130403370132,25.9999,0.0638624477390889,-0.5,0,5,3.51132224183,0,dp,6,1,3,4,1,5,0,0,1,0,20,,4,,FALSE,4,FALSE,4,confident,20260507_145347_unknown_allT_DP_MB_ME_g5_sm0p5_kg0_ks0_rcpp
sp3,26,4,,6,84.5644534044138,2004-11-01,"","",palm,all,0.0381571271145179,0.372624469424891,0.406738340860665,0.00773303781512013,0.0620795782771553,-0.0203753924797626,1.4564596855136,1.07130403370132,25.9999,0.0638624477390889,-0.5,0,5,3.51132224183,0,dp,6,1,3,4,1,5,0,0,1,0,24,,4,,FALSE,4,FALSE,4,confident,20260507_145347_unknown_allT_DP_MB_ME_g5_sm0p5_kg0_ks0_rcpp
sp3,26,4,4,7,90.7835274306592,2009-10-18,"","",palm,all,0.0381571271145179,0.372624469424891,0.406738340860665,0.00773303781512013,0.0620795782771553,-0.0203753924797626,1.4564596855136,1.07130403370132,25.9999,0.0638624477390889,-0.5,0,5,3.51132224183,0,given,6,1,3,4,1,5,0,0,1,0,28,,4,,FALSE,4,FALSE,4,confident,20260507_145347_unknown_allT_DP_MB_ME_g5_sm0p5_kg0_ks0_rcpp
sp3,26,4,4,8,103.027259458714,2014-09-24,"","",palm,all,0.0381571271145179,0.372624469424891,0.406738340860665,0.00773303781512013,0.0620795782771553,-0.0203753924797626,1.4564596855136,1.07130403370132,25.9999,0.0638624477390889,-0.5,0,5,3.51132224183,0,given,,,,,,,,,,,32,,4,,FALSE,4,FALSE,4,,20260507_145347_unknown_allT_DP_MB_ME_g5_sm0p5_kg0_ks0_rcpp
sp3,26,4,4,9,111.461001153273,2019-07-20,"","",palm,all,0.0381571271145179,0.372624469424891,0.406738340860665,0.00773303781512013,0.0620795782771553,-0.0203753924797626,1.4564596855136,1.07130403370132,25.9999,0.0638624477390889,-0.5,0,5,3.51132224183,0,given,,,,,,,,,,,36,,4,,FALSE,4,FALSE,4,,20260507_145347_unknown_allT_DP_MB_ME_g5_sm0p5_kg0_ks0_rcpp
sp3,27,1,,1,8.57351983464654,1980-01-01,"","",palm,all,0.0381571271145179,0.372624469424891,0.406738340860665,0.00773303781512013,0.0620795782771553,-0.0203753924797626,1.4564596855136,1.07130403370132,25.9999,0.0638624477390889,-0.5,0,5,3.51132224183,0,dp,720,6,6,1,0.331774682630742,4,0.331687397195293,1.12438999259682,0.331774682630742,0.00491881956129933,1,,1,,FALSE,1,FALSE,4,ambiguous,20260507_145347_unknown_allT_DP_MB_ME_g5_sm0p5_kg0_ks0_rcpp
sp3,27,1,,2,15.6166158013029,1985-01-05,"","",palm,all,0.0381571271145179,0.372624469424891,0.406738340860665,0.00773303781512013,0.0620795782771553,-0.0203753924797626,1.4564596855136,1.07130403370132,25.9999,0.0638624477390889,-0.5,0,5,3.51132224183,0,dp,720,6,6,5,0.33343136546225,4,0.332545884730194,1.11311150432426,0.33343136546225,0.00243256484273724,6,,5,,FALSE,5,FALSE,4,ambiguous,20260507_145347_unknown_allT_DP_MB_ME_g5_sm0p5_kg0_ks0_rcpp
sp3,27,1,,3,18.5762162820636,1989-12-13,"","",palm,all,0.0381571271145179,0.372624469424891,0.406738340860665,0.00773303781512013,0.0620795782771553,-0.0203753924797626,1.4564596855136,1.07130403370132,25.9999,0.0638624477390889,-0.5,0,5,3.51132224183,0,dp,720,6,6,1,0.337990625682634,4,0.333169191950399,1.09943464520921,0.333169191950399,9.69680356831645e-05,11,,4,,FALSE,4,FALSE,4,ambiguous,20260507_145347_unknown_allT_DP_MB_ME_g5_sm0p5_kg0_ks0_rcpp
sp3,27,1,,4,29.0834459887207,1994-10-31,"","",palm,all,0.0381571271145179,0.372624469424891,0.406738340860665,0.00773303781512013,0.0620795782771553,-0.0203753924797626,1.4564596855136,1.07130403370132,25.9999,0.0638624477390889,-0.5,0,5,3.51132224183,0,dp,720,6,6,1,0.386151868388621,4,0.331846159103761,1.09045682019418,0.386151868388621,0,16,,1,,FALSE,1,FALSE,4,ambiguous,20260507_145347_unknown_allT_DP_MB_ME_g5_sm0p5_kg0_ks0_rcpp
sp3,27,1,,5,38.3453650505945,1999-12-22,"","",palm,all,0.0381571271145179,0.372624469424891,0.406738340860665,0.00773303781512013,0.0620795782771553,-0.0203753924797626,1.4564596855136,1.07130403370132,25.9999,0.0638624477390889,-0.5,0,5,3.51132224183,0,dp,720,6,6,1,0.460116104531934,4,0.329753778184129,1.05081803839765,0.460116104531934,0,21,,1,,FALSE,1,FALSE,4,ambiguous,20260507_145347_unknown_allT_DP_MB_ME_g5_sm0p5_kg0_ks0_rcpp
sp3,27,1,,6,40.1937909187392,2004-12-25,"","",palm,all,0.0381571271145179,0.372624469424891,0.406738340860665,0.00773303781512013,0.0620795782771553,-0.0203753924797626,1.4564596855136,1.07130403370132,25.9999,0.0638624477390889,-0.5,0,5,3.51132224183,0,dp,720,6,6,1,0.467069619465536,4,0.326041883596134,1.04694247544487,0.467069619465536,0,26,,1,,FALSE,1,FALSE,4,ambiguous,20260507_145347_unknown_allT_DP_MB_ME_g5_sm0p5_kg0_ks0_rcpp
sp3,27,1,1,7,49.4835021703011,2009-11-01,"","",palm,all,0.0381571271145179,0.372624469424891,0.406738340860665,0.00773303781512013,0.0620795782771553,-0.0203753924797626,1.4564596855136,1.07130403370132,25.9999,0.0638624477390889,-0.5,0,5,3.51132224183,0,given,720,6,6,1,1,2,0,0,1,0,31,,1,,FALSE,1,FALSE,4,confident,20260507_145347_unknown_allT_DP_MB_ME_g5_sm0p5_kg0_ks0_rcpp
sp3,27,1,1,8,65.5727565575132,2015-01-16,"","",palm,all,0.0381571271145179,0.372624469424891,0.406738340860665,0.00773303781512013,0.0620795782771553,-0.0203753924797626,1.4564596855136,1.07130403370132,25.9999,0.0638624477390889,-0.5,0,5,3.51132224183,0,given,,,,,,,,,,,36,,1,,FALSE,1,FALSE,4,,20260507_145347_unknown_allT_DP_MB_ME_g5_sm0p5_kg0_ks0_rcpp
sp3,27,1,1,9,73.6517829547295,2019-12-13,"","",palm,all,0.0381571271145179,0.372624469424891,0.406738340860665,0.00773303781512013,0.0620795782771553,-0.0203753924797626,1.4564596855136,1.07130403370132,25.9999,0.0638624477390889,-0.5,0,5,3.51132224183,0,given,,,,,,,,,,,41,,1,,FALSE,1,FALSE,4,,20260507_145347_unknown_allT_DP_MB_ME_g5_sm0p5_kg0_ks0_rcpp
sp3,27,2,,1,20.4654058437753,1980-01-01,"","",palm,all,0.0381571271145179,0.372624469424891,0.406738340860665,0.00773303781512013,0.0620795782771553,-0.0203753924797626,1.4564596855136,1.07130403370132,25.9999,0.0638624477390889,-0.5,0,5,3.51132224183,0,dp,720,6,6,2,0.999964680399592,6,3.53196004079978e-05,0.000397382760967595,0.999964680399592,3.53196004079978e-05,2,,2,,FALSE,2,FALSE,4,confident,20260507_145347_unknown_allT_DP_MB_ME_g5_sm0p5_kg0_ks0_rcpp
sp3,27,2,,2,30.8400655533816,1985-01-05,"","",palm,all,0.0381571271145179,0.372624469424891,0.406738340860665,0.00773303781512013,0.0620795782771553,-0.0203753924797626,1.4564596855136,1.07130403370132,25.9999,0.0638624477390889,-0.5,0,5,3.51132224183,0,dp,720,6,6,2,0.999967959364676,6,3.20406353236598e-05,0.000363612816312032,0.999967959364676,3.20406353236598e-05,7,,2,,FALSE,2,FALSE,4,confident,20260507_145347_unknown_allT_DP_MB_ME_g5_sm0p5_kg0_ks0_rcpp
sp3,27,2,,3,33.9191557855165,1989-12-13,"","",palm,all,0.0381571271145179,0.372624469424891,0.406738340860665,0.00773303781512013,0.0620795782771553,-0.0203753924797626,1.4564596855136,1.07130403370132,25.9999,0.0638624477390889,-0.5,0,5,3.51132224183,0,dp,720,6,6,2,1,1,0,0,1,0,12,,2,,FALSE,2,FALSE,4,confident,20260507_145347_unknown_allT_DP_MB_ME_g5_sm0p5_kg0_ks0_rcpp
sp3,27,2,,4,44.4911059049583,1994-10-31,"","",palm,all,0.0381571271145179,0.372624469424891,0.406738340860665,0.00773303781512013,0.0620795782771553,-0.0203753924797626,1.4564596855136,1.07130403370132,25.9999,0.0638624477390889,-0.5,0,5,3.51132224183,0,dp,720,6,6,2,1,1,0,0,1,0,17,,2,,FALSE,2,FALSE,4,confident,20260507_145347_unknown_allT_DP_MB_ME_g5_sm0p5_kg0_ks0_rcpp
sp3,27,2,,5,56.0796804852885,1999-12-22,"","",palm,all,0.0381571271145179,0.372624469424891,0.406738340860665,0.00773303781512013,0.0620795782771553,-0.0203753924797626,1.4564596855136,1.07130403370132,25.9999,0.0638624477390889,-0.5,0,5,3.51132224183,0,dp,720,6,6,2,1,1,0,0,1,0,22,,2,,FALSE,2,FALSE,4,confident,20260507_145347_unknown_allT_DP_MB_ME_g5_sm0p5_kg0_ks0_rcpp
sp3,27,2,,6,56.0796804852885,2004-12-25,"","",palm,all,0.0381571271145179,0.372624469424891,0.406738340860665,0.00773303781512013,0.0620795782771553,-0.0203753924797626,1.4564596855136,1.07130403370132,25.9999,0.0638624477390889,-0.5,0,5,3.51132224183,0,dp,720,6,6,2,1,1,0,0,1,0,27,,2,,FALSE,2,FALSE,4,confident,20260507_145347_unknown_allT_DP_MB_ME_g5_sm0p5_kg0_ks0_rcpp
sp3,27,2,2,7,62.2297989436431,2009-11-01,"","",palm,all,0.0381571271145179,0.372624469424891,0.406738340860665,0.00773303781512013,0.0620795782771553,-0.0203753924797626,1.4564596855136,1.07130403370132,25.9999,0.0638624477390889,-0.5,0,5,3.51132224183,0,given,720,6,6,2,1,1,0,0,1,0,32,,2,,FALSE,2,FALSE,4,confident,20260507_145347_unknown_allT_DP_MB_ME_g5_sm0p5_kg0_ks0_rcpp
sp3,27,2,2,8,76.1669698916637,2015-01-16,"","",palm,all,0.0381571271145179,0.372624469424891,0.406738340860665,0.00773303781512013,0.0620795782771553,-0.0203753924797626,1.4564596855136,1.07130403370132,25.9999,0.0638624477390889,-0.5,0,5,3.51132224183,0,given,,,,,,,,,,,37,,2,,FALSE,2,FALSE,4,,20260507_145347_unknown_allT_DP_MB_ME_g5_sm0p5_kg0_ks0_rcpp
sp3,27,2,2,9,82.6488658217899,2019-12-13,"","",palm,all,0.0381571271145179,0.372624469424891,0.406738340860665,0.00773303781512013,0.0620795782771553,-0.0203753924797626,1.4564596855136,1.07130403370132,25.9999,0.0638624477390889,-0.5,0,5,3.51132224183,0,given,,,,,,,,,,,42,,2,,FALSE,2,FALSE,4,,20260507_145347_unknown_allT_DP_MB_ME_g5_sm0p5_kg0_ks0_rcpp
sp3,27,3,,1,,1980-01-01,"","",palm,all,0.0381571271145179,0.372624469424891,0.406738340860665,0.00773303781512013,0.0620795782771553,-0.0203753924797626,1.4564596855136,1.07130403370132,25.9999,0.0638624477390889,-0.5,0,5,3.51132224183,0,given_orphan,720,6,6,,,,,,,,3,,3,,FALSE,,FALSE,4,,20260507_145347_unknown_allT_DP_MB_ME_g5_sm0p5_kg0_ks0_rcpp
sp3,27,3,,2,,1985-01-05,"","",palm,all,0.0381571271145179,0.372624469424891,0.406738340860665,0.00773303781512013,0.0620795782771553,-0.0203753924797626,1.4564596855136,1.07130403370132,25.9999,0.0638624477390889,-0.5,0,5,3.51132224183,0,given_orphan,720,6,6,,,,,,,,8,,3,,FALSE,,FALSE,4,,20260507_145347_unknown_allT_DP_MB_ME_g5_sm0p5_kg0_ks0_rcpp
sp3,27,3,,3,,1989-12-13,"","",palm,all,0.0381571271145179,0.372624469424891,0.406738340860665,0.00773303781512013,0.0620795782771553,-0.0203753924797626,1.4564596855136,1.07130403370132,25.9999,0.0638624477390889,-0.5,0,5,3.51132224183,0,given_orphan,720,6,6,,,,,,,,13,,3,,FALSE,,FALSE,4,,20260507_145347_unknown_allT_DP_MB_ME_g5_sm0p5_kg0_ks0_rcpp
sp3,27,3,,4,,1994-10-31,"","",palm,all,0.0381571271145179,0.372624469424891,0.406738340860665,0.00773303781512013,0.0620795782771553,-0.0203753924797626,1.4564596855136,1.07130403370132,25.9999,0.0638624477390889,-0.5,0,5,3.51132224183,0,given_orphan,720,6,6,,,,,,,,18,,3,,FALSE,,FALSE,4,,20260507_145347_unknown_allT_DP_MB_ME_g5_sm0p5_kg0_ks0_rcpp
sp3,27,3,,5,,1999-12-22,"","",palm,all,0.0381571271145179,0.372624469424891,0.406738340860665,0.00773303781512013,0.0620795782771553,-0.0203753924797626,1.4564596855136,1.07130403370132,25.9999,0.0638624477390889,-0.5,0,5,3.51132224183,0,given_orphan,720,6,6,,,,,,,,23,,3,,FALSE,,FALSE,4,,20260507_145347_unknown_allT_DP_MB_ME_g5_sm0p5_kg0_ks0_rcpp
sp3,27,3,,6,0.434162886956018,2004-12-25,"","",palm,all,0.0381571271145179,0.372624469424891,0.406738340860665,0.00773303781512013,0.0620795782771553,-0.0203753924797626,1.4564596855136,1.07130403370132,25.9999,0.0638624477390889,-0.5,0,5,3.51132224183,0,dp,720,6,6,3,0.908800886920272,6,0.0911991130797281,0.30530338967944,0.908800886920272,0.0911991130797281,28,,3,,FALSE,3,FALSE,4,ambiguous,20260507_145347_unknown_allT_DP_MB_ME_g5_sm0p5_kg0_ks0_rcpp
sp3,27,3,3,7,3.62875045343686,2009-11-01,"","",palm,all,0.0381571271145179,0.372624469424891,0.406738340860665,0.00773303781512013,0.0620795782771553,-0.0203753924797626,1.4564596855136,1.07130403370132,25.9999,0.0638624477390889,-0.5,0,5,3.51132224183,0,given,720,6,6,3,1,1,0,0,1,0,33,,3,,FALSE,3,FALSE,4,confident,20260507_145347_unknown_allT_DP_MB_ME_g5_sm0p5_kg0_ks0_rcpp
sp3,27,3,3,8,9.60868537964604,2015-01-16,"","",palm,all,0.0381571271145179,0.372624469424891,0.406738340860665,0.00773303781512013,0.0620795782771553,-0.0203753924797626,1.4564596855136,1.07130403370132,25.9999,0.0638624477390889,-0.5,0,5,3.51132224183,0,given,,,,,,,,,,,38,,3,,FALSE,3,FALSE,4,,20260507_145347_unknown_allT_DP_MB_ME_g5_sm0p5_kg0_ks0_rcpp
sp3,27,3,3,9,12.1402966329103,2019-12-13,"","",palm,all,0.0381571271145179,0.372624469424891,0.406738340860665,0.00773303781512013,0.0620795782771553,-0.0203753924797626,1.4564596855136,1.07130403370132,25.9999,0.0638624477390889,-0.5,0,5,3.51132224183,0,given,,,,,,,,,,,43,,3,,FALSE,3,FALSE,4,,20260507_145347_unknown_allT_DP_MB_ME_g5_sm0p5_kg0_ks0_rcpp
sp3,27,4,,1,6.90036954679171,1980-01-01,"","",palm,all,0.0381571271145179,0.372624469424891,0.406738340860665,0.00773303781512013,0.0620795782771553,-0.0203753924797626,1.4564596855136,1.07130403370132,25.9999,0.0638624477390889,-0.5,0,5,3.51132224183,0,dp,720,6,6,5,0.329262669677761,4,0.32925462127277,1.15130604303268,0.329262669677761,0.0122251550988406,4,,5,,FALSE,5,FALSE,4,ambiguous,20260507_145347_unknown_allT_DP_MB_ME_g5_sm0p5_kg0_ks0_rcpp
sp3,27,4,,2,15.6756769356745,1985-01-05,"","",palm,all,0.0381571271145179,0.372624469424891,0.406738340860665,0.00773303781512013,0.0620795782771553,-0.0203753924797626,1.4564596855136,1.07130403370132,25.9999,0.0638624477390889,-0.5,0,5,3.51132224183,0,dp,720,6,6,5,0.333086157695629,4,0.332524334466872,1.1132909031382,0.332524334466872,0.00246780986233946,9,,4,,FALSE,4,FALSE,4,ambiguous,20260507_145347_unknown_allT_DP_MB_ME_g5_sm0p5_kg0_ks0_rcpp
sp3,27,4,,3,19.8763262950869,1989-12-13,"","",palm,all,0.0381571271145179,0.372624469424891,0.406738340860665,0.00773303781512013,0.0620795782771553,-0.0203753924797626,1.4564596855136,1.07130403370132,25.9999,0.0638624477390889,-0.5,0,5,3.51132224183,0,dp,720,6,6,1,0.353939903341314,4,0.332736373294708,1.09785988653489,0.353939903341314,4.97905742499732e-05,14,,1,,FALSE,1,FALSE,4,ambiguous,20260507_145347_unknown_allT_DP_MB_ME_g5_sm0p5_kg0_ks0_rcpp
sp3,27,4,,4,27.2827756885838,1994-10-31,"","",palm,all,0.0381571271145179,0.372624469424891,0.406738340860665,0.00773303781512013,0.0620795782771553,-0.0203753924797626,1.4564596855136,1.07130403370132,25.9999,0.0638624477390889,-0.5,0,5,3.51132224183,0,dp,720,6,6,1,0.341817281224943,4,0.333096087945076,1.09840227867836,0.333096087945076,0,19,,4,,FALSE,4,FALSE,4,ambiguous,20260507_145347_unknown_allT_DP_MB_ME_g5_sm0p5_kg0_ks0_rcpp
sp3,27,4,,5,36.6134424796835,1999-12-22,"","",palm,all,0.0381571271145179,0.372624469424891,0.406738340860665,0.00773303781512013,0.0620795782771553,-0.0203753924797626,1.4564596855136,1.07130403370132,25.9999,0.0638624477390889,-0.5,0,5,3.51132224183,0,dp,720,6,6,1,0.356018323291263,4,0.332712954643837,1.09710979692119,0.332712954643837,0,24,,4,,FALSE,4,FALSE,4,ambiguous,20260507_145347_unknown_allT_DP_MB_ME_g5_sm0p5_kg0_ks0_rcpp
sp3,27,4,,6,40.0981646695913,2004-12-25,"","",palm,all,0.0381571271145179,0.372624469424891,0.406738340860665,0.00773303781512013,0.0620795782771553,-0.0203753924797626,1.4564596855136,1.07130403370132,25.9999,0.0638624477390889,-0.5,0,5,3.51132224183,0,dp,720,6,6,1,0.453040376136529,4,0.33353091222178,1.05455961143269,0.33353091222178,0,29,,4,,FALSE,4,FALSE,4,ambiguous,20260507_145347_unknown_allT_DP_MB_ME_g5_sm0p5_kg0_ks0_rcpp
sp3,27,4,4,7,46.0275292473827,2009-11-01,"","",palm,all,0.0381571271145179,0.372624469424891,0.406738340860665,0.00773303781512013,0.0620795782771553,-0.0203753924797626,1.4564596855136,1.07130403370132,25.9999,0.0638624477390889,-0.5,0,5,3.51132224183,0,given,720,6,6,4,1,1,0,0,1,0,34,,4,,FALSE,4,FALSE,4,confident,20260507_145347_unknown_allT_DP_MB_ME_g5_sm0p5_kg0_ks0_rcpp
sp3,27,4,4,8,52.5915929492319,2015-01-16,"","",palm,all,0.0381571271145179,0.372624469424891,0.406738340860665,0.00773303781512013,0.0620795782771553,-0.0203753924797626,1.4564596855136,1.07130403370132,25.9999,0.0638624477390889,-0.5,0,5,3.51132224183,0,given,,,,,,,,,,,39,,4,,FALSE,4,FALSE,4,,20260507_145347_unknown_allT_DP_MB_ME_g5_sm0p5_kg0_ks0_rcpp
sp3,27,4,4,9,52.5915929492319,2019-12-13,"","",palm,all,0.0381571271145179,0.372624469424891,0.406738340860665,0.00773303781512013,0.0620795782771553,-0.0203753924797626,1.4564596855136,1.07130403370132,25.9999,0.0638624477390889,-0.5,0,5,3.51132224183,0,given,,,,,,,,,,,44,,4,,FALSE,4,FALSE,4,,20260507_145347_unknown_allT_DP_MB_ME_g5_sm0p5_kg0_ks0_rcpp
sp3,27,5,,1,8.47646097987494,1980-01-01,"","",palm,all,0.0381571271145179,0.372624469424891,0.406738340860665,0.00773303781512013,0.0620795782771553,-0.0203753924797626,1.4564596855136,1.07130403370132,25.9999,0.0638624477390889,-0.5,0,5,3.51132224183,0,dp,720,6,6,1,0.331716993700605,4,0.331637387926354,1.12502197284911,0.331637387926354,0.00506950591033821,5,,4,,FALSE,4,FALSE,4,ambiguous,20260507_145347_unknown_allT_DP_MB_ME_g5_sm0p5_kg0_ks0_rcpp
sp3,27,5,,2,16.1056543620492,1985-01-05,"","",palm,all,0.0381571271145179,0.372624469424891,0.406738340860665,0.00773303781512013,0.0620795782771553,-0.0203753924797626,1.4564596855136,1.07130403370132,25.9999,0.0638624477390889,-0.5,0,5,3.51132224183,0,dp,720,6,6,1,0.334092740518208,4,0.332356201565916,1.11481531331706,0.334092740518208,0.00277520580110469,10,,1,,FALSE,1,FALSE,4,ambiguous,20260507_145347_unknown_allT_DP_MB_ME_g5_sm0p5_kg0_ks0_rcpp
sp3,27,5,,3,16.1056543620492,1989-12-13,"","",palm,all,0.0381571271145179,0.372624469424891,0.406738340860665,0.00773303781512013,0.0620795782771553,-0.0203753924797626,1.4564596855136,1.07130403370132,25.9999,0.0638624477390889,-0.5,0,5,3.51132224183,0,dp,720,6,6,5,0.357701504427405,4,0.333854513030086,1.10094133096159,0.357701504427405,0.000569302196583138,15,,5,,FALSE,5,FALSE,4,ambiguous,20260507_145347_unknown_allT_DP_MB_ME_g5_sm0p5_kg0_ks0_rcpp
sp3,27,5,,4,25.2754077350492,1994-10-31,"","",palm,all,0.0381571271145179,0.372624469424891,0.406738340860665,0.00773303781512013,0.0620795782771553,-0.0203753924797626,1.4564596855136,1.07130403370132,25.9999,0.0638624477390889,-0.5,0,5,3.51132224183,0,dp,720,6,6,5,0.392911396662402,4,0.335057752951163,1.08755676972059,0.392911396662402,0,20,,5,,FALSE,5,FALSE,4,ambiguous,20260507_145347_unknown_allT_DP_MB_ME_g5_sm0p5_kg0_ks0_rcpp
sp3,27,5,,5,33.7418182468595,1999-12-22,"","",palm,all,0.0381571271145179,0.372624469424891,0.406738340860665,0.00773303781512013,0.0620795782771553,-0.0203753924797626,1.4564596855136,1.07130403370132,25.9999,0.0638624477390889,-0.5,0,5,3.51132224183,0,dp,720,6,6,5,0.478601160651162,4,0.337533267172034,1.03065281933,0.478601160651162,0,25,,5,,FALSE,5,FALSE,4,ambiguous,20260507_145347_unknown_allT_DP_MB_ME_g5_sm0p5_kg0_ks0_rcpp
sp3,27,5,,6,35.1566242667003,2004-12-25,"","",palm,all,0.0381571271145179,0.372624469424891,0.406738340860665,0.00773303781512013,0.0620795782771553,-0.0203753924797626,1.4564596855136,1.07130403370132,25.9999,0.0638624477390889,-0.5,0,5,3.51132224183,0,dp,720,6,6,5,0.57968279141998,4,0.340427204182085,0.884805168302622,0.57968279141998,0,30,,5,,FALSE,5,FALSE,4,ambiguous,20260507_145347_unknown_allT_DP_MB_ME_g5_sm0p5_kg0_ks0_rcpp
sp3,27,5,5,7,44.7980261704131,2009-11-01,"","",palm,all,0.0381571271145179,0.372624469424891,0.406738340860665,0.00773303781512013,0.0620795782771553,-0.0203753924797626,1.4564596855136,1.07130403370132,25.9999,0.0638624477390889,-0.5,0,5,3.51132224183,0,given,720,6,6,5,1,1,0,0,1,0,35,,5,,FALSE,5,FALSE,4,confident,20260507_145347_unknown_allT_DP_MB_ME_g5_sm0p5_kg0_ks0_rcpp
sp3,27,5,5,8,47.0286788093554,2015-01-16,"","",palm,all,0.0381571271145179,0.372624469424891,0.406738340860665,0.00773303781512013,0.0620795782771553,-0.0203753924797626,1.4564596855136,1.07130403370132,25.9999,0.0638624477390889,-0.5,0,5,3.51132224183,0,given,,,,,,,,,,,40,,5,,FALSE,5,FALSE,4,,20260507_145347_unknown_allT_DP_MB_ME_g5_sm0p5_kg0_ks0_rcpp
sp3,27,5,5,9,47.5202583267807,2019-12-13,"","",palm,all,0.0381571271145179,0.372624469424891,0.406738340860665,0.00773303781512013,0.0620795782771553,-0.0203753924797626,1.4564596855136,1.07130403370132,25.9999,0.0638624477390889,-0.5,0,5,3.51132224183,0,given,,,,,,,,,,,45,,5,,FALSE,5,FALSE,4,,20260507_145347_unknown_allT_DP_MB_ME_g5_sm0p5_kg0_ks0_rcpp
sp3,28,1,,1,,1980-01-01,"","",palm,all,0.0381571271145179,0.372624469424891,0.406738340860665,0.00773303781512013,0.0620795782771553,-0.0203753924797626,1.4564596855136,1.07130403370132,25.9999,0.0638624477390889,-0.5,0,5,3.51132224183,0,given_orphan,120,2,5,,,,,,,,1,,1,,FALSE,,FALSE,4,,20260507_145347_unknown_allT_DP_MB_ME_g5_sm0p5_kg0_ks0_rcpp
sp3,28,1,,2,0.970392171492931,1985-02-07,"","",palm,all,0.0381571271145179,0.372624469424891,0.406738340860665,0.00773303781512013,0.0620795782771553,-0.0203753924797626,1.4564596855136,1.07130403370132,25.9999,0.0638624477390889,-0.5,0,5,3.51132224183,0,dp,120,2,5,4,0.473434244003758,1,0.471345051337811,0.906779488428855,0.473434244003758,0.0552182622609737,5,,4,,FALSE,4,FALSE,4,ambiguous,20260507_145347_unknown_allT_DP_MB_ME_g5_sm0p5_kg0_ks0_rcpp
sp3,28,1,,3,0.970392171492931,1990-03-23,"","",palm,all,0.0381571271145179,0.372624469424891,0.406738340860665,0.00773303781512013,0.0620795782771553,-0.0203753924797626,1.4564596855136,1.07130403370132,25.9999,0.0638624477390889,-0.5,0,5,3.51132224183,0,dp,120,2,5,4,0.479492406410011,1,0.477405312197233,0.870826983719743,0.477405312197233,0.043102204668053,9,,1,,FALSE,1,FALSE,4,ambiguous,20260507_145347_unknown_allT_DP_MB_ME_g5_sm0p5_kg0_ks0_rcpp
sp3,28,1,,4,3.42285291322431,1995-07-16,"","",palm,all,0.0381571271145179,0.372624469424891,0.406738340860665,0.00773303781512013,0.0620795782771553,-0.0203753924797626,1.4564596855136,1.07130403370132,25.9999,0.0638624477390889,-0.5,0,5,3.51132224183,0,dp,120,2,5,4,0.488634728212577,1,0.486669382083494,0.808936018054171,0.486669382083494,0.0246958897039291,13,,1,,FALSE,1,FALSE,4,ambiguous,20260507_145347_unknown_allT_DP_MB_ME_g5_sm0p5_kg0_ks0_rcpp
sp3,28,1,,5,10.0812533683704,2000-08-06,"","",palm,all,0.0381571271145179,0.372624469424891,0.406738340860665,0.00773303781512013,0.0620795782771553,-0.0203753924797626,1.4564596855136,1.07130403370132,25.9999,0.0638624477390889,-0.5,0,5,3.51132224183,0,dp,120,2,5,1,0.504980009258234,4,0.486264885124122,0.743169888363565,0.504980009258234,0.00875510561764472,17,,1,,FALSE,1,FALSE,4,ambiguous,20260507_145347_unknown_allT_DP_MB_ME_g5_sm0p5_kg0_ks0_rcpp
sp3,28,1,,6,10.0812533683704,2005-06-19,"","",palm,all,0.0381571271145179,0.372624469424891,0.406738340860665,0.00773303781512013,0.0620795782771553,-0.0203753924797626,1.4564596855136,1.07130403370132,25.9999,0.0638624477390889,-0.5,0,5,3.51132224183,0,dp,120,2,5,1,0.704973617261619,4,0.293439202552811,0.617567318482626,0.704973617261619,0.00158718018557042,21,,1,,FALSE,1,FALSE,4,ambiguous,20260507_145347_unknown_allT_DP_MB_ME_g5_sm0p5_kg0_ks0_rcpp
sp3,28,1,1,7,16.1091312411969,2010-06-13,"","",palm,all,0.0381571271145179,0.372624469424891,0.406738340860665,0.00773303781512013,0.0620795782771553,-0.0203753924797626,1.4564596855136,1.07130403370132,25.9999,0.0638624477390889,-0.5,0,5,3.51132224183,0,given,120,2,5,1,1,3,0,0,1,0,25,,1,,FALSE,1,FALSE,4,confident,20260507_145347_unknown_allT_DP_MB_ME_g5_sm0p5_kg0_ks0_rcpp
sp3,28,1,1,8,27.2955360269852,2015-07-15,"","",palm,all,0.0381571271145179,0.372624469424891,0.406738340860665,0.00773303781512013,0.0620795782771553,-0.0203753924797626,1.4564596855136,1.07130403370132,25.9999,0.0638624477390889,-0.5,0,5,3.51132224183,0,given,,,,,,,,,,,29,,1,,FALSE,1,FALSE,4,,20260507_145347_unknown_allT_DP_MB_ME_g5_sm0p5_kg0_ks0_rcpp
sp3,28,1,1,9,27.2955360269852,2020-09-20,"","",palm,all,0.0381571271145179,0.372624469424891,0.406738340860665,0.00773303781512013,0.0620795782771553,-0.0203753924797626,1.4564596855136,1.07130403370132,25.9999,0.0638624477390889,-0.5,0,5,3.51132224183,0,given,,,,,,,,,,,33,,1,,FALSE,1,FALSE,4,,20260507_145347_unknown_allT_DP_MB_ME_g5_sm0p5_kg0_ks0_rcpp
sp3,28,2,,1,23.8409423313238,1980-01-01,"","",palm,all,0.0381571271145179,0.372624469424891,0.406738340860665,0.00773303781512013,0.0620795782771553,-0.0203753924797626,1.4564596855136,1.07130403370132,25.9999,0.0638624477390889,-0.5,0,5,3.51132224183,0,dp,120,2,5,5,0.499927052181309,6,0.499927052181307,0.694480578983734,0.499927052181309,0.999854104362616,2,,5,,FALSE,5,FALSE,4,unlinked-likely,20260507_145347_unknown_allT_DP_MB_ME_g5_sm0p5_kg0_ks0_rcpp
sp3,28,2,,2,35.0773099519826,1985-02-07,"","",palm,all,0.0381571271145179,0.372624469424891,0.406738340860665,0.00773303781512013,0.0620795782771553,-0.0203753924797626,1.4564596855136,1.07130403370132,25.9999,0.0638624477390889,-0.5,0,5,3.51132224183,0,dp,120,2,5,5,0.500000000000001,6,0.499999999999999,0.693147180559945,0.500000000000001,1,6,,5,,FALSE,5,FALSE,4,unlinked-likely,20260507_145347_unknown_allT_DP_MB_ME_g5_sm0p5_kg0_ks0_rcpp
sp3,28,2,,3,37.2313544393063,1990-03-23,"","",palm,all,0.0381571271145179,0.372624469424891,0.406738340860665,0.00773303781512013,0.0620795782771553,-0.0203753924797626,1.4564596855136,1.07130403370132,25.9999,0.0638624477390889,-0.5,0,5,3.51132224183,0,dp,120,2,5,5,0.5,6,0.5,0.693147180559945,0.5,1,10,,5,,FALSE,5,FALSE,4,unlinked-likely,20260507_145347_unknown_allT_DP_MB_ME_g5_sm0p5_kg0_ks0_rcpp
sp3,28,2,,4,48.7765071196239,1995-07-16,"","",palm,all,0.0381571271145179,0.372624469424891,0.406738340860665,0.00773303781512013,0.0620795782771553,-0.0203753924797626,1.4564596855136,1.07130403370132,25.9999,0.0638624477390889,-0.5,0,5,3.51132224183,0,dp,120,2,5,6,0.5,5,0.5,0.693147180559945,0.5,1,14,,5,,FALSE,5,FALSE,4,unlinked-likely,20260507_145347_unknown_allT_DP_MB_ME_g5_sm0p5_kg0_ks0_rcpp
sp3,28,2,,5,56.4010103102125,2000-08-06,"","",palm,all,0.0381571271145179,0.372624469424891,0.406738340860665,0.00773303781512013,0.0620795782771553,-0.0203753924797626,1.4564596855136,1.07130403370132,25.9999,0.0638624477390889,-0.5,0,5,3.51132224183,0,dp,120,2,5,5,0.500000000000002,6,0.499999999999998,0.693147180559945,0.500000000000002,1,18,,5,,FALSE,5,FALSE,4,unlinked-likely,20260507_145347_unknown_allT_DP_MB_ME_g5_sm0p5_kg0_ks0_rcpp
sp3,28,2,,6,66.0045280317812,2005-06-19,"","",palm,all,0.0381571271145179,0.372624469424891,0.406738340860665,0.00773303781512013,0.0620795782771553,-0.0203753924797626,1.4564596855136,1.07130403370132,25.9999,0.0638624477390889,-0.5,0,5,3.51132224183,0,dp,120,2,5,5,0.500000000000002,6,0.499999999999998,0.693147180559945,0.500000000000002,1,22,,5,,FALSE,5,FALSE,4,unlinked-likely,20260507_145347_unknown_allT_DP_MB_ME_g5_sm0p5_kg0_ks0_rcpp
sp3,28,2,2,7,,2010-06-13,"","",palm,all,0.0381571271145179,0.372624469424891,0.406738340860665,0.00773303781512013,0.0620795782771553,-0.0203753924797626,1.4564596855136,1.07130403370132,25.9999,0.0638624477390889,-0.5,0,5,3.51132224183,0,given,120,2,5,,,,,,,,26,,2,,FALSE,2,FALSE,4,,20260507_145347_unknown_allT_DP_MB_ME_g5_sm0p5_kg0_ks0_rcpp
sp3,28,2,2,8,,2015-07-15,"","",palm,all,0.0381571271145179,0.372624469424891,0.406738340860665,0.00773303781512013,0.0620795782771553,-0.0203753924797626,1.4564596855136,1.07130403370132,25.9999,0.0638624477390889,-0.5,0,5,3.51132224183,0,given,,,,,,,,,,,30,,2,,FALSE,2,FALSE,4,,20260507_145347_unknown_allT_DP_MB_ME_g5_sm0p5_kg0_ks0_rcpp
sp3,28,2,2,9,,2020-09-20,"","",palm,all,0.0381571271145179,0.372624469424891,0.406738340860665,0.00773303781512013,0.0620795782771553,-0.0203753924797626,1.4564596855136,1.07130403370132,25.9999,0.0638624477390889,-0.5,0,5,3.51132224183,0,given,,,,,,,,,,,34,,2,,FALSE,2,FALSE,4,,20260507_145347_unknown_allT_DP_MB_ME_g5_sm0p5_kg0_ks0_rcpp
sp3,28,3,,1,14.3130035967026,1980-01-01,"","",palm,all,0.0381571271145179,0.372624469424891,0.406738340860665,0.00773303781512013,0.0620795782771553,-0.0203753924797626,1.4564596855136,1.07130403370132,25.9999,0.0638624477390889,-0.5,0,5,3.51132224183,0,dp,120,2,5,3,0.994788467090476,5,0.00260576645476207,0.0362066981561438,0.994788467090476,0.00521153290952413,3,,3,,FALSE,3,FALSE,4,confident,20260507_145347_unknown_allT_DP_MB_ME_g5_sm0p5_kg0_ks0_rcpp
sp3,28,3,,2,21.6227208806775,1985-02-07,"","",palm,all,0.0381571271145179,0.372624469424891,0.406738340860665,0.00773303781512013,0.0620795782771553,-0.0203753924797626,1.4564596855136,1.07130403370132,25.9999,0.0638624477390889,-0.5,0,5,3.51132224183,0,dp,120,2,5,3,0.995657471097716,5,0.00217126445114174,0.0309634086391599,0.995657471097716,0.00434252890228347,7,,3,,FALSE,3,FALSE,4,confident,20260507_145347_unknown_allT_DP_MB_ME_g5_sm0p5_kg0_ks0_rcpp
sp3,28,3,,3,21.6227208806775,1990-03-23,"","",palm,all,0.0381571271145179,0.372624469424891,0.406738340860665,0.00773303781512013,0.0620795782771553,-0.0203753924797626,1.4564596855136,1.07130403370132,25.9999,0.0638624477390889,-0.5,0,5,3.51132224183,0,dp,120,2,5,3,0.999427731678449,5,0.000286134160775794,0.00524127025841257,0.999427731678449,0.000572268321551588,11,,3,,FALSE,3,FALSE,4,confident,20260507_145347_unknown_allT_DP_MB_ME_g5_sm0p5_kg0_ks0_rcpp
sp3,28,3,,4,25.1691947701955,1995-07-16,"","",palm,all,0.0381571271145179,0.372624469424891,0.406738340860665,0.00773303781512013,0.0620795782771553,-0.0203753924797626,1.4564596855136,1.07130403370132,25.9999,0.0638624477390889,-0.5,0,5,3.51132224183,0,dp,120,2,5,3,1,1,0,0,1,0,15,,3,,FALSE,3,FALSE,4,confident,20260507_145347_unknown_allT_DP_MB_ME_g5_sm0p5_kg0_ks0_rcpp
sp3,28,3,,5,39.4582437580817,2000-08-06,"","",palm,all,0.0381571271145179,0.372624469424891,0.406738340860665,0.00773303781512013,0.0620795782771553,-0.0203753924797626,1.4564596855136,1.07130403370132,25.9999,0.0638624477390889,-0.5,0,5,3.51132224183,0,dp,120,2,5,3,1,1,0,0,1,0,19,,3,,FALSE,3,FALSE,4,confident,20260507_145347_unknown_allT_DP_MB_ME_g5_sm0p5_kg0_ks0_rcpp
sp3,28,3,,6,47.8094303776123,2005-06-19,"","",palm,all,0.0381571271145179,0.372624469424891,0.406738340860665,0.00773303781512013,0.0620795782771553,-0.0203753924797626,1.4564596855136,1.07130403370132,25.9999,0.0638624477390889,-0.5,0,5,3.51132224183,0,dp,120,2,5,3,1,1,0,0,1,0,23,,3,,FALSE,3,FALSE,4,confident,20260507_145347_unknown_allT_DP_MB_ME_g5_sm0p5_kg0_ks0_rcpp
sp3,28,3,3,7,51.7936059526842,2010-06-13,"","",palm,all,0.0381571271145179,0.372624469424891,0.406738340860665,0.00773303781512013,0.0620795782771553,-0.0203753924797626,1.4564596855136,1.07130403370132,25.9999,0.0638624477390889,-0.5,0,5,3.51132224183,0,given,120,2,5,3,1,1,0,0,1,0,27,,3,,FALSE,3,FALSE,4,confident,20260507_145347_unknown_allT_DP_MB_ME_g5_sm0p5_kg0_ks0_rcpp
sp3,28,3,3,8,63.0028505472876,2015-07-15,"","",palm,all,0.0381571271145179,0.372624469424891,0.406738340860665,0.00773303781512013,0.0620795782771553,-0.0203753924797626,1.4564596855136,1.07130403370132,25.9999,0.0638624477390889,-0.5,0,5,3.51132224183,0,given,,,,,,,,,,,31,,3,,FALSE,3,FALSE,4,,20260507_145347_unknown_allT_DP_MB_ME_g5_sm0p5_kg0_ks0_rcpp
sp3,28,3,3,9,,2020-09-20,"","",palm,all,0.0381571271145179,0.372624469424891,0.406738340860665,0.00773303781512013,0.0620795782771553,-0.0203753924797626,1.4564596855136,1.07130403370132,25.9999,0.0638624477390889,-0.5,0,5,3.51132224183,0,given,,,,,,,,,,,35,,3,,FALSE,3,FALSE,4,,20260507_145347_unknown_allT_DP_MB_ME_g5_sm0p5_kg0_ks0_rcpp
sp3,28,4,,1,,1980-01-01,"","",palm,all,0.0381571271145179,0.372624469424891,0.406738340860665,0.00773303781512013,0.0620795782771553,-0.0203753924797626,1.4564596855136,1.07130403370132,25.9999,0.0638624477390889,-0.5,0,5,3.51132224183,0,given_orphan,120,2,5,,,,,,,,4,,4,,FALSE,,FALSE,4,,20260507_145347_unknown_allT_DP_MB_ME_g5_sm0p5_kg0_ks0_rcpp
sp3,28,4,,2,0.640517904758424,1985-02-07,"","",palm,all,0.0381571271145179,0.372624469424891,0.406738340860665,0.00773303781512013,0.0620795782771553,-0.0203753924797626,1.4564596855136,1.07130403370132,25.9999,0.0638624477390889,-0.5,0,5,3.51132224183,0,dp,120,2,5,4,0.472167870330248,1,0.470078835176476,0.913900478213617,0.470078835176476,0.0577518990843546,8,,1,,FALSE,1,FALSE,4,ambiguous,20260507_145347_unknown_allT_DP_MB_ME_g5_sm0p5_kg0_ks0_rcpp
sp3,28,4,,3,1.30263994719677,1990-03-23,"","",palm,all,0.0381571271145179,0.372624469424891,0.406738340860665,0.00773303781512013,0.0620795782771553,-0.0203753924797626,1.4564596855136,1.07130403370132,25.9999,0.0638624477390889,-0.5,0,5,3.51132224183,0,dp,120,2,5,4,0.482462554348939,1,0.480371417501425,0.851976786971306,0.482462554348939,0.0371659313309417,12,,4,,FALSE,4,FALSE,4,ambiguous,20260507_145347_unknown_allT_DP_MB_ME_g5_sm0p5_kg0_ks0_rcpp
sp3,28,4,,4,3.61353310594797,1995-07-16,"","",palm,all,0.0381571271145179,0.372624469424891,0.406738340860665,0.00773303781512013,0.0620795782771553,-0.0203753924797626,1.4564596855136,1.07130403370132,25.9999,0.0638624477390889,-0.5,0,5,3.51132224183,0,dp,120,2,5,4,0.490299256106802,1,0.488086316354935,0.79740204887754,0.490299256106802,0.0216144275382628,16,,4,,FALSE,4,FALSE,4,ambiguous,20260507_145347_unknown_allT_DP_MB_ME_g5_sm0p5_kg0_ks0_rcpp
sp3,28,4,,5,10.4290351098781,2000-08-06,"","",palm,all,0.0381571271145179,0.372624469424891,0.406738340860665,0.00773303781512013,0.0620795782771553,-0.0203753924797626,1.4564596855136,1.07130403370132,25.9999,0.0638624477390889,-0.5,0,5,3.51132224183,0,dp,120,2,5,4,0.506370880482595,1,0.48342002341282,0.749841232231089,0.506370880482595,0.0102090961045851,20,,4,,FALSE,4,FALSE,4,ambiguous,20260507_145347_unknown_allT_DP_MB_ME_g5_sm0p5_kg0_ks0_rcpp
sp3,28,4,,6,12.1808692640864,2005-06-19,"","",palm,all,0.0381571271145179,0.372624469424891,0.406738340860665,0.00773303781512013,0.0620795782771553,-0.0203753924797626,1.4564596855136,1.07130403370132,25.9999,0.0638624477390889,-0.5,0,5,3.51132224183,0,dp,120,2,5,4,0.705233755040416,1,0.293830663423785,0.613329089811422,0.705233755040416,0.000935581535799076,24,,4,,FALSE,4,FALSE,4,ambiguous,20260507_145347_unknown_allT_DP_MB_ME_g5_sm0p5_kg0_ks0_rcpp
sp3,28,4,4,7,18.3563240352759,2010-06-13,"","",palm,all,0.0381571271145179,0.372624469424891,0.406738340860665,0.00773303781512013,0.0620795782771553,-0.0203753924797626,1.4564596855136,1.07130403370132,25.9999,0.0638624477390889,-0.5,0,5,3.51132224183,0,given,120,2,5,4,1,1,0,0,1,0,28,,4,,FALSE,4,FALSE,4,confident,20260507_145347_unknown_allT_DP_MB_ME_g5_sm0p5_kg0_ks0_rcpp
sp3,28,4,4,8,23.427671706527,2015-07-15,"","",palm,all,0.0381571271145179,0.372624469424891,0.406738340860665,0.00773303781512013,0.0620795782771553,-0.0203753924797626,1.4564596855136,1.07130403370132,25.9999,0.0638624477390889,-0.5,0,5,3.51132224183,0,given,,,,,,,,,,,32,,4,,FALSE,4,FALSE,4,,20260507_145347_unknown_allT_DP_MB_ME_g5_sm0p5_kg0_ks0_rcpp
sp3,28,4,4,9,24.1351274061508,2020-09-20,"","",palm,all,0.0381571271145179,0.372624469424891,0.406738340860665,0.00773303781512013,0.0620795782771553,-0.0203753924797626,1.4564596855136,1.07130403370132,25.9999,0.0638624477390889,-0.5,0,5,3.51132224183,0,given,,,,,,,,,,,36,,4,,FALSE,4,FALSE,4,,20260507_145347_unknown_allT_DP_MB_ME_g5_sm0p5_kg0_ks0_rcpp
sp3,29,1,,1,13.4203716900837,1980-01-01,"","",palm,all,0.0381571271145179,0.372624469424891,0.406738340860665,0.00773303781512013,0.0620795782771553,-0.0203753924797626,1.4564596855136,1.07130403370132,25.9999,0.0638624477390889,-0.5,0,5,3.51132224183,0,dp,2,1,2,3,1,2,0,0,1,1,1,,3,,FALSE,3,FALSE,5,unlinked-likely,20260507_145347_unknown_allT_DP_MB_ME_g5_sm0p5_kg0_ks0_rcpp
sp3,29,1,,2,21.2289584718882,1984-11-08,"","",palm,all,0.0381571271145179,0.372624469424891,0.406738340860665,0.00773303781512013,0.0620795782771553,-0.0203753924797626,1.4564596855136,1.07130403370132,25.9999,0.0638624477390889,-0.5,0,5,3.51132224183,0,dp,2,1,2,3,1,2,0,0,1,1,3,,3,,FALSE,3,FALSE,5,unlinked-likely,20260507_145347_unknown_allT_DP_MB_ME_g5_sm0p5_kg0_ks0_rcpp
sp3,29,1,,3,,1989-09-18,"","",palm,all,0.0381571271145179,0.372624469424891,0.406738340860665,0.00773303781512013,0.0620795782771553,-0.0203753924797626,1.4564596855136,1.07130403370132,25.9999,0.0638624477390889,-0.5,0,5,3.51132224183,0,given_orphan,2,1,2,,,,,,,,5,,1,,FALSE,,FALSE,5,,20260507_145347_unknown_allT_DP_MB_ME_g5_sm0p5_kg0_ks0_rcpp
sp3,29,1,,4,,1994-10-21,"","",palm,all,0.0381571271145179,0.372624469424891,0.406738340860665,0.00773303781512013,0.0620795782771553,-0.0203753924797626,1.4564596855136,1.07130403370132,25.9999,0.0638624477390889,-0.5,0,5,3.51132224183,0,given_orphan,2,1,2,,,,,,,,7,,1,,FALSE,,FALSE,5,,20260507_145347_unknown_allT_DP_MB_ME_g5_sm0p5_kg0_ks0_rcpp
sp3,29,1,,5,,1999-10-23,"","",palm,all,0.0381571271145179,0.372624469424891,0.406738340860665,0.00773303781512013,0.0620795782771553,-0.0203753924797626,1.4564596855136,1.07130403370132,25.9999,0.0638624477390889,-0.5,0,5,3.51132224183,0,given_orphan,2,1,2,,,,,,,,9,,1,,FALSE,,FALSE,5,,20260507_145347_unknown_allT_DP_MB_ME_g5_sm0p5_kg0_ks0_rcpp
sp3,29,1,,6,,2004-11-30,"","",palm,all,0.0381571271145179,0.372624469424891,0.406738340860665,0.00773303781512013,0.0620795782771553,-0.0203753924797626,1.4564596855136,1.07130403370132,25.9999,0.0638624477390889,-0.5,0,5,3.51132224183,0,given_orphan,2,1,2,,,,,,,,11,,1,,FALSE,,FALSE,5,,20260507_145347_unknown_allT_DP_MB_ME_g5_sm0p5_kg0_ks0_rcpp
sp3,29,1,1,7,,2009-12-28,"","",palm,all,0.0381571271145179,0.372624469424891,0.406738340860665,0.00773303781512013,0.0620795782771553,-0.0203753924797626,1.4564596855136,1.07130403370132,25.9999,0.0638624477390889,-0.5,0,5,3.51132224183,0,given,2,1,2,,,,,,,,13,,1,,FALSE,1,FALSE,5,,20260507_145347_unknown_allT_DP_MB_ME_g5_sm0p5_kg0_ks0_rcpp
sp3,29,1,1,8,,2014-12-03,"","",palm,all,0.0381571271145179,0.372624469424891,0.406738340860665,0.00773303781512013,0.0620795782771553,-0.0203753924797626,1.4564596855136,1.07130403370132,25.9999,0.0638624477390889,-0.5,0,5,3.51132224183,0,given,,,,,,,,,,,15,,1,,FALSE,1,FALSE,5,,20260507_145347_unknown_allT_DP_MB_ME_g5_sm0p5_kg0_ks0_rcpp
sp3,29,1,1,9,,2020-01-06,"","",palm,all,0.0381571271145179,0.372624469424891,0.406738340860665,0.00773303781512013,0.0620795782771553,-0.0203753924797626,1.4564596855136,1.07130403370132,25.9999,0.0638624477390889,-0.5,0,5,3.51132224183,0,given,,,,,,,,,,,17,,1,,FALSE,1,FALSE,5,,20260507_145347_unknown_allT_DP_MB_ME_g5_sm0p5_kg0_ks0_rcpp
sp3,29,2,,1,,1980-01-01,"","",palm,all,0.0381571271145179,0.372624469424891,0.406738340860665,0.00773303781512013,0.0620795782771553,-0.0203753924797626,1.4564596855136,1.07130403370132,25.9999,0.0638624477390889,-0.5,0,5,3.51132224183,0,given_orphan,2,1,2,,,,,,,,2,,2,,FALSE,,FALSE,5,,20260507_145347_unknown_allT_DP_MB_ME_g5_sm0p5_kg0_ks0_rcpp
sp3,29,2,,2,,1984-11-08,"","",palm,all,0.0381571271145179,0.372624469424891,0.406738340860665,0.00773303781512013,0.0620795782771553,-0.0203753924797626,1.4564596855136,1.07130403370132,25.9999,0.0638624477390889,-0.5,0,5,3.51132224183,0,given_orphan,2,1,2,,,,,,,,4,,2,,FALSE,,FALSE,5,,20260507_145347_unknown_allT_DP_MB_ME_g5_sm0p5_kg0_ks0_rcpp
sp3,29,2,,3,0.680134156006472,1989-09-18,"","",palm,all,0.0381571271145179,0.372624469424891,0.406738340860665,0.00773303781512013,0.0620795782771553,-0.0203753924797626,1.4564596855136,1.07130403370132,25.9999,0.0638624477390889,-0.5,0,5,3.51132224183,0,dp,2,1,2,2,1,3,0,0,1,0,6,,2,,FALSE,2,FALSE,5,confident,20260507_145347_unknown_allT_DP_MB_ME_g5_sm0p5_kg0_ks0_rcpp
sp3,29,2,,4,3.75917264287726,1994-10-21,"","",palm,all,0.0381571271145179,0.372624469424891,0.406738340860665,0.00773303781512013,0.0620795782771553,-0.0203753924797626,1.4564596855136,1.07130403370132,25.9999,0.0638624477390889,-0.5,0,5,3.51132224183,0,dp,2,1,2,2,1,3,0,0,1,0,8,,2,,FALSE,2,FALSE,5,confident,20260507_145347_unknown_allT_DP_MB_ME_g5_sm0p5_kg0_ks0_rcpp
sp3,29,2,,5,7.41858602738623,1999-10-23,"","",palm,all,0.0381571271145179,0.372624469424891,0.406738340860665,0.00773303781512013,0.0620795782771553,-0.0203753924797626,1.4564596855136,1.07130403370132,25.9999,0.0638624477390889,-0.5,0,5,3.51132224183,0,dp,2,1,2,2,1,3,0,0,1,0,10,,2,,FALSE,2,FALSE,5,confident,20260507_145347_unknown_allT_DP_MB_ME_g5_sm0p5_kg0_ks0_rcpp
sp3,29,2,,6,8.26374469211078,2004-11-30,"","",palm,all,0.0381571271145179,0.372624469424891,0.406738340860665,0.00773303781512013,0.0620795782771553,-0.0203753924797626,1.4564596855136,1.07130403370132,25.9999,0.0638624477390889,-0.5,0,5,3.51132224183,0,dp,2,1,2,2,1,3,0,0,1,0,12,,2,,FALSE,2,FALSE,5,confident,20260507_145347_unknown_allT_DP_MB_ME_g5_sm0p5_kg0_ks0_rcpp
sp3,29,2,2,7,12.1872640698664,2009-12-28,"","",palm,all,0.0381571271145179,0.372624469424891,0.406738340860665,0.00773303781512013,0.0620795782771553,-0.0203753924797626,1.4564596855136,1.07130403370132,25.9999,0.0638624477390889,-0.5,0,5,3.51132224183,0,given,2,1,2,2,1,3,0,0,1,0,14,,2,,FALSE,2,FALSE,5,confident,20260507_145347_unknown_allT_DP_MB_ME_g5_sm0p5_kg0_ks0_rcpp
sp3,29,2,2,8,20.2572428907682,2014-12-03,"","",palm,all,0.0381571271145179,0.372624469424891,0.406738340860665,0.00773303781512013,0.0620795782771553,-0.0203753924797626,1.4564596855136,1.07130403370132,25.9999,0.0638624477390889,-0.5,0,5,3.51132224183,0,given,,,,,,,,,,,16,,2,,FALSE,2,FALSE,5,,20260507_145347_unknown_allT_DP_MB_ME_g5_sm0p5_kg0_ks0_rcpp
sp3,29,2,2,9,21.1192332978282,2020-01-06,"","",palm,all,0.0381571271145179,0.372624469424891,0.406738340860665,0.00773303781512013,0.0620795782771553,-0.0203753924797626,1.4564596855136,1.07130403370132,25.9999,0.0638624477390889,-0.5,0,5,3.51132224183,0,given,,,,,,,,,,,18,,2,,FALSE,2,FALSE,5,,20260507_145347_unknown_allT_DP_MB_ME_g5_sm0p5_kg0_ks0_rcpp
sp3,30,1,,1,23.1578481869379,1980-01-01,"","",palm,all,0.0381571271145179,0.372624469424891,0.406738340860665,0.00773303781512013,0.0620795782771553,-0.0203753924797626,1.4564596855136,1.07130403370132,25.9999,0.0638624477390889,-0.5,0,5,3.51132224183,0,dp,120,1,5,1,0.826915065657132,3,0.0690401129946791,0.649271704536789,0.826915065657132,0.104044821348189,1,,1,,FALSE,1,FALSE,5,ambiguous,20260507_145347_unknown_allT_DP_MB_ME_g5_sm0p5_kg0_ks0_rcpp
sp3,30,1,,2,32.4610980857878,1984-11-07,"","",palm,all,0.0381571271145179,0.372624469424891,0.406738340860665,0.00773303781512013,0.0620795782771553,-0.0203753924797626,1.4564596855136,1.07130403370132,25.9999,0.0638624477390889,-0.5,0,5,3.51132224183,0,dp,120,1,5,1,0.909332615924296,3,0.0759212513600417,0.354558709894176,0.909332615924296,0.0147461327156624,6,,1,,FALSE,1,FALSE,5,ambiguous,20260507_145347_unknown_allT_DP_MB_ME_g5_sm0p5_kg0_ks0_rcpp
sp3,30,1,,3,35.3868477186085,1989-11-25,"","",palm,all,0.0381571271145179,0.372624469424891,0.406738340860665,0.00773303781512013,0.0620795782771553,-0.0203753924797626,1.4564596855136,1.07130403370132,25.9999,0.0638624477390889,-0.5,0,5,3.51132224183,0,dp,120,1,5,1,0.922942447747702,3,0.0770575522522984,0.271523404410836,0.922942447747702,0,11,,1,,FALSE,1,FALSE,5,ambiguous,20260507_145347_unknown_allT_DP_MB_ME_g5_sm0p5_kg0_ks0_rcpp
sp3,30,1,,4,43.1041535102122,1994-09-25,"","",palm,all,0.0381571271145179,0.372624469424891,0.406738340860665,0.00773303781512013,0.0620795782771553,-0.0203753924797626,1.4564596855136,1.07130403370132,25.9999,0.0638624477390889,-0.5,0,5,3.51132224183,0,dp,120,1,5,1,0.922942447747701,3,0.0770575522522985,0.271523404410836,0.922942447747701,0,16,,1,,FALSE,1,FALSE,5,ambiguous,20260507_145347_unknown_allT_DP_MB_ME_g5_sm0p5_kg0_ks0_rcpp
sp3,30,1,,5,52.5310955859915,1999-10-14,"","",palm,all,0.0381571271145179,0.372624469424891,0.406738340860665,0.00773303781512013,0.0620795782771553,-0.0203753924797626,1.4564596855136,1.07130403370132,25.9999,0.0638624477390889,-0.5,0,5,3.51132224183,0,dp,120,1,5,1,0.923900080129456,3,0.0760999198705441,0.269139117576821,0.923900080129456,0,21,,1,,FALSE,1,FALSE,5,ambiguous,20260507_145347_unknown_allT_DP_MB_ME_g5_sm0p5_kg0_ks0_rcpp
sp3,30,1,,6,52.5310955859915,2004-12-27,"","",palm,all,0.0381571271145179,0.372624469424891,0.406738340860665,0.00773303781512013,0.0620795782771553,-0.0203753924797626,1.4564596855136,1.07130403370132,25.9999,0.0638624477390889,-0.5,0,5,3.51132224183,0,dp,120,1,5,1,0.923900080129456,3,0.0760999198705441,0.269139117576821,0.923900080129456,0,26,,1,,FALSE,1,FALSE,5,ambiguous,20260507_145347_unknown_allT_DP_MB_ME_g5_sm0p5_kg0_ks0_rcpp
sp3,30,1,1,7,63.0978686761516,2009-12-28,"","",palm,all,0.0381571271145179,0.372624469424891,0.406738340860665,0.00773303781512013,0.0620795782771553,-0.0203753924797626,1.4564596855136,1.07130403370132,25.9999,0.0638624477390889,-0.5,0,5,3.51132224183,0,given,120,1,5,1,1,3,0,0,1,0,31,,1,,FALSE,1,FALSE,5,confident,20260507_145347_unknown_allT_DP_MB_ME_g5_sm0p5_kg0_ks0_rcpp
sp3,30,1,1,8,67.8171536400952,2014-12-29,"","",palm,all,0.0381571271145179,0.372624469424891,0.406738340860665,0.00773303781512013,0.0620795782771553,-0.0203753924797626,1.4564596855136,1.07130403370132,25.9999,0.0638624477390889,-0.5,0,5,3.51132224183,0,given,,,,,,,,,,,36,,1,,FALSE,1,FALSE,5,,20260507_145347_unknown_allT_DP_MB_ME_g5_sm0p5_kg0_ks0_rcpp
sp3,30,1,1,9,67.8171536400952,2019-12-08,"","",palm,all,0.0381571271145179,0.372624469424891,0.406738340860665,0.00773303781512013,0.0620795782771553,-0.0203753924797626,1.4564596855136,1.07130403370132,25.9999,0.0638624477390889,-0.5,0,5,3.51132224183,0,given,,,,,,,,,,,41,,1,,FALSE,1,FALSE,5,,20260507_145347_unknown_allT_DP_MB_ME_g5_sm0p5_kg0_ks0_rcpp
sp3,30,2,,1,10.5266928966176,1980-01-01,"","",palm,all,0.0381571271145179,0.372624469424891,0.406738340860665,0.00773303781512013,0.0620795782771553,-0.0203753924797626,1.4564596855136,1.07130403370132,25.9999,0.0638624477390889,-0.5,0,5,3.51132224183,0,dp,120,1,5,7,0.388706134113893,6,0.388706134113892,1.20370698822634,0.388706134113892,0.777412268227785,2,,6,,FALSE,6,FALSE,5,unlinked-likely,20260507_145347_unknown_allT_DP_MB_ME_g5_sm0p5_kg0_ks0_rcpp
sp3,30,2,,2,19.1293789680323,1984-11-07,"","",palm,all,0.0381571271145179,0.372624469424891,0.406738340860665,0.00773303781512013,0.0620795782771553,-0.0203753924797626,1.4564596855136,1.07130403370132,25.9999,0.0638624477390889,-0.5,0,5,3.51132224183,0,dp,120,1,5,6,0.466999318064205,7,0.466999318064205,0.940378098415794,0.466999318064205,0.933998636128411,7,,6,,FALSE,6,FALSE,5,unlinked-likely,20260507_145347_unknown_allT_DP_MB_ME_g5_sm0p5_kg0_ks0_rcpp
sp3,30,2,,3,,1989-11-25,"","",palm,all,0.0381571271145179,0.372624469424891,0.406738340860665,0.00773303781512013,0.0620795782771553,-0.0203753924797626,1.4564596855136,1.07130403370132,25.9999,0.0638624477390889,-0.5,0,5,3.51132224183,0,given_orphan,120,1,5,,,,,,,,12,,2,,FALSE,,FALSE,5,,20260507_145347_unknown_allT_DP_MB_ME_g5_sm0p5_kg0_ks0_rcpp
sp3,30,2,,4,,1994-09-25,"","",palm,all,0.0381571271145179,0.372624469424891,0.406738340860665,0.00773303781512013,0.0620795782771553,-0.0203753924797626,1.4564596855136,1.07130403370132,25.9999,0.0638624477390889,-0.5,0,5,3.51132224183,0,given_orphan,120,1,5,,,,,,,,17,,2,,FALSE,,FALSE,5,,20260507_145347_unknown_allT_DP_MB_ME_g5_sm0p5_kg0_ks0_rcpp
sp3,30,2,,5,,1999-10-14,"","",palm,all,0.0381571271145179,0.372624469424891,0.406738340860665,0.00773303781512013,0.0620795782771553,-0.0203753924797626,1.4564596855136,1.07130403370132,25.9999,0.0638624477390889,-0.5,0,5,3.51132224183,0,given_orphan,120,1,5,,,,,,,,22,,2,,FALSE,,FALSE,5,,20260507_145347_unknown_allT_DP_MB_ME_g5_sm0p5_kg0_ks0_rcpp
sp3,30,2,,6,,2004-12-27,"","",palm,all,0.0381571271145179,0.372624469424891,0.406738340860665,0.00773303781512013,0.0620795782771553,-0.0203753924797626,1.4564596855136,1.07130403370132,25.9999,0.0638624477390889,-0.5,0,5,3.51132224183,0,given_orphan,120,1,5,,,,,,,,27,,2,,FALSE,,FALSE,5,,20260507_145347_unknown_allT_DP_MB_ME_g5_sm0p5_kg0_ks0_rcpp
sp3,30,2,2,7,,2009-12-28,"","",palm,all,0.0381571271145179,0.372624469424891,0.406738340860665,0.00773303781512013,0.0620795782771553,-0.0203753924797626,1.4564596855136,1.07130403370132,25.9999,0.0638624477390889,-0.5,0,5,3.51132224183,0,given,120,1,5,,,,,,,,32,,2,,FALSE,2,FALSE,5,,20260507_145347_unknown_allT_DP_MB_ME_g5_sm0p5_kg0_ks0_rcpp
sp3,30,2,2,8,,2014-12-29,"","",palm,all,0.0381571271145179,0.372624469424891,0.406738340860665,0.00773303781512013,0.0620795782771553,-0.0203753924797626,1.4564596855136,1.07130403370132,25.9999,0.0638624477390889,-0.5,0,5,3.51132224183,0,given,,,,,,,,,,,37,,2,,FALSE,2,FALSE,5,,20260507_145347_unknown_allT_DP_MB_ME_g5_sm0p5_kg0_ks0_rcpp
sp3,30,2,2,9,,2019-12-08,"","",palm,all,0.0381571271145179,0.372624469424891,0.406738340860665,0.00773303781512013,0.0620795782771553,-0.0203753924797626,1.4564596855136,1.07130403370132,25.9999,0.0638624477390889,-0.5,0,5,3.51132224183,0,given,,,,,,,,,,,42,,2,,FALSE,2,FALSE,5,,20260507_145347_unknown_allT_DP_MB_ME_g5_sm0p5_kg0_ks0_rcpp
sp3,30,3,,1,8.70847054755968,1980-01-01,"","",palm,all,0.0381571271145179,0.372624469424891,0.406738340860665,0.00773303781512013,0.0620795782771553,-0.0203753924797626,1.4564596855136,1.07130403370132,25.9999,0.0638624477390889,-0.5,0,5,3.51132224183,0,dp,120,1,5,3,0.671813723068804,6,0.0989202099104299,1.08015096896539,0.671813723068804,0.19784041982086,3,,3,,FALSE,3,FALSE,5,ambiguous,20260507_145347_unknown_allT_DP_MB_ME_g5_sm0p5_kg0_ks0_rcpp
sp3,30,3,,2,14.1631711147425,1984-11-07,"","",palm,all,0.0381571271145179,0.372624469424891,0.406738340860665,0.00773303781512013,0.0620795782771553,-0.0203753924797626,1.4564596855136,1.07130403370132,25.9999,0.0638624477390889,-0.5,0,5,3.51132224183,0,dp,120,1,5,3,0.820543908328552,1,0.0685556459811812,0.701993991551736,0.820543908328552,0.0512552311559271,8,,3,,FALSE,3,FALSE,5,ambiguous,20260507_145347_unknown_allT_DP_MB_ME_g5_sm0p5_kg0_ks0_rcpp
sp3,30,3,,3,16.9217608257189,1989-11-25,"","",palm,all,0.0381571271145179,0.372624469424891,0.406738340860665,0.00773303781512013,0.0620795782771553,-0.0203753924797626,1.4564596855136,1.07130403370132,25.9999,0.0638624477390889,-0.5,0,5,3.51132224183,0,dp,120,1,5,3,0.86491607341079,1,0.0722130010358036,0.489247767343087,0.86491607341079,0,13,,3,,FALSE,3,FALSE,5,ambiguous,20260507_145347_unknown_allT_DP_MB_ME_g5_sm0p5_kg0_ks0_rcpp
sp3,30,3,,4,29.0353712320669,1994-09-25,"","",palm,all,0.0381571271145179,0.372624469424891,0.406738340860665,0.00773303781512013,0.0620795782771553,-0.0203753924797626,1.4564596855136,1.07130403370132,25.9999,0.0638624477390889,-0.5,0,5,3.51132224183,0,dp,120,1,5,3,0.922800781200564,1,0.0770458834440395,0.272982184987247,0.922800781200564,0,18,,3,,FALSE,3,FALSE,5,ambiguous,20260507_145347_unknown_allT_DP_MB_ME_g5_sm0p5_kg0_ks0_rcpp
sp3,30,3,,5,42.7233577968153,1999-10-14,"","",palm,all,0.0381571271145179,0.372624469424891,0.406738340860665,0.00773303781512013,0.0620795782771553,-0.0203753924797626,1.4564596855136,1.07130403370132,25.9999,0.0638624477390889,-0.5,0,5,3.51132224183,0,dp,120,1,5,3,0.923900080129456,1,0.0760999198705441,0.269139117576821,0.923900080129456,0,23,,3,,FALSE,3,FALSE,5,ambiguous,20260507_145347_unknown_allT_DP_MB_ME_g5_sm0p5_kg0_ks0_rcpp
sp3,30,3,,6,47.6778780415028,2004-12-27,"","",palm,all,0.0381571271145179,0.372624469424891,0.406738340860665,0.00773303781512013,0.0620795782771553,-0.0203753924797626,1.4564596855136,1.07130403370132,25.9999,0.0638624477390889,-0.5,0,5,3.51132224183,0,dp,120,1,5,3,0.923900080129456,1,0.0760999198705441,0.269139117576821,0.923900080129456,0,28,,3,,FALSE,3,FALSE,5,ambiguous,20260507_145347_unknown_allT_DP_MB_ME_g5_sm0p5_kg0_ks0_rcpp
sp3,30,3,3,7,54.7476204843357,2009-12-28,"","",palm,all,0.0381571271145179,0.372624469424891,0.406738340860665,0.00773303781512013,0.0620795782771553,-0.0203753924797626,1.4564596855136,1.07130403370132,25.9999,0.0638624477390889,-0.5,0,5,3.51132224183,0,given,120,1,5,3,1,1,0,0,1,0,33,,3,,FALSE,3,FALSE,5,confident,20260507_145347_unknown_allT_DP_MB_ME_g5_sm0p5_kg0_ks0_rcpp
sp3,30,3,3,8,67.7830455763998,2014-12-29,"","",palm,all,0.0381571271145179,0.372624469424891,0.406738340860665,0.00773303781512013,0.0620795782771553,-0.0203753924797626,1.4564596855136,1.07130403370132,25.9999,0.0638624477390889,-0.5,0,5,3.51132224183,0,given,,,,,,,,,,,38,,3,,FALSE,3,FALSE,5,,20260507_145347_unknown_allT_DP_MB_ME_g5_sm0p5_kg0_ks0_rcpp
sp3,30,3,3,9,67.7830455763998,2019-12-08,"","",palm,all,0.0381571271145179,0.372624469424891,0.406738340860665,0.00773303781512013,0.0620795782771553,-0.0203753924797626,1.4564596855136,1.07130403370132,25.9999,0.0638624477390889,-0.5,0,5,3.51132224183,0,given,,,,,,,,,,,43,,3,,FALSE,3,FALSE,5,,20260507_145347_unknown_allT_DP_MB_ME_g5_sm0p5_kg0_ks0_rcpp
sp3,30,4,,1,3.14847162010328,1980-01-01,"","",palm,all,0.0381571271145179,0.372624469424891,0.406738340860665,0.00773303781512013,0.0620795782771553,-0.0203753924797626,1.4564596855136,1.07130403370132,25.9999,0.0638624477390889,-0.5,0,5,3.51132224183,0,dp,120,1,5,4,0.912617873482084,3,0.0712963984870507,0.35576693666234,0.912617873482084,0.0100011792356932,4,,4,,FALSE,4,FALSE,5,ambiguous,20260507_145347_unknown_allT_DP_MB_ME_g5_sm0p5_kg0_ks0_rcpp
sp3,30,4,,2,9.34466068163798,1984-11-07,"","",palm,all,0.0381571271145179,0.372624469424891,0.406738340860665,0.00773303781512013,0.0620795782771553,-0.0203753924797626,1.4564596855136,1.07130403370132,25.9999,0.0638624477390889,-0.5,0,5,3.51132224183,0,dp,120,1,5,4,0.937129074446594,3,0.0580263743369114,0.251865580709954,0.937129074446594,0,9,,4,,FALSE,4,FALSE,5,ambiguous,20260507_145347_unknown_allT_DP_MB_ME_g5_sm0p5_kg0_ks0_rcpp
sp3,30,4,,3,11.1496529711562,1989-11-25,"","",palm,all,0.0381571271145179,0.372624469424891,0.406738340860665,0.00773303781512013,0.0620795782771553,-0.0203753924797626,1.4564596855136,1.07130403370132,25.9999,0.0638624477390889,-0.5,0,5,3.51132224183,0,dp,120,1,5,4,0.937129074446594,3,0.0580263743369116,0.251865580709955,0.937129074446594,0,14,,4,,FALSE,4,FALSE,5,ambiguous,20260507_145347_unknown_allT_DP_MB_ME_g5_sm0p5_kg0_ks0_rcpp
sp3,30,4,,4,19.4546355559963,1994-09-25,"","",palm,all,0.0381571271145179,0.372624469424891,0.406738340860665,0.00773303781512013,0.0620795782771553,-0.0203753924797626,1.4564596855136,1.07130403370132,25.9999,0.0638624477390889,-0.5,0,5,3.51132224183,0,dp,120,1,5,4,0.999846664644604,3,0.000141666547136968,0.00154131865342712,0.999846664644604,0,19,,4,,FALSE,4,FALSE,5,confident,20260507_145347_unknown_allT_DP_MB_ME_g5_sm0p5_kg0_ks0_rcpp
sp3,30,4,,5,26.8172426276025,1999-10-14,"","",palm,all,0.0381571271145179,0.372624469424891,0.406738340860665,0.00773303781512013,0.0620795782771553,-0.0203753924797626,1.4564596855136,1.07130403370132,25.9999,0.0638624477390889,-0.5,0,5,3.51132224183,0,dp,120,1,5,4,1,1,0,0,1,0,24,,4,,FALSE,4,FALSE,5,confident,20260507_145347_unknown_allT_DP_MB_ME_g5_sm0p5_kg0_ks0_rcpp
sp3,30,4,,6,26.8172426276025,2004-12-27,"","",palm,all,0.0381571271145179,0.372624469424891,0.406738340860665,0.00773303781512013,0.0620795782771553,-0.0203753924797626,1.4564596855136,1.07130403370132,25.9999,0.0638624477390889,-0.5,0,5,3.51132224183,0,dp,120,1,5,4,1,1,0,0,1,0,29,,4,,FALSE,4,FALSE,5,confident,20260507_145347_unknown_allT_DP_MB_ME_g5_sm0p5_kg0_ks0_rcpp
sp3,30,4,4,7,35.1854318994272,2009-12-28,"","",palm,all,0.0381571271145179,0.372624469424891,0.406738340860665,0.00773303781512013,0.0620795782771553,-0.0203753924797626,1.4564596855136,1.07130403370132,25.9999,0.0638624477390889,-0.5,0,5,3.51132224183,0,given,120,1,5,4,1,1,0,0,1,0,34,,4,,FALSE,4,FALSE,5,confident,20260507_145347_unknown_allT_DP_MB_ME_g5_sm0p5_kg0_ks0_rcpp
sp3,30,4,4,8,40.1605989218843,2014-12-29,"","",palm,all,0.0381571271145179,0.372624469424891,0.406738340860665,0.00773303781512013,0.0620795782771553,-0.0203753924797626,1.4564596855136,1.07130403370132,25.9999,0.0638624477390889,-0.5,0,5,3.51132224183,0,given,,,,,,,,,,,39,,4,,FALSE,4,FALSE,5,,20260507_145347_unknown_allT_DP_MB_ME_g5_sm0p5_kg0_ks0_rcpp
sp3,30,4,4,9,42.1537103830954,2019-12-08,"","",palm,all,0.0381571271145179,0.372624469424891,0.406738340860665,0.00773303781512013,0.0620795782771553,-0.0203753924797626,1.4564596855136,1.07130403370132,25.9999,0.0638624477390889,-0.5,0,5,3.51132224183,0,given,,,,,,,,,,,44,,4,,FALSE,4,FALSE,5,,20260507_145347_unknown_allT_DP_MB_ME_g5_sm0p5_kg0_ks0_rcpp
sp3,30,5,,1,34.6037561342721,1980-01-01,"","",palm,all,0.0381571271145179,0.372624469424891,0.406738340860665,0.00773303781512013,0.0620795782771553,-0.0203753924797626,1.4564596855136,1.07130403370132,25.9999,0.0638624477390889,-0.5,0,5,3.51132224183,0,dp,120,1,5,6,0.455350655683737,7,0.455350655683737,0.956408965147518,0.455350655683737,0.910701311367473,5,,7,,FALSE,7,FALSE,5,unlinked-likely,20260507_145347_unknown_allT_DP_MB_ME_g5_sm0p5_kg0_ks0_rcpp
sp3,30,5,,2,,1984-11-07,"","",palm,all,0.0381571271145179,0.372624469424891,0.406738340860665,0.00773303781512013,0.0620795782771553,-0.0203753924797626,1.4564596855136,1.07130403370132,25.9999,0.0638624477390889,-0.5,0,5,3.51132224183,0,given_orphan,120,1,5,,,,,,,,10,,5,,FALSE,,FALSE,5,,20260507_145347_unknown_allT_DP_MB_ME_g5_sm0p5_kg0_ks0_rcpp
sp3,30,5,,3,,1989-11-25,"","",palm,all,0.0381571271145179,0.372624469424891,0.406738340860665,0.00773303781512013,0.0620795782771553,-0.0203753924797626,1.4564596855136,1.07130403370132,25.9999,0.0638624477390889,-0.5,0,5,3.51132224183,0,given_orphan,120,1,5,,,,,,,,15,,5,,FALSE,,FALSE,5,,20260507_145347_unknown_allT_DP_MB_ME_g5_sm0p5_kg0_ks0_rcpp
sp3,30,5,,4,,1994-09-25,"","",palm,all,0.0381571271145179,0.372624469424891,0.406738340860665,0.00773303781512013,0.0620795782771553,-0.0203753924797626,1.4564596855136,1.07130403370132,25.9999,0.0638624477390889,-0.5,0,5,3.51132224183,0,given_orphan,120,1,5,,,,,,,,20,,5,,FALSE,,FALSE,5,,20260507_145347_unknown_allT_DP_MB_ME_g5_sm0p5_kg0_ks0_rcpp
sp3,30,5,,5,,1999-10-14,"","",palm,all,0.0381571271145179,0.372624469424891,0.406738340860665,0.00773303781512013,0.0620795782771553,-0.0203753924797626,1.4564596855136,1.07130403370132,25.9999,0.0638624477390889,-0.5,0,5,3.51132224183,0,given_orphan,120,1,5,,,,,,,,25,,5,,FALSE,,FALSE,5,,20260507_145347_unknown_allT_DP_MB_ME_g5_sm0p5_kg0_ks0_rcpp
sp3,30,5,,6,,2004-12-27,"","",palm,all,0.0381571271145179,0.372624469424891,0.406738340860665,0.00773303781512013,0.0620795782771553,-0.0203753924797626,1.4564596855136,1.07130403370132,25.9999,0.0638624477390889,-0.5,0,5,3.51132224183,0,given_orphan,120,1,5,,,,,,,,30,,5,,FALSE,,FALSE,5,,20260507_145347_unknown_allT_DP_MB_ME_g5_sm0p5_kg0_ks0_rcpp
sp3,30,5,5,7,,2009-12-28,"","",palm,all,0.0381571271145179,0.372624469424891,0.406738340860665,0.00773303781512013,0.0620795782771553,-0.0203753924797626,1.4564596855136,1.07130403370132,25.9999,0.0638624477390889,-0.5,0,5,3.51132224183,0,given,120,1,5,,,,,,,,35,,5,,FALSE,5,FALSE,5,,20260507_145347_unknown_allT_DP_MB_ME_g5_sm0p5_kg0_ks0_rcpp
sp3,30,5,5,8,,2014-12-29,"","",palm,all,0.0381571271145179,0.372624469424891,0.406738340860665,0.00773303781512013,0.0620795782771553,-0.0203753924797626,1.4564596855136,1.07130403370132,25.9999,0.0638624477390889,-0.5,0,5,3.51132224183,0,given,,,,,,,,,,,40,,5,,FALSE,5,FALSE,5,,20260507_145347_unknown_allT_DP_MB_ME_g5_sm0p5_kg0_ks0_rcpp
sp3,30,5,5,9,,2019-12-08,"","",palm,all,0.0381571271145179,0.372624469424891,0.406738340860665,0.00773303781512013,0.0620795782771553,-0.0203753924797626,1.4564596855136,1.07130403370132,25.9999,0.0638624477390889,-0.5,0,5,3.51132224183,0,given,,,,,,,,,,,45,,5,,FALSE,5,FALSE,5,,20260507_145347_unknown_allT_DP_MB_ME_g5_sm0p5_kg0_ks0_rcpp
sp3,31,1,,1,,1980-01-01,"","",palm,all,0.0381571271145179,0.372624469424891,0.406738340860665,0.00773303781512013,0.0620795782771553,-0.0203753924797626,1.4564596855136,1.07130403370132,25.9999,0.0638624477390889,-0.5,0,5,3.51132224183,0,given_orphan,6,6,3,,,,,,,,1,,1,,FALSE,,FALSE,5,,20260507_145347_unknown_allT_DP_MB_ME_g5_sm0p5_kg0_ks0_rcpp
sp3,31,1,,2,,1984-11-02,"","",palm,all,0.0381571271145179,0.372624469424891,0.406738340860665,0.00773303781512013,0.0620795782771553,-0.0203753924797626,1.4564596855136,1.07130403370132,25.9999,0.0638624477390889,-0.5,0,5,3.51132224183,0,given_orphan,6,6,3,,,,,,,,4,,1,,FALSE,,FALSE,5,,20260507_145347_unknown_allT_DP_MB_ME_g5_sm0p5_kg0_ks0_rcpp
sp3,31,1,,3,,1989-10-15,"","",palm,all,0.0381571271145179,0.372624469424891,0.406738340860665,0.00773303781512013,0.0620795782771553,-0.0203753924797626,1.4564596855136,1.07130403370132,25.9999,0.0638624477390889,-0.5,0,5,3.51132224183,0,given_orphan,6,6,3,,,,,,,,7,,1,,FALSE,,FALSE,5,,20260507_145347_unknown_allT_DP_MB_ME_g5_sm0p5_kg0_ks0_rcpp
sp3,31,1,,4,,1994-10-09,"","",palm,all,0.0381571271145179,0.372624469424891,0.406738340860665,0.00773303781512013,0.0620795782771553,-0.0203753924797626,1.4564596855136,1.07130403370132,25.9999,0.0638624477390889,-0.5,0,5,3.51132224183,0,given_orphan,6,6,3,,,,,,,,10,,1,,FALSE,,FALSE,5,,20260507_145347_unknown_allT_DP_MB_ME_g5_sm0p5_kg0_ks0_rcpp
sp3,31,1,,5,,1999-10-18,"","",palm,all,0.0381571271145179,0.372624469424891,0.406738340860665,0.00773303781512013,0.0620795782771553,-0.0203753924797626,1.4564596855136,1.07130403370132,25.9999,0.0638624477390889,-0.5,0,5,3.51132224183,0,given_orphan,6,6,3,,,,,,,,13,,1,,FALSE,,FALSE,5,,20260507_145347_unknown_allT_DP_MB_ME_g5_sm0p5_kg0_ks0_rcpp
sp3,31,1,,6,0.232472528879285,2004-10-17,"","",palm,all,0.0381571271145179,0.372624469424891,0.406738340860665,0.00773303781512013,0.0620795782771553,-0.0203753924797626,1.4564596855136,1.07130403370132,25.9999,0.0638624477390889,-0.5,0,5,3.51132224183,0,dp,6,6,3,1,1,2,0,0,1,0,16,,1,,FALSE,1,FALSE,5,confident,20260507_145347_unknown_allT_DP_MB_ME_g5_sm0p5_kg0_ks0_rcpp
sp3,31,1,1,7,1.92993803333377,2009-09-13,"","",palm,all,0.0381571271145179,0.372624469424891,0.406738340860665,0.00773303781512013,0.0620795782771553,-0.0203753924797626,1.4564596855136,1.07130403370132,25.9999,0.0638624477390889,-0.5,0,5,3.51132224183,0,given,6,6,3,1,1,2,0,0,1,0,19,,1,,FALSE,1,FALSE,5,confident,20260507_145347_unknown_allT_DP_MB_ME_g5_sm0p5_kg0_ks0_rcpp
sp3,31,1,1,8,4.9508850429457,2014-09-08,"","",palm,all,0.0381571271145179,0.372624469424891,0.406738340860665,0.00773303781512013,0.0620795782771553,-0.0203753924797626,1.4564596855136,1.07130403370132,25.9999,0.0638624477390889,-0.5,0,5,3.51132224183,0,given,,,,,,,,,,,22,,1,,FALSE,1,FALSE,5,,20260507_145347_unknown_allT_DP_MB_ME_g5_sm0p5_kg0_ks0_rcpp
sp3,31,1,1,9,6.48795994783421,2019-08-31,"","",palm,all,0.0381571271145179,0.372624469424891,0.406738340860665,0.00773303781512013,0.0620795782771553,-0.0203753924797626,1.4564596855136,1.07130403370132,25.9999,0.0638624477390889,-0.5,0,5,3.51132224183,0,given,,,,,,,,,,,25,,1,,FALSE,1,FALSE,5,,20260507_145347_unknown_allT_DP_MB_ME_g5_sm0p5_kg0_ks0_rcpp
sp3,31,2,,1,,1980-01-01,"","",palm,all,0.0381571271145179,0.372624469424891,0.406738340860665,0.00773303781512013,0.0620795782771553,-0.0203753924797626,1.4564596855136,1.07130403370132,25.9999,0.0638624477390889,-0.5,0,5,3.51132224183,0,given_orphan,6,6,3,,,,,,,,2,,2,,FALSE,,FALSE,5,,20260507_145347_unknown_allT_DP_MB_ME_g5_sm0p5_kg0_ks0_rcpp
sp3,31,2,,2,0.781114369119051,1984-11-02,"","",palm,all,0.0381571271145179,0.372624469424891,0.406738340860665,0.00773303781512013,0.0620795782771553,-0.0203753924797626,1.4564596855136,1.07130403370132,25.9999,0.0638624477390889,-0.5,0,5,3.51132224183,0,dp,6,6,3,2,1,1,0,0,1,0,5,,2,,FALSE,2,FALSE,5,confident,20260507_145347_unknown_allT_DP_MB_ME_g5_sm0p5_kg0_ks0_rcpp
sp3,31,2,,3,2.32820467010072,1989-10-15,"","",palm,all,0.0381571271145179,0.372624469424891,0.406738340860665,0.00773303781512013,0.0620795782771553,-0.0203753924797626,1.4564596855136,1.07130403370132,25.9999,0.0638624477390889,-0.5,0,5,3.51132224183,0,dp,6,6,3,2,1,1,0,0,1,0,8,,2,,FALSE,2,FALSE,5,confident,20260507_145347_unknown_allT_DP_MB_ME_g5_sm0p5_kg0_ks0_rcpp
sp3,31,2,,4,7.31995349609734,1994-10-09,"","",palm,all,0.0381571271145179,0.372624469424891,0.406738340860665,0.00773303781512013,0.0620795782771553,-0.0203753924797626,1.4564596855136,1.07130403370132,25.9999,0.0638624477390889,-0.5,0,5,3.51132224183,0,dp,6,6,3,2,1,1,0,0,1,0,11,,2,,FALSE,2,FALSE,5,confident,20260507_145347_unknown_allT_DP_MB_ME_g5_sm0p5_kg0_ks0_rcpp
sp3,31,2,,5,15.9459580520599,1999-10-18,"","",palm,all,0.0381571271145179,0.372624469424891,0.406738340860665,0.00773303781512013,0.0620795782771553,-0.0203753924797626,1.4564596855136,1.07130403370132,25.9999,0.0638624477390889,-0.5,0,5,3.51132224183,0,dp,6,6,3,2,1,1,0,0,1,0,14,,2,,FALSE,2,FALSE,5,confident,20260507_145347_unknown_allT_DP_MB_ME_g5_sm0p5_kg0_ks0_rcpp
sp3,31,2,,6,17.7948181476034,2004-10-17,"","",palm,all,0.0381571271145179,0.372624469424891,0.406738340860665,0.00773303781512013,0.0620795782771553,-0.0203753924797626,1.4564596855136,1.07130403370132,25.9999,0.0638624477390889,-0.5,0,5,3.51132224183,0,dp,6,6,3,2,1,1,0,0,1,0,17,,2,,FALSE,2,FALSE,5,confident,20260507_145347_unknown_allT_DP_MB_ME_g5_sm0p5_kg0_ks0_rcpp
sp3,31,2,2,7,26.9244500432287,2009-09-13,"","",palm,all,0.0381571271145179,0.372624469424891,0.406738340860665,0.00773303781512013,0.0620795782771553,-0.0203753924797626,1.4564596855136,1.07130403370132,25.9999,0.0638624477390889,-0.5,0,5,3.51132224183,0,given,6,6,3,2,1,1,0,0,1,0,20,,2,,FALSE,2,FALSE,5,confident,20260507_145347_unknown_allT_DP_MB_ME_g5_sm0p5_kg0_ks0_rcpp
sp3,31,2,2,8,36.2744039573875,2014-09-08,"","",palm,all,0.0381571271145179,0.372624469424891,0.406738340860665,0.00773303781512013,0.0620795782771553,-0.0203753924797626,1.4564596855136,1.07130403370132,25.9999,0.0638624477390889,-0.5,0,5,3.51132224183,0,given,,,,,,,,,,,23,,2,,FALSE,2,FALSE,5,,20260507_145347_unknown_allT_DP_MB_ME_g5_sm0p5_kg0_ks0_rcpp
sp3,31,2,2,9,40.0622056929833,2019-08-31,"","",palm,all,0.0381571271145179,0.372624469424891,0.406738340860665,0.00773303781512013,0.0620795782771553,-0.0203753924797626,1.4564596855136,1.07130403370132,25.9999,0.0638624477390889,-0.5,0,5,3.51132224183,0,given,,,,,,,,,,,26,,2,,FALSE,2,FALSE,5,,20260507_145347_unknown_allT_DP_MB_ME_g5_sm0p5_kg0_ks0_rcpp
sp3,31,3,,1,29.1056353621479,1980-01-01,"","",palm,all,0.0381571271145179,0.372624469424891,0.406738340860665,0.00773303781512013,0.0620795782771553,-0.0203753924797626,1.4564596855136,1.07130403370132,25.9999,0.0638624477390889,-0.5,0,5,3.51132224183,0,dp,6,6,3,4,1,1,0,0,1,1,3,,4,,FALSE,4,FALSE,5,unlinked-likely,20260507_145347_unknown_allT_DP_MB_ME_g5_sm0p5_kg0_ks0_rcpp
sp3,31,3,,2,,1984-11-02,"","",palm,all,0.0381571271145179,0.372624469424891,0.406738340860665,0.00773303781512013,0.0620795782771553,-0.0203753924797626,1.4564596855136,1.07130403370132,25.9999,0.0638624477390889,-0.5,0,5,3.51132224183,0,given_orphan,6,6,3,,,,,,,,6,,3,,FALSE,,FALSE,5,,20260507_145347_unknown_allT_DP_MB_ME_g5_sm0p5_kg0_ks0_rcpp
sp3,31,3,,3,,1989-10-15,"","",palm,all,0.0381571271145179,0.372624469424891,0.406738340860665,0.00773303781512013,0.0620795782771553,-0.0203753924797626,1.4564596855136,1.07130403370132,25.9999,0.0638624477390889,-0.5,0,5,3.51132224183,0,given_orphan,6,6,3,,,,,,,,9,,3,,FALSE,,FALSE,5,,20260507_145347_unknown_allT_DP_MB_ME_g5_sm0p5_kg0_ks0_rcpp
sp3,31,3,,4,,1994-10-09,"","",palm,all,0.0381571271145179,0.372624469424891,0.406738340860665,0.00773303781512013,0.0620795782771553,-0.0203753924797626,1.4564596855136,1.07130403370132,25.9999,0.0638624477390889,-0.5,0,5,3.51132224183,0,given_orphan,6,6,3,,,,,,,,12,,3,,FALSE,,FALSE,5,,20260507_145347_unknown_allT_DP_MB_ME_g5_sm0p5_kg0_ks0_rcpp
sp3,31,3,,5,,1999-10-18,"","",palm,all,0.0381571271145179,0.372624469424891,0.406738340860665,0.00773303781512013,0.0620795782771553,-0.0203753924797626,1.4564596855136,1.07130403370132,25.9999,0.0638624477390889,-0.5,0,5,3.51132224183,0,given_orphan,6,6,3,,,,,,,,15,,3,,FALSE,,FALSE,5,,20260507_145347_unknown_allT_DP_MB_ME_g5_sm0p5_kg0_ks0_rcpp
sp3,31,3,,6,,2004-10-17,"","",palm,all,0.0381571271145179,0.372624469424891,0.406738340860665,0.00773303781512013,0.0620795782771553,-0.0203753924797626,1.4564596855136,1.07130403370132,25.9999,0.0638624477390889,-0.5,0,5,3.51132224183,0,given_orphan,6,6,3,,,,,,,,18,,3,,FALSE,,FALSE,5,,20260507_145347_unknown_allT_DP_MB_ME_g5_sm0p5_kg0_ks0_rcpp
sp3,31,3,3,7,,2009-09-13,"","",palm,all,0.0381571271145179,0.372624469424891,0.406738340860665,0.00773303781512013,0.0620795782771553,-0.0203753924797626,1.4564596855136,1.07130403370132,25.9999,0.0638624477390889,-0.5,0,5,3.51132224183,0,given,6,6,3,,,,,,,,21,,3,,FALSE,3,FALSE,5,,20260507_145347_unknown_allT_DP_MB_ME_g5_sm0p5_kg0_ks0_rcpp
sp3,31,3,3,8,,2014-09-08,"","",palm,all,0.0381571271145179,0.372624469424891,0.406738340860665,0.00773303781512013,0.0620795782771553,-0.0203753924797626,1.4564596855136,1.07130403370132,25.9999,0.0638624477390889,-0.5,0,5,3.51132224183,0,given,,,,,,,,,,,24,,3,,FALSE,3,FALSE,5,,20260507_145347_unknown_allT_DP_MB_ME_g5_sm0p5_kg0_ks0_rcpp
sp3,31,3,3,9,,2019-08-31,"","",palm,all,0.0381571271145179,0.372624469424891,0.406738340860665,0.00773303781512013,0.0620795782771553,-0.0203753924797626,1.4564596855136,1.07130403370132,25.9999,0.0638624477390889,-0.5,0,5,3.51132224183,0,given,,,,,,,,,,,27,,3,,FALSE,3,FALSE,5,,20260507_145347_unknown_allT_DP_MB_ME_g5_sm0p5_kg0_ks0_rcpp
sp3,32,1,,1,5.98488011922602,1980-01-01,"","",palm,all,0.0381571271145179,0.372624469424891,0.406738340860665,0.00773303781512013,0.0620795782771553,-0.0203753924797626,1.4564596855136,1.07130403370132,25.9999,0.0638624477390889,-0.5,0,5,3.51132224183,0,dp,720,3,6,1,0.974734894848563,6,0.0122328714329323,0.138382073348149,0.974734894848563,0.0244657428658645,1,,1,,FALSE,1,FALSE,5,confident,20260507_145347_unknown_allT_DP_MB_ME_g5_sm0p5_kg0_ks0_rcpp
sp3,32,1,,2,12.0081258461433,1985-02-28,"","",palm,all,0.0381571271145179,0.372624469424891,0.406738340860665,0.00773303781512013,0.0620795782771553,-0.0203753924797626,1.4564596855136,1.07130403370132,25.9999,0.0638624477390889,-0.5,0,5,3.51132224183,0,dp,720,3,6,1,0.977600628690753,6,0.0108033742232275,0.125639193916677,0.977600628690753,0.021606748446455,6,,1,,FALSE,1,FALSE,5,confident,20260507_145347_unknown_allT_DP_MB_ME_g5_sm0p5_kg0_ks0_rcpp
sp3,32,1,,3,14.627364426368,1990-03-12,"","",palm,all,0.0381571271145179,0.372624469424891,0.406738340860665,0.00773303781512013,0.0620795782771553,-0.0203753924797626,1.4564596855136,1.07130403370132,25.9999,0.0638624477390889,-0.5,0,5,3.51132224183,0,dp,720,3,6,1,0.980158921852403,6,0.00960684878081479,0.113522192861834,0.980158921852403,0.0192136975616296,11,,1,,FALSE,1,FALSE,5,confident,20260507_145347_unknown_allT_DP_MB_ME_g5_sm0p5_kg0_ks0_rcpp
sp3,32,1,,4,20.4118186435017,1995-01-31,"","",palm,all,0.0381571271145179,0.372624469424891,0.406738340860665,0.00773303781512013,0.0620795782771553,-0.0203753924797626,1.4564596855136,1.07130403370132,25.9999,0.0638624477390889,-0.5,0,5,3.51132224183,0,dp,720,3,6,1,0.980675795173139,7,0.00934845917881243,0.111124124508594,0.980675795173139,0.0186969183576249,16,,1,,FALSE,1,FALSE,5,confident,20260507_145347_unknown_allT_DP_MB_ME_g5_sm0p5_kg0_ks0_rcpp
sp3,32,1,,5,25.209124912833,2000-02-20,"","",palm,all,0.0381571271145179,0.372624469424891,0.406738340860665,0.00773303781512013,0.0620795782771553,-0.0203753924797626,1.4564596855136,1.07130403370132,25.9999,0.0638624477390889,-0.5,0,5,3.51132224183,0,dp,720,3,6,1,0.981007904730597,6,0.00918247432509121,0.109575409876129,0.981007904730597,0.0183649486501824,21,,1,,FALSE,1,FALSE,5,confident,20260507_145347_unknown_allT_DP_MB_ME_g5_sm0p5_kg0_ks0_rcpp
sp3,32,1,,6,25.209124912833,2005-04-15,"","",palm,all,0.0381571271145179,0.372624469424891,0.406738340860665,0.00773303781512013,0.0620795782771553,-0.0203753924797626,1.4564596855136,1.07130403370132,25.9999,0.0638624477390889,-0.5,0,5,3.51132224183,0,dp,720,3,6,1,0.999984884181274,6,7.55790936314687e-06,0.000193375284165019,0.999984884181274,1.51158187262937e-05,26,,1,,FALSE,1,FALSE,5,confident,20260507_145347_unknown_allT_DP_MB_ME_g5_sm0p5_kg0_ks0_rcpp
sp3,32,1,1,7,29.0286006352198,2010-04-07,"","",palm,all,0.0381571271145179,0.372624469424891,0.406738340860665,0.00773303781512013,0.0620795782771553,-0.0203753924797626,1.4564596855136,1.07130403370132,25.9999,0.0638624477390889,-0.5,0,5,3.51132224183,0,given,720,3,6,1,1,2,0,0,1,0,31,,1,,FALSE,1,FALSE,5,confident,20260507_145347_unknown_allT_DP_MB_ME_g5_sm0p5_kg0_ks0_rcpp
sp3,32,1,1,8,39.4867579667329,2015-05-19,"","",palm,all,0.0381571271145179,0.372624469424891,0.406738340860665,0.00773303781512013,0.0620795782771553,-0.0203753924797626,1.4564596855136,1.07130403370132,25.9999,0.0638624477390889,-0.5,0,5,3.51132224183,0,given,,,,,,,,,,,36,,1,,FALSE,1,FALSE,5,,20260507_145347_unknown_allT_DP_MB_ME_g5_sm0p5_kg0_ks0_rcpp
sp3,32,1,1,9,,2020-07-06,"","",palm,all,0.0381571271145179,0.372624469424891,0.406738340860665,0.00773303781512013,0.0620795782771553,-0.0203753924797626,1.4564596855136,1.07130403370132,25.9999,0.0638624477390889,-0.5,0,5,3.51132224183,0,given,,,,,,,,,,,41,,1,,FALSE,1,FALSE,5,,20260507_145347_unknown_allT_DP_MB_ME_g5_sm0p5_kg0_ks0_rcpp
sp3,32,2,,1,,1980-01-01,"","",palm,all,0.0381571271145179,0.372624469424891,0.406738340860665,0.00773303781512013,0.0620795782771553,-0.0203753924797626,1.4564596855136,1.07130403370132,25.9999,0.0638624477390889,-0.5,0,5,3.51132224183,0,given_orphan,720,3,6,,,,,,,,2,,2,,FALSE,,FALSE,5,,20260507_145347_unknown_allT_DP_MB_ME_g5_sm0p5_kg0_ks0_rcpp
sp3,32,2,,2,,1985-02-28,"","",palm,all,0.0381571271145179,0.372624469424891,0.406738340860665,0.00773303781512013,0.0620795782771553,-0.0203753924797626,1.4564596855136,1.07130403370132,25.9999,0.0638624477390889,-0.5,0,5,3.51132224183,0,given_orphan,720,3,6,,,,,,,,7,,2,,FALSE,,FALSE,5,,20260507_145347_unknown_allT_DP_MB_ME_g5_sm0p5_kg0_ks0_rcpp
sp3,32,2,,3,0.597248750032428,1990-03-12,"","",palm,all,0.0381571271145179,0.372624469424891,0.406738340860665,0.00773303781512013,0.0620795782771553,-0.0203753924797626,1.4564596855136,1.07130403370132,25.9999,0.0638624477390889,-0.5,0,5,3.51132224183,0,dp,720,3,6,2,0.505293188236244,5,0.376661661295081,1.06825541164475,0.505293188236244,0.111142389619357,12,,2,,FALSE,2,FALSE,5,ambiguous,20260507_145347_unknown_allT_DP_MB_ME_g5_sm0p5_kg0_ks0_rcpp
sp3,32,2,,4,2.72462488301181,1995-01-31,"","",palm,all,0.0381571271145179,0.372624469424891,0.406738340860665,0.00773303781512013,0.0620795782771553,-0.0203753924797626,1.4564596855136,1.07130403370132,25.9999,0.0638624477390889,-0.5,0,5,3.51132224183,0,dp,720,3,6,2,0.778298907131898,5,0.179461941011425,0.673820111335439,0.778298907131898,0.0398506342392592,17,,2,,FALSE,2,FALSE,5,ambiguous,20260507_145347_unknown_allT_DP_MB_ME_g5_sm0p5_kg0_ks0_rcpp
sp3,32,2,,5,8.08499714239889,2000-02-20,"","",palm,all,0.0381571271145179,0.372624469424891,0.406738340860665,0.00773303781512013,0.0620795782771553,-0.0203753924797626,1.4564596855136,1.07130403370132,25.9999,0.0638624477390889,-0.5,0,5,3.51132224183,0,dp,720,3,6,2,0.923053001772595,5,0.066665142065499,0.30925573991991,0.923053001772595,0.0101474446394418,22,,2,,FALSE,2,FALSE,5,ambiguous,20260507_145347_unknown_allT_DP_MB_ME_g5_sm0p5_kg0_ks0_rcpp
sp3,32,2,,6,8.72107900465219,2005-04-15,"","",palm,all,0.0381571271145179,0.372624469424891,0.406738340860665,0.00773303781512013,0.0620795782771553,-0.0203753924797626,1.4564596855136,1.07130403370132,25.9999,0.0638624477390889,-0.5,0,5,3.51132224183,0,dp,720,3,6,2,0.990840017518981,5,0.0074406201527027,0.0577272911607193,0.990840017518981,0.00171840018615815,27,,2,,FALSE,2,FALSE,5,confident,20260507_145347_unknown_allT_DP_MB_ME_g5_sm0p5_kg0_ks0_rcpp
sp3,32,2,2,7,13.0181007847424,2010-04-07,"","",palm,all,0.0381571271145179,0.372624469424891,0.406738340860665,0.00773303781512013,0.0620795782771553,-0.0203753924797626,1.4564596855136,1.07130403370132,25.9999,0.0638624477390889,-0.5,0,5,3.51132224183,0,given,720,3,6,2,1,1,0,0,1,0,32,,2,,FALSE,2,FALSE,5,confident,20260507_145347_unknown_allT_DP_MB_ME_g5_sm0p5_kg0_ks0_rcpp
sp3,32,2,2,8,24.7845209453865,2015-05-19,"","",palm,all,0.0381571271145179,0.372624469424891,0.406738340860665,0.00773303781512013,0.0620795782771553,-0.0203753924797626,1.4564596855136,1.07130403370132,25.9999,0.0638624477390889,-0.5,0,5,3.51132224183,0,given,,,,,,,,,,,37,,2,,FALSE,2,FALSE,5,,20260507_145347_unknown_allT_DP_MB_ME_g5_sm0p5_kg0_ks0_rcpp
sp3,32,2,2,9,24.7845209453865,2020-07-06,"","",palm,all,0.0381571271145179,0.372624469424891,0.406738340860665,0.00773303781512013,0.0620795782771553,-0.0203753924797626,1.4564596855136,1.07130403370132,25.9999,0.0638624477390889,-0.5,0,5,3.51132224183,0,given,,,,,,,,,,,42,,2,,FALSE,2,FALSE,5,,20260507_145347_unknown_allT_DP_MB_ME_g5_sm0p5_kg0_ks0_rcpp
sp3,32,3,,1,14.9213079652515,1980-01-01,"","",palm,all,0.0381571271145179,0.372624469424891,0.406738340860665,0.00773303781512013,0.0620795782771553,-0.0203753924797626,1.4564596855136,1.07130403370132,25.9999,0.0638624477390889,-0.5,0,5,3.51132224183,0,dp,720,3,6,4,0.491999512863452,6,0.254000243568274,1.04513826488966,0.254000243568274,0.508000487136548,3,,6,,FALSE,6,FALSE,5,unlinked-likely,20260507_145347_unknown_allT_DP_MB_ME_g5_sm0p5_kg0_ks0_rcpp
sp3,32,3,,2,25.4929085318325,1985-02-28,"","",palm,all,0.0381571271145179,0.372624469424891,0.406738340860665,0.00773303781512013,0.0620795782771553,-0.0203753924797626,1.4564596855136,1.07130403370132,25.9999,0.0638624477390889,-0.5,0,5,3.51132224183,0,dp,720,3,6,6,0.42258674542237,7,0.422586745422369,1.01682021794642,0.42258674542237,0.845173490844739,8,,6,,FALSE,6,FALSE,5,unlinked-likely,20260507_145347_unknown_allT_DP_MB_ME_g5_sm0p5_kg0_ks0_rcpp
sp3,32,3,,3,25.4929085318325,1990-03-12,"","",palm,all,0.0381571271145179,0.372624469424891,0.406738340860665,0.00773303781512013,0.0620795782771553,-0.0203753924797626,1.4564596855136,1.07130403370132,25.9999,0.0638624477390889,-0.5,0,5,3.51132224183,0,dp,720,3,6,6,0.425786265487719,7,0.425786265487718,1.01023674727845,0.425786265487719,0.851572530975436,13,,6,,FALSE,6,FALSE,5,unlinked-likely,20260507_145347_unknown_allT_DP_MB_ME_g5_sm0p5_kg0_ks0_rcpp
sp3,32,3,,4,,1995-01-31,"","",palm,all,0.0381571271145179,0.372624469424891,0.406738340860665,0.00773303781512013,0.0620795782771553,-0.0203753924797626,1.4564596855136,1.07130403370132,25.9999,0.0638624477390889,-0.5,0,5,3.51132224183,0,given_orphan,720,3,6,,,,,,,,18,,3,,FALSE,,FALSE,5,,20260507_145347_unknown_allT_DP_MB_ME_g5_sm0p5_kg0_ks0_rcpp
sp3,32,3,,5,,2000-02-20,"","",palm,all,0.0381571271145179,0.372624469424891,0.406738340860665,0.00773303781512013,0.0620795782771553,-0.0203753924797626,1.4564596855136,1.07130403370132,25.9999,0.0638624477390889,-0.5,0,5,3.51132224183,0,given_orphan,720,3,6,,,,,,,,23,,3,,FALSE,,FALSE,5,,20260507_145347_unknown_allT_DP_MB_ME_g5_sm0p5_kg0_ks0_rcpp
sp3,32,3,,6,,2005-04-15,"","",palm,all,0.0381571271145179,0.372624469424891,0.406738340860665,0.00773303781512013,0.0620795782771553,-0.0203753924797626,1.4564596855136,1.07130403370132,25.9999,0.0638624477390889,-0.5,0,5,3.51132224183,0,given_orphan,720,3,6,,,,,,,,28,,3,,FALSE,,FALSE,5,,20260507_145347_unknown_allT_DP_MB_ME_g5_sm0p5_kg0_ks0_rcpp
sp3,32,3,3,7,,2010-04-07,"","",palm,all,0.0381571271145179,0.372624469424891,0.406738340860665,0.00773303781512013,0.0620795782771553,-0.0203753924797626,1.4564596855136,1.07130403370132,25.9999,0.0638624477390889,-0.5,0,5,3.51132224183,0,given,720,3,6,,,,,,,,33,,3,,FALSE,3,FALSE,5,,20260507_145347_unknown_allT_DP_MB_ME_g5_sm0p5_kg0_ks0_rcpp
sp3,32,3,3,8,,2015-05-19,"","",palm,all,0.0381571271145179,0.372624469424891,0.406738340860665,0.00773303781512013,0.0620795782771553,-0.0203753924797626,1.4564596855136,1.07130403370132,25.9999,0.0638624477390889,-0.5,0,5,3.51132224183,0,given,,,,,,,,,,,38,,3,,FALSE,3,FALSE,5,,20260507_145347_unknown_allT_DP_MB_ME_g5_sm0p5_kg0_ks0_rcpp
sp3,32,3,3,9,,2020-07-06,"","",palm,all,0.0381571271145179,0.372624469424891,0.406738340860665,0.00773303781512013,0.0620795782771553,-0.0203753924797626,1.4564596855136,1.07130403370132,25.9999,0.0638624477390889,-0.5,0,5,3.51132224183,0,given,,,,,,,,,,,43,,3,,FALSE,3,FALSE,5,,20260507_145347_unknown_allT_DP_MB_ME_g5_sm0p5_kg0_ks0_rcpp
sp3,32,4,,1,15.6881403448335,1980-01-01,"","",palm,all,0.0381571271145179,0.372624469424891,0.406738340860665,0.00773303781512013,0.0620795782771553,-0.0203753924797626,1.4564596855136,1.07130403370132,25.9999,0.0638624477390889,-0.5,0,5,3.51132224183,0,dp,720,3,6,4,0.505393761900429,7,0.247303119049786,1.03592391352258,0.505393761900429,0.494606238099572,4,,4,,FALSE,4,FALSE,5,ambiguous,20260507_145347_unknown_allT_DP_MB_ME_g5_sm0p5_kg0_ks0_rcpp
sp3,32,4,,2,29.0013229097594,1985-02-28,"","",palm,all,0.0381571271145179,0.372624469424891,0.406738340860665,0.00773303781512013,0.0620795782771553,-0.0203753924797626,1.4564596855136,1.07130403370132,25.9999,0.0638624477390889,-0.5,0,5,3.51132224183,0,dp,720,3,6,4,0.842777908238024,6,0.0786110458809878,0.54401267962639,0.842777908238024,0.157222091761976,9,,4,,FALSE,4,FALSE,5,ambiguous,20260507_145347_unknown_allT_DP_MB_ME_g5_sm0p5_kg0_ks0_rcpp
sp3,32,4,,3,29.0013229097594,1990-03-12,"","",palm,all,0.0381571271145179,0.372624469424891,0.406738340860665,0.00773303781512013,0.0620795782771553,-0.0203753924797626,1.4564596855136,1.07130403370132,25.9999,0.0638624477390889,-0.5,0,5,3.51132224183,0,dp,720,3,6,4,0.850945150389469,6,0.0745274248052659,0.524383068446401,0.850945150389469,0.149054849610532,14,,4,,FALSE,4,FALSE,5,ambiguous,20260507_145347_unknown_allT_DP_MB_ME_g5_sm0p5_kg0_ks0_rcpp
sp3,32,4,,4,37.8949356609649,1995-01-31,"","",palm,all,0.0381571271145179,0.372624469424891,0.406738340860665,0.00773303781512013,0.0620795782771553,-0.0203753924797626,1.4564596855136,1.07130403370132,25.9999,0.0638624477390889,-0.5,0,5,3.51132224183,0,dp,720,3,6,4,0.999372713530764,7,0.00031364323461804,0.00568756922140079,0.999372713530764,0.000627286469236079,19,,4,,FALSE,4,FALSE,5,confident,20260507_145347_unknown_allT_DP_MB_ME_g5_sm0p5_kg0_ks0_rcpp
sp3,32,4,,5,43.4313393634008,2000-02-20,"","",palm,all,0.0381571271145179,0.372624469424891,0.406738340860665,0.00773303781512013,0.0620795782771553,-0.0203753924797626,1.4564596855136,1.07130403370132,25.9999,0.0638624477390889,-0.5,0,5,3.51132224183,0,dp,720,3,6,4,0.999372853380779,6,0.000313573309610397,0.00568644108790101,0.999372853380779,0.000627146619220793,24,,4,,FALSE,4,FALSE,5,confident,20260507_145347_unknown_allT_DP_MB_ME_g5_sm0p5_kg0_ks0_rcpp
sp3,32,4,,6,43.4313393634008,2005-04-15,"","",palm,all,0.0381571271145179,0.372624469424891,0.406738340860665,0.00773303781512013,0.0620795782771553,-0.0203753924797626,1.4564596855136,1.07130403370132,25.9999,0.0638624477390889,-0.5,0,5,3.51132224183,0,dp,720,3,6,4,1,1,0,0,1,0,29,,4,,FALSE,4,FALSE,5,confident,20260507_145347_unknown_allT_DP_MB_ME_g5_sm0p5_kg0_ks0_rcpp
sp3,32,4,4,7,52.992867506517,2010-04-07,"","",palm,all,0.0381571271145179,0.372624469424891,0.406738340860665,0.00773303781512013,0.0620795782771553,-0.0203753924797626,1.4564596855136,1.07130403370132,25.9999,0.0638624477390889,-0.5,0,5,3.51132224183,0,given,720,3,6,4,1,1,0,0,1,0,34,,4,,FALSE,4,FALSE,5,confident,20260507_145347_unknown_allT_DP_MB_ME_g5_sm0p5_kg0_ks0_rcpp
sp3,32,4,4,8,66.8324290699409,2015-05-19,"","",palm,all,0.0381571271145179,0.372624469424891,0.406738340860665,0.00773303781512013,0.0620795782771553,-0.0203753924797626,1.4564596855136,1.07130403370132,25.9999,0.0638624477390889,-0.5,0,5,3.51132224183,0,given,,,,,,,,,,,39,,4,,FALSE,4,FALSE,5,,20260507_145347_unknown_allT_DP_MB_ME_g5_sm0p5_kg0_ks0_rcpp
sp3,32,4,4,9,66.8324290699409,2020-07-06,"","",palm,all,0.0381571271145179,0.372624469424891,0.406738340860665,0.00773303781512013,0.0620795782771553,-0.0203753924797626,1.4564596855136,1.07130403370132,25.9999,0.0638624477390889,-0.5,0,5,3.51132224183,0,given,,,,,,,,,,,44,,4,,FALSE,4,FALSE,5,,20260507_145347_unknown_allT_DP_MB_ME_g5_sm0p5_kg0_ks0_rcpp
sp3,32,5,,1,,1980-01-01,"","",palm,all,0.0381571271145179,0.372624469424891,0.406738340860665,0.00773303781512013,0.0620795782771553,-0.0203753924797626,1.4564596855136,1.07130403370132,25.9999,0.0638624477390889,-0.5,0,5,3.51132224183,0,given_orphan,720,3,6,,,,,,,,5,,5,,FALSE,,FALSE,5,,20260507_145347_unknown_allT_DP_MB_ME_g5_sm0p5_kg0_ks0_rcpp
sp3,32,5,,2,0.929191744248261,1985-02-28,"","",palm,all,0.0381571271145179,0.372624469424891,0.406738340860665,0.00773303781512013,0.0620795782771553,-0.0203753924797626,1.4564596855136,1.07130403370132,25.9999,0.0638624477390889,-0.5,0,5,3.51132224183,0,dp,720,3,6,2,0.450777536842072,5,0.438610251949856,1.06444295991291,0.450777536842072,0.102387654125251,10,,2,,FALSE,2,FALSE,5,ambiguous,20260507_145347_unknown_allT_DP_MB_ME_g5_sm0p5_kg0_ks0_rcpp
sp3,32,5,,3,1.03091388782111,1990-03-12,"","",palm,all,0.0381571271145179,0.372624469424891,0.406738340860665,0.00773303781512013,0.0620795782771553,-0.0203753924797626,1.4564596855136,1.07130403370132,25.9999,0.0638624477390889,-0.5,0,5,3.51132224183,0,dp,720,3,6,5,0.524026812112388,2,0.387526183854832,1.00593115503068,0.524026812112388,0.0785679270726339,15,,5,,FALSE,5,FALSE,5,ambiguous,20260507_145347_unknown_allT_DP_MB_ME_g5_sm0p5_kg0_ks0_rcpp
sp3,32,5,,4,5.51277462558858,1995-01-31,"","",palm,all,0.0381571271145179,0.372624469424891,0.406738340860665,0.00773303781512013,0.0620795782771553,-0.0203753924797626,1.4564596855136,1.07130403370132,25.9999,0.0638624477390889,-0.5,0,5,3.51132224183,0,dp,720,3,6,5,0.786461619175321,2,0.142995501566663,0.728690981056725,0.786461619175321,0.0561522327602912,20,,5,,FALSE,5,FALSE,5,ambiguous,20260507_145347_unknown_allT_DP_MB_ME_g5_sm0p5_kg0_ks0_rcpp
sp3,32,5,,5,12.9832703235009,2000-02-20,"","",palm,all,0.0381571271145179,0.372624469424891,0.406738340860665,0.00773303781512013,0.0620795782771553,-0.0203753924797626,1.4564596855136,1.07130403370132,25.9999,0.0638624477390889,-0.5,0,5,3.51132224183,0,dp,720,3,6,5,0.919575834134044,6,0.028289753312724,0.382515889205606,0.919575834134044,0.0565795066254478,25,,5,,FALSE,5,FALSE,5,ambiguous,20260507_145347_unknown_allT_DP_MB_ME_g5_sm0p5_kg0_ks0_rcpp
sp3,32,5,,6,12.9832703235009,2005-04-15,"","",palm,all,0.0381571271145179,0.372624469424891,0.406738340860665,0.00773303781512013,0.0620795782771553,-0.0203753924797626,1.4564596855136,1.07130403370132,25.9999,0.0638624477390889,-0.5,0,5,3.51132224183,0,dp,720,3,6,5,0.990271490275982,2,0.00773056094201185,0.0611492006301555,0.990271490275982,0.00198379510543852,30,,5,,FALSE,5,FALSE,5,confident,20260507_145347_unknown_allT_DP_MB_ME_g5_sm0p5_kg0_ks0_rcpp
sp3,32,5,5,7,22.6021639547394,2010-04-07,"","",palm,all,0.0381571271145179,0.372624469424891,0.406738340860665,0.00773303781512013,0.0620795782771553,-0.0203753924797626,1.4564596855136,1.07130403370132,25.9999,0.0638624477390889,-0.5,0,5,3.51132224183,0,given,720,3,6,5,1,1,0,0,1,0,35,,5,,FALSE,5,FALSE,5,confident,20260507_145347_unknown_allT_DP_MB_ME_g5_sm0p5_kg0_ks0_rcpp
sp3,32,5,5,8,31.082969029573,2015-05-19,"","",palm,all,0.0381571271145179,0.372624469424891,0.406738340860665,0.00773303781512013,0.0620795782771553,-0.0203753924797626,1.4564596855136,1.07130403370132,25.9999,0.0638624477390889,-0.5,0,5,3.51132224183,0,given,,,,,,,,,,,40,,5,,FALSE,5,FALSE,5,,20260507_145347_unknown_allT_DP_MB_ME_g5_sm0p5_kg0_ks0_rcpp
sp3,32,5,5,9,31.082969029573,2020-07-06,"","",palm,all,0.0381571271145179,0.372624469424891,0.406738340860665,0.00773303781512013,0.0620795782771553,-0.0203753924797626,1.4564596855136,1.07130403370132,25.9999,0.0638624477390889,-0.5,0,5,3.51132224183,0,given,,,,,,,,,,,45,,5,,FALSE,5,FALSE,5,,20260507_145347_unknown_allT_DP_MB_ME_g5_sm0p5_kg0_ks0_rcpp
sp3,33,1,,1,,1980-01-01,"","",palm,all,0.0381571271145179,0.372624469424891,0.406738340860665,0.00773303781512013,0.0620795782771553,-0.0203753924797626,1.4564596855136,1.07130403370132,25.9999,0.0638624477390889,-0.5,0,5,3.51132224183,0,given_orphan,120,7,5,,,,,,,,1,,1,,FALSE,,FALSE,5,,20260507_145347_unknown_allT_DP_MB_ME_g5_sm0p5_kg0_ks0_rcpp
sp3,33,1,,2,,1984-11-21,"","",palm,all,0.0381571271145179,0.372624469424891,0.406738340860665,0.00773303781512013,0.0620795782771553,-0.0203753924797626,1.4564596855136,1.07130403370132,25.9999,0.0638624477390889,-0.5,0,5,3.51132224183,0,given_orphan,120,7,5,,,,,,,,5,,1,,FALSE,,FALSE,5,,20260507_145347_unknown_allT_DP_MB_ME_g5_sm0p5_kg0_ks0_rcpp
sp3,33,1,,3,,1989-10-22,"","",palm,all,0.0381571271145179,0.372624469424891,0.406738340860665,0.00773303781512013,0.0620795782771553,-0.0203753924797626,1.4564596855136,1.07130403370132,25.9999,0.0638624477390889,-0.5,0,5,3.51132224183,0,given_orphan,120,7,5,,,,,,,,9,,1,,FALSE,,FALSE,5,,20260507_145347_unknown_allT_DP_MB_ME_g5_sm0p5_kg0_ks0_rcpp
sp3,33,1,,4,,1994-09-14,"","",palm,all,0.0381571271145179,0.372624469424891,0.406738340860665,0.00773303781512013,0.0620795782771553,-0.0203753924797626,1.4564596855136,1.07130403370132,25.9999,0.0638624477390889,-0.5,0,5,3.51132224183,0,given_orphan,120,7,5,,,,,,,,13,,1,,FALSE,,FALSE,5,,20260507_145347_unknown_allT_DP_MB_ME_g5_sm0p5_kg0_ks0_rcpp
sp3,33,1,,5,,1999-10-06,"","",palm,all,0.0381571271145179,0.372624469424891,0.406738340860665,0.00773303781512013,0.0620795782771553,-0.0203753924797626,1.4564596855136,1.07130403370132,25.9999,0.0638624477390889,-0.5,0,5,3.51132224183,0,given_orphan,120,7,5,,,,,,,,17,,1,,FALSE,,FALSE,5,,20260507_145347_unknown_allT_DP_MB_ME_g5_sm0p5_kg0_ks0_rcpp
sp3,33,1,,6,,2004-10-07,"","",palm,all,0.0381571271145179,0.372624469424891,0.406738340860665,0.00773303781512013,0.0620795782771553,-0.0203753924797626,1.4564596855136,1.07130403370132,25.9999,0.0638624477390889,-0.5,0,5,3.51132224183,0,given_orphan,120,7,5,,,,,,,,21,,1,,FALSE,,FALSE,5,,20260507_145347_unknown_allT_DP_MB_ME_g5_sm0p5_kg0_ks0_rcpp
sp3,33,1,1,7,0.870350642710884,2009-10-24,"","",palm,all,0.0381571271145179,0.372624469424891,0.406738340860665,0.00773303781512013,0.0620795782771553,-0.0203753924797626,1.4564596855136,1.07130403370132,25.9999,0.0638624477390889,-0.5,0,5,3.51132224183,0,given,120,7,5,1,1,2,0,0,1,0,25,,1,,FALSE,1,FALSE,5,confident,20260507_145347_unknown_allT_DP_MB_ME_g5_sm0p5_kg0_ks0_rcpp
sp3,33,1,1,8,4.65196280275848,2014-09-29,"","",palm,all,0.0381571271145179,0.372624469424891,0.406738340860665,0.00773303781512013,0.0620795782771553,-0.0203753924797626,1.4564596855136,1.07130403370132,25.9999,0.0638624477390889,-0.5,0,5,3.51132224183,0,given,,,,,,,,,,,29,,1,,FALSE,1,FALSE,5,,20260507_145347_unknown_allT_DP_MB_ME_g5_sm0p5_kg0_ks0_rcpp
sp3,33,1,1,9,5.89072050117511,2019-10-08,"","",palm,all,0.0381571271145179,0.372624469424891,0.406738340860665,0.00773303781512013,0.0620795782771553,-0.0203753924797626,1.4564596855136,1.07130403370132,25.9999,0.0638624477390889,-0.5,0,5,3.51132224183,0,given,,,,,,,,,,,33,,1,,FALSE,1,FALSE,5,,20260507_145347_unknown_allT_DP_MB_ME_g5_sm0p5_kg0_ks0_rcpp
sp3,33,2,,1,9.01014629416086,1980-01-01,"","",palm,all,0.0381571271145179,0.372624469424891,0.406738340860665,0.00773303781512013,0.0620795782771553,-0.0203753924797626,1.4564596855136,1.07130403370132,25.9999,0.0638624477390889,-0.5,0,5,3.51132224183,0,dp,120,7,5,2,0.995511899717387,5,0.00448810028261253,0.0287421458593808,0.995511899717387,0.00448810028261253,2,,2,,FALSE,2,FALSE,5,confident,20260507_145347_unknown_allT_DP_MB_ME_g5_sm0p5_kg0_ks0_rcpp
sp3,33,2,,2,16.3314081277389,1984-11-21,"","",palm,all,0.0381571271145179,0.372624469424891,0.406738340860665,0.00773303781512013,0.0620795782771553,-0.0203753924797626,1.4564596855136,1.07130403370132,25.9999,0.0638624477390889,-0.5,0,5,3.51132224183,0,dp,120,7,5,2,0.997949859319182,5,0.00205014068081756,0.0147380945674701,0.997949859319182,0.00205014068081756,6,,2,,FALSE,2,FALSE,5,confident,20260507_145347_unknown_allT_DP_MB_ME_g5_sm0p5_kg0_ks0_rcpp
sp3,33,2,,3,18.4885091468383,1989-10-22,"","",palm,all,0.0381571271145179,0.372624469424891,0.406738340860665,0.00773303781512013,0.0620795782771553,-0.0203753924797626,1.4564596855136,1.07130403370132,25.9999,0.0638624477390889,-0.5,0,5,3.51132224183,0,dp,120,7,5,2,0.999495250467096,5,0.000504749532903695,0.00433640207164355,0.999495250467096,0.000504749532903695,10,,2,,FALSE,2,FALSE,5,confident,20260507_145347_unknown_allT_DP_MB_ME_g5_sm0p5_kg0_ks0_rcpp
sp3,33,2,,4,22.8828573851896,1994-09-14,"","",palm,all,0.0381571271145179,0.372624469424891,0.406738340860665,0.00773303781512013,0.0620795782771553,-0.0203753924797626,1.4564596855136,1.07130403370132,25.9999,0.0638624477390889,-0.5,0,5,3.51132224183,0,dp,120,7,5,2,1,1,0,0,1,0,14,,2,,FALSE,2,FALSE,5,confident,20260507_145347_unknown_allT_DP_MB_ME_g5_sm0p5_kg0_ks0_rcpp
sp3,33,2,,5,34.822151456815,1999-10-06,"","",palm,all,0.0381571271145179,0.372624469424891,0.406738340860665,0.00773303781512013,0.0620795782771553,-0.0203753924797626,1.4564596855136,1.07130403370132,25.9999,0.0638624477390889,-0.5,0,5,3.51132224183,0,dp,120,7,5,2,1,1,0,0,1,0,18,,2,,FALSE,2,FALSE,5,confident,20260507_145347_unknown_allT_DP_MB_ME_g5_sm0p5_kg0_ks0_rcpp
sp3,33,2,,6,34.822151456815,2004-10-07,"","",palm,all,0.0381571271145179,0.372624469424891,0.406738340860665,0.00773303781512013,0.0620795782771553,-0.0203753924797626,1.4564596855136,1.07130403370132,25.9999,0.0638624477390889,-0.5,0,5,3.51132224183,0,dp,120,7,5,2,1,1,0,0,1,0,22,,2,,FALSE,2,FALSE,5,confident,20260507_145347_unknown_allT_DP_MB_ME_g5_sm0p5_kg0_ks0_rcpp
sp3,33,2,2,7,44.6990803968254,2009-10-24,"","",palm,all,0.0381571271145179,0.372624469424891,0.406738340860665,0.00773303781512013,0.0620795782771553,-0.0203753924797626,1.4564596855136,1.07130403370132,25.9999,0.0638624477390889,-0.5,0,5,3.51132224183,0,given,120,7,5,2,1,1,0,0,1,0,26,,2,,FALSE,2,FALSE,5,confident,20260507_145347_unknown_allT_DP_MB_ME_g5_sm0p5_kg0_ks0_rcpp
sp3,33,2,2,8,56.0598892863662,2014-09-29,"","",palm,all,0.0381571271145179,0.372624469424891,0.406738340860665,0.00773303781512013,0.0620795782771553,-0.0203753924797626,1.4564596855136,1.07130403370132,25.9999,0.0638624477390889,-0.5,0,5,3.51132224183,0,given,,,,,,,,,,,30,,2,,FALSE,2,FALSE,5,,20260507_145347_unknown_allT_DP_MB_ME_g5_sm0p5_kg0_ks0_rcpp
sp3,33,2,2,9,61.5311468549828,2019-10-08,"","",palm,all,0.0381571271145179,0.372624469424891,0.406738340860665,0.00773303781512013,0.0620795782771553,-0.0203753924797626,1.4564596855136,1.07130403370132,25.9999,0.0638624477390889,-0.5,0,5,3.51132224183,0,given,,,,,,,,,,,34,,2,,FALSE,2,FALSE,5,,20260507_145347_unknown_allT_DP_MB_ME_g5_sm0p5_kg0_ks0_rcpp
sp3,33,3,,1,,1980-01-01,"","",palm,all,0.0381571271145179,0.372624469424891,0.406738340860665,0.00773303781512013,0.0620795782771553,-0.0203753924797626,1.4564596855136,1.07130403370132,25.9999,0.0638624477390889,-0.5,0,5,3.51132224183,0,given_orphan,120,7,5,,,,,,,,3,,3,,FALSE,,FALSE,5,,20260507_145347_unknown_allT_DP_MB_ME_g5_sm0p5_kg0_ks0_rcpp
sp3,33,3,,2,,1984-11-21,"","",palm,all,0.0381571271145179,0.372624469424891,0.406738340860665,0.00773303781512013,0.0620795782771553,-0.0203753924797626,1.4564596855136,1.07130403370132,25.9999,0.0638624477390889,-0.5,0,5,3.51132224183,0,given_orphan,120,7,5,,,,,,,,7,,3,,FALSE,,FALSE,5,,20260507_145347_unknown_allT_DP_MB_ME_g5_sm0p5_kg0_ks0_rcpp
sp3,33,3,,3,,1989-10-22,"","",palm,all,0.0381571271145179,0.372624469424891,0.406738340860665,0.00773303781512013,0.0620795782771553,-0.0203753924797626,1.4564596855136,1.07130403370132,25.9999,0.0638624477390889,-0.5,0,5,3.51132224183,0,given_orphan,120,7,5,,,,,,,,11,,3,,FALSE,,FALSE,5,,20260507_145347_unknown_allT_DP_MB_ME_g5_sm0p5_kg0_ks0_rcpp
sp3,33,3,,4,,1994-09-14,"","",palm,all,0.0381571271145179,0.372624469424891,0.406738340860665,0.00773303781512013,0.0620795782771553,-0.0203753924797626,1.4564596855136,1.07130403370132,25.9999,0.0638624477390889,-0.5,0,5,3.51132224183,0,given_orphan,120,7,5,,,,,,,,15,,3,,FALSE,,FALSE,5,,20260507_145347_unknown_allT_DP_MB_ME_g5_sm0p5_kg0_ks0_rcpp
sp3,33,3,,5,,1999-10-06,"","",palm,all,0.0381571271145179,0.372624469424891,0.406738340860665,0.00773303781512013,0.0620795782771553,-0.0203753924797626,1.4564596855136,1.07130403370132,25.9999,0.0638624477390889,-0.5,0,5,3.51132224183,0,given_orphan,120,7,5,,,,,,,,19,,3,,FALSE,,FALSE,5,,20260507_145347_unknown_allT_DP_MB_ME_g5_sm0p5_kg0_ks0_rcpp
sp3,33,3,,6,0.474709094190474,2004-10-07,"","",palm,all,0.0381571271145179,0.372624469424891,0.406738340860665,0.00773303781512013,0.0620795782771553,-0.0203753924797626,1.4564596855136,1.07130403370132,25.9999,0.0638624477390889,-0.5,0,5,3.51132224183,0,dp,120,7,5,1,0.432348758092306,3,0.351368862212603,1.1169702091374,0.432348758092306,0.0154932215543926,23,,1,,FALSE,1,FALSE,5,ambiguous,20260507_145347_unknown_allT_DP_MB_ME_g5_sm0p5_kg0_ks0_rcpp
sp3,33,3,3,7,1.49021755228601,2009-10-24,"","",palm,all,0.0381571271145179,0.372624469424891,0.406738340860665,0.00773303781512013,0.0620795782771553,-0.0203753924797626,1.4564596855136,1.07130403370132,25.9999,0.0638624477390889,-0.5,0,5,3.51132224183,0,given,120,7,5,3,1,1,0,0,1,0,27,,3,,FALSE,3,FALSE,5,confident,20260507_145347_unknown_allT_DP_MB_ME_g5_sm0p5_kg0_ks0_rcpp
sp3,33,3,3,8,5.56614152806699,2014-09-29,"","",palm,all,0.0381571271145179,0.372624469424891,0.406738340860665,0.00773303781512013,0.0620795782771553,-0.0203753924797626,1.4564596855136,1.07130403370132,25.9999,0.0638624477390889,-0.5,0,5,3.51132224183,0,given,,,,,,,,,,,31,,3,,FALSE,3,FALSE,5,,20260507_145347_unknown_allT_DP_MB_ME_g5_sm0p5_kg0_ks0_rcpp
sp3,33,3,3,9,5.56614152806699,2019-10-08,"","",palm,all,0.0381571271145179,0.372624469424891,0.406738340860665,0.00773303781512013,0.0620795782771553,-0.0203753924797626,1.4564596855136,1.07130403370132,25.9999,0.0638624477390889,-0.5,0,5,3.51132224183,0,given,,,,,,,,,,,35,,3,,FALSE,3,FALSE,5,,20260507_145347_unknown_allT_DP_MB_ME_g5_sm0p5_kg0_ks0_rcpp
sp3,33,4,,1,,1980-01-01,"","",palm,all,0.0381571271145179,0.372624469424891,0.406738340860665,0.00773303781512013,0.0620795782771553,-0.0203753924797626,1.4564596855136,1.07130403370132,25.9999,0.0638624477390889,-0.5,0,5,3.51132224183,0,given_orphan,120,7,5,,,,,,,,4,,4,,FALSE,,FALSE,5,,20260507_145347_unknown_allT_DP_MB_ME_g5_sm0p5_kg0_ks0_rcpp
sp3,33,4,,2,,1984-11-21,"","",palm,all,0.0381571271145179,0.372624469424891,0.406738340860665,0.00773303781512013,0.0620795782771553,-0.0203753924797626,1.4564596855136,1.07130403370132,25.9999,0.0638624477390889,-0.5,0,5,3.51132224183,0,given_orphan,120,7,5,,,,,,,,8,,4,,FALSE,,FALSE,5,,20260507_145347_unknown_allT_DP_MB_ME_g5_sm0p5_kg0_ks0_rcpp
sp3,33,4,,3,,1989-10-22,"","",palm,all,0.0381571271145179,0.372624469424891,0.406738340860665,0.00773303781512013,0.0620795782771553,-0.0203753924797626,1.4564596855136,1.07130403370132,25.9999,0.0638624477390889,-0.5,0,5,3.51132224183,0,given_orphan,120,7,5,,,,,,,,12,,4,,FALSE,,FALSE,5,,20260507_145347_unknown_allT_DP_MB_ME_g5_sm0p5_kg0_ks0_rcpp
sp3,33,4,,4,,1994-09-14,"","",palm,all,0.0381571271145179,0.372624469424891,0.406738340860665,0.00773303781512013,0.0620795782771553,-0.0203753924797626,1.4564596855136,1.07130403370132,25.9999,0.0638624477390889,-0.5,0,5,3.51132224183,0,given_orphan,120,7,5,,,,,,,,16,,4,,FALSE,,FALSE,5,,20260507_145347_unknown_allT_DP_MB_ME_g5_sm0p5_kg0_ks0_rcpp
sp3,33,4,,5,0.511988214175871,1999-10-06,"","",palm,all,0.0381571271145179,0.372624469424891,0.406738340860665,0.00773303781512013,0.0620795782771553,-0.0203753924797626,1.4564596855136,1.07130403370132,25.9999,0.0638624477390889,-0.5,0,5,3.51132224183,0,dp,120,7,5,1,0.393846250717806,3,0.349939322146995,1.15377866091429,0.393846250717806,0.0201048653752114,20,,1,,FALSE,1,FALSE,5,ambiguous,20260507_145347_unknown_allT_DP_MB_ME_g5_sm0p5_kg0_ks0_rcpp
sp3,33,4,,6,0.689783350235417,2004-10-07,"","",palm,all,0.0381571271145179,0.372624469424891,0.406738340860665,0.00773303781512013,0.0620795782771553,-0.0203753924797626,1.4564596855136,1.07130403370132,25.9999,0.0638624477390889,-0.5,0,5,3.51132224183,0,dp,120,7,5,3,0.353559616585043,1,0.346216534115433,1.1426645091356,0.353559616585043,0.0108268144032561,24,,3,,FALSE,3,FALSE,5,ambiguous,20260507_145347_unknown_allT_DP_MB_ME_g5_sm0p5_kg0_ks0_rcpp
sp3,33,4,4,7,3.07904137147818,2009-10-24,"","",palm,all,0.0381571271145179,0.372624469424891,0.406738340860665,0.00773303781512013,0.0620795782771553,-0.0203753924797626,1.4564596855136,1.07130403370132,25.9999,0.0638624477390889,-0.5,0,5,3.51132224183,0,given,120,7,5,4,1,1,0,0,1,0,28,,4,,FALSE,4,FALSE,5,confident,20260507_145347_unknown_allT_DP_MB_ME_g5_sm0p5_kg0_ks0_rcpp
sp3,33,4,4,8,7.99081831107338,2014-09-29,"","",palm,all,0.0381571271145179,0.372624469424891,0.406738340860665,0.00773303781512013,0.0620795782771553,-0.0203753924797626,1.4564596855136,1.07130403370132,25.9999,0.0638624477390889,-0.5,0,5,3.51132224183,0,given,,,,,,,,,,,32,,4,,FALSE,4,FALSE,5,,20260507_145347_unknown_allT_DP_MB_ME_g5_sm0p5_kg0_ks0_rcpp
sp3,33,4,4,9,10.9874739324555,2019-10-08,"","",palm,all,0.0381571271145179,0.372624469424891,0.406738340860665,0.00773303781512013,0.0620795782771553,-0.0203753924797626,1.4564596855136,1.07130403370132,25.9999,0.0638624477390889,-0.5,0,5,3.51132224183,0,given,,,,,,,,,,,36,,4,,FALSE,4,FALSE,5,,20260507_145347_unknown_allT_DP_MB_ME_g5_sm0p5_kg0_ks0_rcpp
sp3,34,1,,1,8.92742109662721,1980-01-01,"","",palm,all,0.0381571271145179,0.372624469424891,0.406738340860665,0.00773303781512013,0.0620795782771553,-0.0203753924797626,1.4564596855136,1.07130403370132,25.9999,0.0638624477390889,-0.5,0,5,3.51132224183,0,dp,6,5,3,1,0.989736817916942,3,0.0102631820830576,0.0572074193316339,0.989736817916942,0.0102631820830576,1,,1,,FALSE,1,FALSE,5,confident,20260507_145347_unknown_allT_DP_MB_ME_g5_sm0p5_kg0_ks0_rcpp
sp3,34,1,,2,17.2420699485892,1985-02-28,"","",palm,all,0.0381571271145179,0.372624469424891,0.406738340860665,0.00773303781512013,0.0620795782771553,-0.0203753924797626,1.4564596855136,1.07130403370132,25.9999,0.0638624477390889,-0.5,0,5,3.51132224183,0,dp,6,5,3,1,0.993086126023298,3,0.00691387397670188,0.0412810837983156,0.993086126023298,0.00691387397670188,3,,1,,FALSE,1,FALSE,5,confident,20260507_145347_unknown_allT_DP_MB_ME_g5_sm0p5_kg0_ks0_rcpp
sp3,34,1,,3,17.2420699485892,1990-04-07,"","",palm,all,0.0381571271145179,0.372624469424891,0.406738340860665,0.00773303781512013,0.0620795782771553,-0.0203753924797626,1.4564596855136,1.07130403370132,25.9999,0.0638624477390889,-0.5,0,5,3.51132224183,0,dp,6,5,3,1,0.999518687987822,3,0.000481312012177823,0.0041579361328102,0.999518687987822,0.000481312012177823,5,,1,,FALSE,1,FALSE,5,confident,20260507_145347_unknown_allT_DP_MB_ME_g5_sm0p5_kg0_ks0_rcpp
sp3,34,1,,4,22.594847882519,1995-02-28,"","",palm,all,0.0381571271145179,0.372624469424891,0.406738340860665,0.00773303781512013,0.0620795782771553,-0.0203753924797626,1.4564596855136,1.07130403370132,25.9999,0.0638624477390889,-0.5,0,5,3.51132224183,0,dp,6,5,3,1,1,2,0,0,1,0,7,,1,,FALSE,1,FALSE,5,confident,20260507_145347_unknown_allT_DP_MB_ME_g5_sm0p5_kg0_ks0_rcpp
sp3,34,1,,5,38.3024248945826,2000-01-27,"","",palm,all,0.0381571271145179,0.372624469424891,0.406738340860665,0.00773303781512013,0.0620795782771553,-0.0203753924797626,1.4564596855136,1.07130403370132,25.9999,0.0638624477390889,-0.5,0,5,3.51132224183,0,dp,6,5,3,1,1,2,0,0,1,0,9,,1,,FALSE,1,FALSE,5,confident,20260507_145347_unknown_allT_DP_MB_ME_g5_sm0p5_kg0_ks0_rcpp
sp3,34,1,,6,38.3024248945826,2004-12-24,"","",palm,all,0.0381571271145179,0.372624469424891,0.406738340860665,0.00773303781512013,0.0620795782771553,-0.0203753924797626,1.4564596855136,1.07130403370132,25.9999,0.0638624477390889,-0.5,0,5,3.51132224183,0,dp,6,5,3,1,1,2,0,0,1,0,11,,1,,FALSE,1,FALSE,5,confident,20260507_145347_unknown_allT_DP_MB_ME_g5_sm0p5_kg0_ks0_rcpp
sp3,34,1,1,7,41.6460536436068,2009-12-30,"","",palm,all,0.0381571271145179,0.372624469424891,0.406738340860665,0.00773303781512013,0.0620795782771553,-0.0203753924797626,1.4564596855136,1.07130403370132,25.9999,0.0638624477390889,-0.5,0,5,3.51132224183,0,given,6,5,3,1,1,2,0,0,1,0,13,,1,,FALSE,1,FALSE,5,confident,20260507_145347_unknown_allT_DP_MB_ME_g5_sm0p5_kg0_ks0_rcpp
sp3,34,1,1,8,44.3103397004276,2015-01-07,"","",palm,all,0.0381571271145179,0.372624469424891,0.406738340860665,0.00773303781512013,0.0620795782771553,-0.0203753924797626,1.4564596855136,1.07130403370132,25.9999,0.0638624477390889,-0.5,0,5,3.51132224183,0,given,,,,,,,,,,,15,,1,,FALSE,1,FALSE,5,,20260507_145347_unknown_allT_DP_MB_ME_g5_sm0p5_kg0_ks0_rcpp
sp3,34,1,1,9,45.6353441729466,2019-12-20,"","",palm,all,0.0381571271145179,0.372624469424891,0.406738340860665,0.00773303781512013,0.0620795782771553,-0.0203753924797626,1.4564596855136,1.07130403370132,25.9999,0.0638624477390889,-0.5,0,5,3.51132224183,0,given,,,,,,,,,,,17,,1,,FALSE,1,FALSE,5,,20260507_145347_unknown_allT_DP_MB_ME_g5_sm0p5_kg0_ks0_rcpp
sp3,34,2,,1,,1980-01-01,"","",palm,all,0.0381571271145179,0.372624469424891,0.406738340860665,0.00773303781512013,0.0620795782771553,-0.0203753924797626,1.4564596855136,1.07130403370132,25.9999,0.0638624477390889,-0.5,0,5,3.51132224183,0,given_orphan,6,5,3,,,,,,,,2,,2,,FALSE,,FALSE,5,,20260507_145347_unknown_allT_DP_MB_ME_g5_sm0p5_kg0_ks0_rcpp
sp3,34,2,,2,,1985-02-28,"","",palm,all,0.0381571271145179,0.372624469424891,0.406738340860665,0.00773303781512013,0.0620795782771553,-0.0203753924797626,1.4564596855136,1.07130403370132,25.9999,0.0638624477390889,-0.5,0,5,3.51132224183,0,given_orphan,6,5,3,,,,,,,,4,,2,,FALSE,,FALSE,5,,20260507_145347_unknown_allT_DP_MB_ME_g5_sm0p5_kg0_ks0_rcpp
sp3,34,2,,3,,1990-04-07,"","",palm,all,0.0381571271145179,0.372624469424891,0.406738340860665,0.00773303781512013,0.0620795782771553,-0.0203753924797626,1.4564596855136,1.07130403370132,25.9999,0.0638624477390889,-0.5,0,5,3.51132224183,0,given_orphan,6,5,3,,,,,,,,6,,2,,FALSE,,FALSE,5,,20260507_145347_unknown_allT_DP_MB_ME_g5_sm0p5_kg0_ks0_rcpp
sp3,34,2,,4,,1995-02-28,"","",palm,all,0.0381571271145179,0.372624469424891,0.406738340860665,0.00773303781512013,0.0620795782771553,-0.0203753924797626,1.4564596855136,1.07130403370132,25.9999,0.0638624477390889,-0.5,0,5,3.51132224183,0,given_orphan,6,5,3,,,,,,,,8,,2,,FALSE,,FALSE,5,,20260507_145347_unknown_allT_DP_MB_ME_g5_sm0p5_kg0_ks0_rcpp
sp3,34,2,,5,0.850434432181876,2000-01-27,"","",palm,all,0.0381571271145179,0.372624469424891,0.406738340860665,0.00773303781512013,0.0620795782771553,-0.0203753924797626,1.4564596855136,1.07130403370132,25.9999,0.0638624477390889,-0.5,0,5,3.51132224183,0,dp,6,5,3,2,0.969761271850979,3,0.0302387281490209,0.135571034063911,0.969761271850979,0.0302387281490209,10,,2,,FALSE,2,FALSE,5,confident,20260507_145347_unknown_allT_DP_MB_ME_g5_sm0p5_kg0_ks0_rcpp
sp3,34,2,,6,2.37600822175779,2004-12-24,"","",palm,all,0.0381571271145179,0.372624469424891,0.406738340860665,0.00773303781512013,0.0620795782771553,-0.0203753924797626,1.4564596855136,1.07130403370132,25.9999,0.0638624477390889,-0.5,0,5,3.51132224183,0,dp,6,5,3,2,0.988277298194667,3,0.0117227018053335,0.063775525767289,0.988277298194667,0.0117227018053335,12,,2,,FALSE,2,FALSE,5,confident,20260507_145347_unknown_allT_DP_MB_ME_g5_sm0p5_kg0_ks0_rcpp
sp3,34,2,2,7,7.05259504646012,2009-12-30,"","",palm,all,0.0381571271145179,0.372624469424891,0.406738340860665,0.00773303781512013,0.0620795782771553,-0.0203753924797626,1.4564596855136,1.07130403370132,25.9999,0.0638624477390889,-0.5,0,5,3.51132224183,0,given,6,5,3,2,1,1,0,0,1,0,14,,2,,FALSE,2,FALSE,5,confident,20260507_145347_unknown_allT_DP_MB_ME_g5_sm0p5_kg0_ks0_rcpp
sp3,34,2,2,8,13.6794540492606,2015-01-07,"","",palm,all,0.0381571271145179,0.372624469424891,0.406738340860665,0.00773303781512013,0.0620795782771553,-0.0203753924797626,1.4564596855136,1.07130403370132,25.9999,0.0638624477390889,-0.5,0,5,3.51132224183,0,given,,,,,,,,,,,16,,2,,FALSE,2,FALSE,5,,20260507_145347_unknown_allT_DP_MB_ME_g5_sm0p5_kg0_ks0_rcpp
sp3,34,2,2,9,14.4419997848627,2019-12-20,"","",palm,all,0.0381571271145179,0.372624469424891,0.406738340860665,0.00773303781512013,0.0620795782771553,-0.0203753924797626,1.4564596855136,1.07130403370132,25.9999,0.0638624477390889,-0.5,0,5,3.51132224183,0,given,,,,,,,,,,,18,,2,,FALSE,2,FALSE,5,,20260507_145347_unknown_allT_DP_MB_ME_g5_sm0p5_kg0_ks0_rcpp
sp3,35,1,,1,,1980-01-01,"","",palm,all,0.0381571271145179,0.372624469424891,0.406738340860665,0.00773303781512013,0.0620795782771553,-0.0203753924797626,1.4564596855136,1.07130403370132,25.9999,0.0638624477390889,-0.5,0,5,3.51132224183,0,given_orphan,2,1,2,,,,,,,,1,,1,,FALSE,,FALSE,5,,20260507_145347_unknown_allT_DP_MB_ME_g5_sm0p5_kg0_ks0_rcpp
sp3,35,1,,2,,1984-10-31,"","",palm,all,0.0381571271145179,0.372624469424891,0.406738340860665,0.00773303781512013,0.0620795782771553,-0.0203753924797626,1.4564596855136,1.07130403370132,25.9999,0.0638624477390889,-0.5,0,5,3.51132224183,0,given_orphan,,,,,,,,,,,3,,1,,FALSE,,FALSE,5,,20260507_145347_unknown_allT_DP_MB_ME_g5_sm0p5_kg0_ks0_rcpp
sp3,35,1,,3,,1989-09-26,"","",palm,all,0.0381571271145179,0.372624469424891,0.406738340860665,0.00773303781512013,0.0620795782771553,-0.0203753924797626,1.4564596855136,1.07130403370132,25.9999,0.0638624477390889,-0.5,0,5,3.51132224183,0,given_orphan,,,,,,,,,,,5,,1,,FALSE,,FALSE,5,,20260507_145347_unknown_allT_DP_MB_ME_g5_sm0p5_kg0_ks0_rcpp
sp3,35,1,,4,,1994-10-30,"","",palm,all,0.0381571271145179,0.372624469424891,0.406738340860665,0.00773303781512013,0.0620795782771553,-0.0203753924797626,1.4564596855136,1.07130403370132,25.9999,0.0638624477390889,-0.5,0,5,3.51132224183,0,given_orphan,,,,,,,,,,,7,,1,,FALSE,,FALSE,5,,20260507_145347_unknown_allT_DP_MB_ME_g5_sm0p5_kg0_ks0_rcpp
sp3,35,1,,5,,2000-01-21,"","",palm,all,0.0381571271145179,0.372624469424891,0.406738340860665,0.00773303781512013,0.0620795782771553,-0.0203753924797626,1.4564596855136,1.07130403370132,25.9999,0.0638624477390889,-0.5,0,5,3.51132224183,0,given_orphan,,,,,,,,,,,9,,1,,FALSE,,FALSE,5,,20260507_145347_unknown_allT_DP_MB_ME_g5_sm0p5_kg0_ks0_rcpp
sp3,35,1,,6,,2005-01-09,"","",palm,all,0.0381571271145179,0.372624469424891,0.406738340860665,0.00773303781512013,0.0620795782771553,-0.0203753924797626,1.4564596855136,1.07130403370132,25.9999,0.0638624477390889,-0.5,0,5,3.51132224183,0,given_orphan,,,,,,,,,,,11,,1,,FALSE,,FALSE,5,,20260507_145347_unknown_allT_DP_MB_ME_g5_sm0p5_kg0_ks0_rcpp
sp3,35,1,1,7,0.306128355698672,2009-12-29,"","",palm,all,0.0381571271145179,0.372624469424891,0.406738340860665,0.00773303781512013,0.0620795782771553,-0.0203753924797626,1.4564596855136,1.07130403370132,25.9999,0.0638624477390889,-0.5,0,5,3.51132224183,0,given,2,1,2,1,1,3,0,0,1,0,13,,1,,FALSE,1,FALSE,5,confident,20260507_145347_unknown_allT_DP_MB_ME_g5_sm0p5_kg0_ks0_rcpp
sp3,35,1,1,8,0.6227054589997,2014-12-23,"","",palm,all,0.0381571271145179,0.372624469424891,0.406738340860665,0.00773303781512013,0.0620795782771553,-0.0203753924797626,1.4564596855136,1.07130403370132,25.9999,0.0638624477390889,-0.5,0,5,3.51132224183,0,given,,,,,,,,,,,15,,1,,FALSE,1,FALSE,5,,20260507_145347_unknown_allT_DP_MB_ME_g5_sm0p5_kg0_ks0_rcpp
sp3,35,1,1,9,1.16042431491184,2019-12-21,"","",palm,all,0.0381571271145179,0.372624469424891,0.406738340860665,0.00773303781512013,0.0620795782771553,-0.0203753924797626,1.4564596855136,1.07130403370132,25.9999,0.0638624477390889,-0.5,0,5,3.51132224183,0,given,,,,,,,,,,,17,,1,,FALSE,1,FALSE,5,,20260507_145347_unknown_allT_DP_MB_ME_g5_sm0p5_kg0_ks0_rcpp
sp3,35,2,,1,9.39012469793996,1980-01-01,"","",palm,all,0.0381571271145179,0.372624469424891,0.406738340860665,0.00773303781512013,0.0620795782771553,-0.0203753924797626,1.4564596855136,1.07130403370132,25.9999,0.0638624477390889,-0.5,0,5,3.51132224183,0,dp,2,1,2,3,0.862681907749744,1,0.137318092250256,0.400065013832297,0.862681907749744,0.862681907749744,2,,3,,FALSE,3,FALSE,5,unlinked-likely,20260507_145347_unknown_allT_DP_MB_ME_g5_sm0p5_kg0_ks0_rcpp
sp3,35,2,,2,,1984-10-31,"","",palm,all,0.0381571271145179,0.372624469424891,0.406738340860665,0.00773303781512013,0.0620795782771553,-0.0203753924797626,1.4564596855136,1.07130403370132,25.9999,0.0638624477390889,-0.5,0,5,3.51132224183,0,given_orphan,,,,,,,,,,,4,,2,,FALSE,,FALSE,5,,20260507_145347_unknown_allT_DP_MB_ME_g5_sm0p5_kg0_ks0_rcpp
sp3,35,2,,3,,1989-09-26,"","",palm,all,0.0381571271145179,0.372624469424891,0.406738340860665,0.00773303781512013,0.0620795782771553,-0.0203753924797626,1.4564596855136,1.07130403370132,25.9999,0.0638624477390889,-0.5,0,5,3.51132224183,0,given_orphan,,,,,,,,,,,6,,2,,FALSE,,FALSE,5,,20260507_145347_unknown_allT_DP_MB_ME_g5_sm0p5_kg0_ks0_rcpp
sp3,35,2,,4,,1994-10-30,"","",palm,all,0.0381571271145179,0.372624469424891,0.406738340860665,0.00773303781512013,0.0620795782771553,-0.0203753924797626,1.4564596855136,1.07130403370132,25.9999,0.0638624477390889,-0.5,0,5,3.51132224183,0,given_orphan,,,,,,,,,,,8,,2,,FALSE,,FALSE,5,,20260507_145347_unknown_allT_DP_MB_ME_g5_sm0p5_kg0_ks0_rcpp
sp3,35,2,,5,,2000-01-21,"","",palm,all,0.0381571271145179,0.372624469424891,0.406738340860665,0.00773303781512013,0.0620795782771553,-0.0203753924797626,1.4564596855136,1.07130403370132,25.9999,0.0638624477390889,-0.5,0,5,3.51132224183,0,given_orphan,,,,,,,,,,,10,,2,,FALSE,,FALSE,5,,20260507_145347_unknown_allT_DP_MB_ME_g5_sm0p5_kg0_ks0_rcpp
sp3,35,2,,6,,2005-01-09,"","",palm,all,0.0381571271145179,0.372624469424891,0.406738340860665,0.00773303781512013,0.0620795782771553,-0.0203753924797626,1.4564596855136,1.07130403370132,25.9999,0.0638624477390889,-0.5,0,5,3.51132224183,0,given_orphan,,,,,,,,,,,12,,2,,FALSE,,FALSE,5,,20260507_145347_unknown_allT_DP_MB_ME_g5_sm0p5_kg0_ks0_rcpp
sp3,35,2,2,7,,2009-12-29,"","",palm,all,0.0381571271145179,0.372624469424891,0.406738340860665,0.00773303781512013,0.0620795782771553,-0.0203753924797626,1.4564596855136,1.07130403370132,25.9999,0.0638624477390889,-0.5,0,5,3.51132224183,0,given,2,1,2,,,,,,,,14,,2,,FALSE,2,FALSE,5,,20260507_145347_unknown_allT_DP_MB_ME_g5_sm0p5_kg0_ks0_rcpp
sp3,35,2,2,8,,2014-12-23,"","",palm,all,0.0381571271145179,0.372624469424891,0.406738340860665,0.00773303781512013,0.0620795782771553,-0.0203753924797626,1.4564596855136,1.07130403370132,25.9999,0.0638624477390889,-0.5,0,5,3.51132224183,0,given,,,,,,,,,,,16,,2,,FALSE,2,FALSE,5,,20260507_145347_unknown_allT_DP_MB_ME_g5_sm0p5_kg0_ks0_rcpp
sp3,35,2,2,9,,2019-12-21,"","",palm,all,0.0381571271145179,0.372624469424891,0.406738340860665,0.00773303781512013,0.0620795782771553,-0.0203753924797626,1.4564596855136,1.07130403370132,25.9999,0.0638624477390889,-0.5,0,5,3.51132224183,0,given,,,,,,,,,,,18,,2,,FALSE,2,FALSE,5,,20260507_145347_unknown_allT_DP_MB_ME_g5_sm0p5_kg0_ks0_rcpp
sp3,36,1,,1,,1980-01-01,"","",palm,all,0.0381571271145179,0.372624469424891,0.406738340860665,0.00773303781512013,0.0620795782771553,-0.0203753924797626,1.4564596855136,1.07130403370132,25.9999,0.0638624477390889,-0.5,0,5,3.51132224183,0,given_orphan,6,2,3,,,,,,,,1,,1,,FALSE,,FALSE,6,,20260507_145347_unknown_allT_DP_MB_ME_g5_sm0p5_kg0_ks0_rcpp
sp3,36,1,,2,0.926121741029434,1985-01-15,"","",palm,all,0.0381571271145179,0.372624469424891,0.406738340860665,0.00773303781512013,0.0620795782771553,-0.0203753924797626,1.4564596855136,1.07130403370132,25.9999,0.0638624477390889,-0.5,0,5,3.51132224183,0,dp,6,2,3,1,0.944293136538875,3,0.0278534317305625,0.253600680118462,0.944293136538875,0.055706863461125,3,,1,,FALSE,1,FALSE,6,ambiguous,20260507_145347_unknown_allT_DP_MB_ME_g5_sm0p5_kg0_ks0_rcpp
sp3,36,1,,3,0.926121741029434,1990-01-18,"","",palm,all,0.0381571271145179,0.372624469424891,0.406738340860665,0.00773303781512013,0.0620795782771553,-0.0203753924797626,1.4564596855136,1.07130403370132,25.9999,0.0638624477390889,-0.5,0,5,3.51132224183,0,dp,6,2,3,1,0.959076162046634,3,0.020461918976683,0.199235365453992,0.959076162046634,0.040923837953366,5,,1,,FALSE,1,FALSE,6,confident,20260507_145347_unknown_allT_DP_MB_ME_g5_sm0p5_kg0_ks0_rcpp
sp3,36,1,,4,4.49520138604459,1995-04-04,"","",palm,all,0.0381571271145179,0.372624469424891,0.406738340860665,0.00773303781512013,0.0620795782771553,-0.0203753924797626,1.4564596855136,1.07130403370132,25.9999,0.0638624477390889,-0.5,0,5,3.51132224183,0,dp,6,2,3,1,0.990857441044146,3,0.00457127947792699,0.0583603993293248,0.990857441044146,0.00914255895585398,7,,1,,FALSE,1,FALSE,6,confident,20260507_145347_unknown_allT_DP_MB_ME_g5_sm0p5_kg0_ks0_rcpp
sp3,36,1,,5,9.70270997281266,2000-03-19,"","",palm,all,0.0381571271145179,0.372624469424891,0.406738340860665,0.00773303781512013,0.0620795782771553,-0.0203753924797626,1.4564596855136,1.07130403370132,25.9999,0.0638624477390889,-0.5,0,5,3.51132224183,0,dp,6,2,3,1,0.995601351404056,3,0.00219932429797188,0.031306952720066,0.995601351404056,0.00439864859594375,9,,1,,FALSE,1,FALSE,6,confident,20260507_145347_unknown_allT_DP_MB_ME_g5_sm0p5_kg0_ks0_rcpp
sp3,36,1,,6,13.4971267566874,2005-03-05,"","",palm,all,0.0381571271145179,0.372624469424891,0.406738340860665,0.00773303781512013,0.0620795782771553,-0.0203753924797626,1.4564596855136,1.07130403370132,25.9999,0.0638624477390889,-0.5,0,5,3.51132224183,0,dp,6,2,3,1,0.997202111156327,3,0.00139894442183661,0.0211818009702479,0.997202111156327,0.00279788884367322,11,,1,,FALSE,1,FALSE,6,confident,20260507_145347_unknown_allT_DP_MB_ME_g5_sm0p5_kg0_ks0_rcpp
sp3,36,1,1,7,23.6495962393056,2010-02-23,"","",palm,all,0.0381571271145179,0.372624469424891,0.406738340860665,0.00773303781512013,0.0620795782771553,-0.0203753924797626,1.4564596855136,1.07130403370132,25.9999,0.0638624477390889,-0.5,0,5,3.51132224183,0,given,6,2,3,1,1,3,0,0,1,0,13,,1,,FALSE,1,FALSE,6,confident,20260507_145347_unknown_allT_DP_MB_ME_g5_sm0p5_kg0_ks0_rcpp
sp3,36,1,1,8,32.9062947476334,2015-03-04,"","",palm,all,0.0381571271145179,0.372624469424891,0.406738340860665,0.00773303781512013,0.0620795782771553,-0.0203753924797626,1.4564596855136,1.07130403370132,25.9999,0.0638624477390889,-0.5,0,5,3.51132224183,0,given,,,,,,,,,,,15,,1,,FALSE,1,FALSE,6,,20260507_145347_unknown_allT_DP_MB_ME_g5_sm0p5_kg0_ks0_rcpp
sp3,36,1,1,9,34.7055061573193,2020-04-15,"","",palm,all,0.0381571271145179,0.372624469424891,0.406738340860665,0.00773303781512013,0.0620795782771553,-0.0203753924797626,1.4564596855136,1.07130403370132,25.9999,0.0638624477390889,-0.5,0,5,3.51132224183,0,given,,,,,,,,,,,17,,1,,FALSE,1,FALSE,6,,20260507_145347_unknown_allT_DP_MB_ME_g5_sm0p5_kg0_ks0_rcpp
sp3,36,2,,1,8.79876742807697,1980-01-01,"","",palm,all,0.0381571271145179,0.372624469424891,0.406738340860665,0.00773303781512013,0.0620795782771553,-0.0203753924797626,1.4564596855136,1.07130403370132,25.9999,0.0638624477390889,-0.5,0,5,3.51132224183,0,dp,6,2,3,3,0.5,4,0.5,0.693147180559945,0.5,1,2,,3,,FALSE,3,FALSE,6,unlinked-likely,20260507_145347_unknown_allT_DP_MB_ME_g5_sm0p5_kg0_ks0_rcpp
sp3,36,2,,2,18.5589946667393,1985-01-15,"","",palm,all,0.0381571271145179,0.372624469424891,0.406738340860665,0.00773303781512013,0.0620795782771553,-0.0203753924797626,1.4564596855136,1.07130403370132,25.9999,0.0638624477390889,-0.5,0,5,3.51132224183,0,dp,6,2,3,3,0.5,4,0.5,0.693147180559945,0.5,1,4,,3,,FALSE,3,FALSE,6,unlinked-likely,20260507_145347_unknown_allT_DP_MB_ME_g5_sm0p5_kg0_ks0_rcpp
sp3,36,2,,3,,1990-01-18,"","",palm,all,0.0381571271145179,0.372624469424891,0.406738340860665,0.00773303781512013,0.0620795782771553,-0.0203753924797626,1.4564596855136,1.07130403370132,25.9999,0.0638624477390889,-0.5,0,5,3.51132224183,0,given_orphan,6,2,3,,,,,,,,6,,2,,FALSE,,FALSE,6,,20260507_145347_unknown_allT_DP_MB_ME_g5_sm0p5_kg0_ks0_rcpp
sp3,36,2,,4,,1995-04-04,"","",palm,all,0.0381571271145179,0.372624469424891,0.406738340860665,0.00773303781512013,0.0620795782771553,-0.0203753924797626,1.4564596855136,1.07130403370132,25.9999,0.0638624477390889,-0.5,0,5,3.51132224183,0,given_orphan,6,2,3,,,,,,,,8,,2,,FALSE,,FALSE,6,,20260507_145347_unknown_allT_DP_MB_ME_g5_sm0p5_kg0_ks0_rcpp
sp3,36,2,,5,,2000-03-19,"","",palm,all,0.0381571271145179,0.372624469424891,0.406738340860665,0.00773303781512013,0.0620795782771553,-0.0203753924797626,1.4564596855136,1.07130403370132,25.9999,0.0638624477390889,-0.5,0,5,3.51132224183,0,given_orphan,6,2,3,,,,,,,,10,,2,,FALSE,,FALSE,6,,20260507_145347_unknown_allT_DP_MB_ME_g5_sm0p5_kg0_ks0_rcpp
sp3,36,2,,6,,2005-03-05,"","",palm,all,0.0381571271145179,0.372624469424891,0.406738340860665,0.00773303781512013,0.0620795782771553,-0.0203753924797626,1.4564596855136,1.07130403370132,25.9999,0.0638624477390889,-0.5,0,5,3.51132224183,0,given_orphan,6,2,3,,,,,,,,12,,2,,FALSE,,FALSE,6,,20260507_145347_unknown_allT_DP_MB_ME_g5_sm0p5_kg0_ks0_rcpp
sp3,36,2,2,7,,2010-02-23,"","",palm,all,0.0381571271145179,0.372624469424891,0.406738340860665,0.00773303781512013,0.0620795782771553,-0.0203753924797626,1.4564596855136,1.07130403370132,25.9999,0.0638624477390889,-0.5,0,5,3.51132224183,0,given,6,2,3,,,,,,,,14,,2,,FALSE,2,FALSE,6,,20260507_145347_unknown_allT_DP_MB_ME_g5_sm0p5_kg0_ks0_rcpp
sp3,36,2,2,8,,2015-03-04,"","",palm,all,0.0381571271145179,0.372624469424891,0.406738340860665,0.00773303781512013,0.0620795782771553,-0.0203753924797626,1.4564596855136,1.07130403370132,25.9999,0.0638624477390889,-0.5,0,5,3.51132224183,0,given,,,,,,,,,,,16,,2,,FALSE,2,FALSE,6,,20260507_145347_unknown_allT_DP_MB_ME_g5_sm0p5_kg0_ks0_rcpp
sp3,36,2,2,9,,2020-04-15,"","",palm,all,0.0381571271145179,0.372624469424891,0.406738340860665,0.00773303781512013,0.0620795782771553,-0.0203753924797626,1.4564596855136,1.07130403370132,25.9999,0.0638624477390889,-0.5,0,5,3.51132224183,0,given,,,,,,,,,,,18,,2,,FALSE,2,FALSE,6,,20260507_145347_unknown_allT_DP_MB_ME_g5_sm0p5_kg0_ks0_rcpp
sp3,37,1,,1,15.9681310033458,1980-01-01,"","",palm,all,0.0381571271145179,0.372624469424891,0.406738340860665,0.00773303781512013,0.0620795782771553,-0.0203753924797626,1.4564596855136,1.07130403370132,25.9999,0.0638624477390889,-0.5,0,5,3.51132224183,0,dp,120,1,5,5,0.339607889628793,2,0.339600198936515,1.32061211822529,0.339607889628793,0.320791911434693,1,,5,,FALSE,5,FALSE,6,ambiguous,20260507_145347_unknown_allT_DP_MB_ME_g5_sm0p5_kg0_ks0_rcpp
sp3,37,1,,2,23.2263528845508,1984-12-17,"","",palm,all,0.0381571271145179,0.372624469424891,0.406738340860665,0.00773303781512013,0.0620795782771553,-0.0203753924797626,1.4564596855136,1.07130403370132,25.9999,0.0638624477390889,-0.5,0,5,3.51132224183,0,dp,120,1,5,2,0.329402127339614,5,0.329393869340291,1.33497803867283,0.329402127339614,0.341204003320094,6,,2,,FALSE,2,FALSE,6,ambiguous,20260507_145347_unknown_allT_DP_MB_ME_g5_sm0p5_kg0_ks0_rcpp
sp3,37,1,,3,23.2263528845508,1989-12-11,"","",palm,all,0.0381571271145179,0.372624469424891,0.406738340860665,0.00773303781512013,0.0620795782771553,-0.0203753924797626,1.4564596855136,1.07130403370132,25.9999,0.0638624477390889,-0.5,0,5,3.51132224183,0,dp,120,1,5,7,0.339065144669987,6,0.339065144669986,1.32141794259164,0.339065144669987,0.678130289339973,11,,7,,FALSE,7,FALSE,6,unlinked-likely,20260507_145347_unknown_allT_DP_MB_ME_g5_sm0p5_kg0_ks0_rcpp
sp3,37,1,,4,,1994-12-22,"","",palm,all,0.0381571271145179,0.372624469424891,0.406738340860665,0.00773303781512013,0.0620795782771553,-0.0203753924797626,1.4564596855136,1.07130403370132,25.9999,0.0638624477390889,-0.5,0,5,3.51132224183,0,given_orphan,120,1,5,,,,,,,,16,,1,,FALSE,,FALSE,6,,20260507_145347_unknown_allT_DP_MB_ME_g5_sm0p5_kg0_ks0_rcpp
sp3,37,1,,5,,1999-11-28,"","",palm,all,0.0381571271145179,0.372624469424891,0.406738340860665,0.00773303781512013,0.0620795782771553,-0.0203753924797626,1.4564596855136,1.07130403370132,25.9999,0.0638624477390889,-0.5,0,5,3.51132224183,0,given_orphan,120,1,5,,,,,,,,21,,1,,FALSE,,FALSE,6,,20260507_145347_unknown_allT_DP_MB_ME_g5_sm0p5_kg0_ks0_rcpp
sp3,37,1,,6,,2004-11-22,"","",palm,all,0.0381571271145179,0.372624469424891,0.406738340860665,0.00773303781512013,0.0620795782771553,-0.0203753924797626,1.4564596855136,1.07130403370132,25.9999,0.0638624477390889,-0.5,0,5,3.51132224183,0,given_orphan,120,1,5,,,,,,,,26,,1,,FALSE,,FALSE,6,,20260507_145347_unknown_allT_DP_MB_ME_g5_sm0p5_kg0_ks0_rcpp
sp3,37,1,1,7,,2009-10-04,"","",palm,all,0.0381571271145179,0.372624469424891,0.406738340860665,0.00773303781512013,0.0620795782771553,-0.0203753924797626,1.4564596855136,1.07130403370132,25.9999,0.0638624477390889,-0.5,0,5,3.51132224183,0,given,120,1,5,,,,,,,,31,,1,,FALSE,1,FALSE,6,,20260507_145347_unknown_allT_DP_MB_ME_g5_sm0p5_kg0_ks0_rcpp
sp3,37,1,1,8,,2014-08-04,"","",palm,all,0.0381571271145179,0.372624469424891,0.406738340860665,0.00773303781512013,0.0620795782771553,-0.0203753924797626,1.4564596855136,1.07130403370132,25.9999,0.0638624477390889,-0.5,0,5,3.51132224183,0,given,,,,,,,,,,,36,,1,,FALSE,1,FALSE,6,,20260507_145347_unknown_allT_DP_MB_ME_g5_sm0p5_kg0_ks0_rcpp
sp3,37,1,1,9,,2019-09-08,"","",palm,all,0.0381571271145179,0.372624469424891,0.406738340860665,0.00773303781512013,0.0620795782771553,-0.0203753924797626,1.4564596855136,1.07130403370132,25.9999,0.0638624477390889,-0.5,0,5,3.51132224183,0,given,,,,,,,,,,,41,,1,,FALSE,1,FALSE,6,,20260507_145347_unknown_allT_DP_MB_ME_g5_sm0p5_kg0_ks0_rcpp
sp3,37,2,,1,14.8682877863853,1980-01-01,"","",palm,all,0.0381571271145179,0.372624469424891,0.406738340860665,0.00773303781512013,0.0620795782771553,-0.0203753924797626,1.4564596855136,1.07130403370132,25.9999,0.0638624477390889,-0.5,0,5,3.51132224183,0,dp,120,1,5,2,0.333137903026092,5,0.33313757793313,1.32993215388307,0.333137903026092,0.333724519040778,2,,2,,FALSE,2,FALSE,6,ambiguous,20260507_145347_unknown_allT_DP_MB_ME_g5_sm0p5_kg0_ks0_rcpp
sp3,37,2,,2,24.7750652121305,1984-12-17,"","",palm,all,0.0381571271145179,0.372624469424891,0.406738340860665,0.00773303781512013,0.0620795782771553,-0.0203753924797626,1.4564596855136,1.07130403370132,25.9999,0.0638624477390889,-0.5,0,5,3.51132224183,0,dp,120,1,5,5,0.364996629550772,2,0.364956594249245,1.27645253870482,0.364996629550772,0.270046776199983,7,,5,,FALSE,5,FALSE,6,ambiguous,20260507_145347_unknown_allT_DP_MB_ME_g5_sm0p5_kg0_ks0_rcpp
sp3,37,2,,3,27.2546602681853,1989-12-11,"","",palm,all,0.0381571271145179,0.372624469424891,0.406738340860665,0.00773303781512013,0.0620795782771553,-0.0203753924797626,1.4564596855136,1.07130403370132,25.9999,0.0638624477390889,-0.5,0,5,3.51132224183,0,dp,120,1,5,5,0.471613704743588,2,0.471406213853668,0.911723114351237,0.471613704743588,0.0569800814027442,12,,5,,FALSE,5,FALSE,6,ambiguous,20260507_145347_unknown_allT_DP_MB_ME_g5_sm0p5_kg0_ks0_rcpp
sp3,37,2,,4,37.7404987368212,1994-12-22,"","",palm,all,0.0381571271145179,0.372624469424891,0.406738340860665,0.00773303781512013,0.0620795782771553,-0.0203753924797626,1.4564596855136,1.07130403370132,25.9999,0.0638624477390889,-0.5,0,5,3.51132224183,0,dp,120,1,5,5,0.50104220525478,2,0.498957794745221,0.693145008174786,0.50104220525478,0,17,,5,,FALSE,5,FALSE,6,ambiguous,20260507_145347_unknown_allT_DP_MB_ME_g5_sm0p5_kg0_ks0_rcpp
sp3,37,2,,5,46.585076681707,1999-11-28,"","",palm,all,0.0381571271145179,0.372624469424891,0.406738340860665,0.00773303781512013,0.0620795782771553,-0.0203753924797626,1.4564596855136,1.07130403370132,25.9999,0.0638624477390889,-0.5,0,5,3.51132224183,0,dp,120,1,5,5,0.515516935163353,2,0.484483064836647,0.692665552679446,0.515516935163353,0,22,,5,,FALSE,5,FALSE,6,ambiguous,20260507_145347_unknown_allT_DP_MB_ME_g5_sm0p5_kg0_ks0_rcpp
sp3,37,2,,6,46.6471749619086,2004-11-22,"","",palm,all,0.0381571271145179,0.372624469424891,0.406738340860665,0.00773303781512013,0.0620795782771553,-0.0203753924797626,1.4564596855136,1.07130403370132,25.9999,0.0638624477390889,-0.5,0,5,3.51132224183,0,dp,120,1,5,5,0.697795034220006,2,0.302204965779994,0.612721005079423,0.697795034220006,0,27,,5,,FALSE,5,FALSE,6,ambiguous,20260507_145347_unknown_allT_DP_MB_ME_g5_sm0p5_kg0_ks0_rcpp
sp3,37,2,2,7,47.7863181282023,2009-10-04,"","",palm,all,0.0381571271145179,0.372624469424891,0.406738340860665,0.00773303781512013,0.0620795782771553,-0.0203753924797626,1.4564596855136,1.07130403370132,25.9999,0.0638624477390889,-0.5,0,5,3.51132224183,0,given,120,1,5,2,1,4,0,0,1,0,32,,2,,FALSE,2,FALSE,6,confident,20260507_145347_unknown_allT_DP_MB_ME_g5_sm0p5_kg0_ks0_rcpp
sp3,37,2,2,8,60.1539610887131,2014-08-04,"","",palm,all,0.0381571271145179,0.372624469424891,0.406738340860665,0.00773303781512013,0.0620795782771553,-0.0203753924797626,1.4564596855136,1.07130403370132,25.9999,0.0638624477390889,-0.5,0,5,3.51132224183,0,given,,,,,,,,,,,37,,2,,FALSE,2,FALSE,6,,20260507_145347_unknown_allT_DP_MB_ME_g5_sm0p5_kg0_ks0_rcpp
sp3,37,2,2,9,,2019-09-08,"","",palm,all,0.0381571271145179,0.372624469424891,0.406738340860665,0.00773303781512013,0.0620795782771553,-0.0203753924797626,1.4564596855136,1.07130403370132,25.9999,0.0638624477390889,-0.5,0,5,3.51132224183,0,given,,,,,,,,,,,42,,2,,FALSE,2,FALSE,6,,20260507_145347_unknown_allT_DP_MB_ME_g5_sm0p5_kg0_ks0_rcpp
sp3,37,3,,1,51.5879941841885,1980-01-01,"","",palm,all,0.0381571271145179,0.372624469424891,0.406738340860665,0.00773303781512013,0.0620795782771553,-0.0203753924797626,1.4564596855136,1.07130403370132,25.9999,0.0638624477390889,-0.5,0,5,3.51132224183,0,dp,120,1,5,6,0.500000000000001,7,0.5,0.693147180559945,0.500000000000001,1,3,,6,,FALSE,6,FALSE,6,unlinked-likely,20260507_145347_unknown_allT_DP_MB_ME_g5_sm0p5_kg0_ks0_rcpp
sp3,37,3,,2,60.9223949813098,1984-12-17,"","",palm,all,0.0381571271145179,0.372624469424891,0.406738340860665,0.00773303781512013,0.0620795782771553,-0.0203753924797626,1.4564596855136,1.07130403370132,25.9999,0.0638624477390889,-0.5,0,5,3.51132224183,0,dp,120,1,5,6,0.500000000000001,7,0.499999999999999,0.693147180559945,0.500000000000001,1,8,,6,,FALSE,6,FALSE,6,unlinked-likely,20260507_145347_unknown_allT_DP_MB_ME_g5_sm0p5_kg0_ks0_rcpp
sp3,37,3,,3,,1989-12-11,"","",palm,all,0.0381571271145179,0.372624469424891,0.406738340860665,0.00773303781512013,0.0620795782771553,-0.0203753924797626,1.4564596855136,1.07130403370132,25.9999,0.0638624477390889,-0.5,0,5,3.51132224183,0,given_orphan,120,1,5,,,,,,,,13,,3,,FALSE,,FALSE,6,,20260507_145347_unknown_allT_DP_MB_ME_g5_sm0p5_kg0_ks0_rcpp
sp3,37,3,,4,,1994-12-22,"","",palm,all,0.0381571271145179,0.372624469424891,0.406738340860665,0.00773303781512013,0.0620795782771553,-0.0203753924797626,1.4564596855136,1.07130403370132,25.9999,0.0638624477390889,-0.5,0,5,3.51132224183,0,given_orphan,120,1,5,,,,,,,,18,,3,,FALSE,,FALSE,6,,20260507_145347_unknown_allT_DP_MB_ME_g5_sm0p5_kg0_ks0_rcpp
sp3,37,3,,5,,1999-11-28,"","",palm,all,0.0381571271145179,0.372624469424891,0.406738340860665,0.00773303781512013,0.0620795782771553,-0.0203753924797626,1.4564596855136,1.07130403370132,25.9999,0.0638624477390889,-0.5,0,5,3.51132224183,0,given_orphan,120,1,5,,,,,,,,23,,3,,FALSE,,FALSE,6,,20260507_145347_unknown_allT_DP_MB_ME_g5_sm0p5_kg0_ks0_rcpp
sp3,37,3,,6,,2004-11-22,"","",palm,all,0.0381571271145179,0.372624469424891,0.406738340860665,0.00773303781512013,0.0620795782771553,-0.0203753924797626,1.4564596855136,1.07130403370132,25.9999,0.0638624477390889,-0.5,0,5,3.51132224183,0,given_orphan,120,1,5,,,,,,,,28,,3,,FALSE,,FALSE,6,,20260507_145347_unknown_allT_DP_MB_ME_g5_sm0p5_kg0_ks0_rcpp
sp3,37,3,3,7,,2009-10-04,"","",palm,all,0.0381571271145179,0.372624469424891,0.406738340860665,0.00773303781512013,0.0620795782771553,-0.0203753924797626,1.4564596855136,1.07130403370132,25.9999,0.0638624477390889,-0.5,0,5,3.51132224183,0,given,120,1,5,,,,,,,,33,,3,,FALSE,3,FALSE,6,,20260507_145347_unknown_allT_DP_MB_ME_g5_sm0p5_kg0_ks0_rcpp
sp3,37,3,3,8,,2014-08-04,"","",palm,all,0.0381571271145179,0.372624469424891,0.406738340860665,0.00773303781512013,0.0620795782771553,-0.0203753924797626,1.4564596855136,1.07130403370132,25.9999,0.0638624477390889,-0.5,0,5,3.51132224183,0,given,,,,,,,,,,,38,,3,,FALSE,3,FALSE,6,,20260507_145347_unknown_allT_DP_MB_ME_g5_sm0p5_kg0_ks0_rcpp
sp3,37,3,3,9,,2019-09-08,"","",palm,all,0.0381571271145179,0.372624469424891,0.406738340860665,0.00773303781512013,0.0620795782771553,-0.0203753924797626,1.4564596855136,1.07130403370132,25.9999,0.0638624477390889,-0.5,0,5,3.51132224183,0,given,,,,,,,,,,,43,,3,,FALSE,3,FALSE,6,,20260507_145347_unknown_allT_DP_MB_ME_g5_sm0p5_kg0_ks0_rcpp
sp3,37,4,,1,,1980-01-01,"","",palm,all,0.0381571271145179,0.372624469424891,0.406738340860665,0.00773303781512013,0.0620795782771553,-0.0203753924797626,1.4564596855136,1.07130403370132,25.9999,0.0638624477390889,-0.5,0,5,3.51132224183,0,given_orphan,120,1,5,,,,,,,,4,,4,,FALSE,,FALSE,6,,20260507_145347_unknown_allT_DP_MB_ME_g5_sm0p5_kg0_ks0_rcpp
sp3,37,4,,2,,1984-12-17,"","",palm,all,0.0381571271145179,0.372624469424891,0.406738340860665,0.00773303781512013,0.0620795782771553,-0.0203753924797626,1.4564596855136,1.07130403370132,25.9999,0.0638624477390889,-0.5,0,5,3.51132224183,0,given_orphan,120,1,5,,,,,,,,9,,4,,FALSE,,FALSE,6,,20260507_145347_unknown_allT_DP_MB_ME_g5_sm0p5_kg0_ks0_rcpp
sp3,37,4,,3,,1989-12-11,"","",palm,all,0.0381571271145179,0.372624469424891,0.406738340860665,0.00773303781512013,0.0620795782771553,-0.0203753924797626,1.4564596855136,1.07130403370132,25.9999,0.0638624477390889,-0.5,0,5,3.51132224183,0,given_orphan,120,1,5,,,,,,,,14,,4,,FALSE,,FALSE,6,,20260507_145347_unknown_allT_DP_MB_ME_g5_sm0p5_kg0_ks0_rcpp
sp3,37,4,,4,0.520636709563457,1994-12-22,"","",palm,all,0.0381571271145179,0.372624469424891,0.406738340860665,0.00773303781512013,0.0620795782771553,-0.0203753924797626,1.4564596855136,1.07130403370132,25.9999,0.0638624477390889,-0.5,0,5,3.51132224183,0,dp,120,1,5,4,1,2,0,0,1,0,19,,4,,FALSE,4,FALSE,6,confident,20260507_145347_unknown_allT_DP_MB_ME_g5_sm0p5_kg0_ks0_rcpp
sp3,37,4,,5,2.01260383368533,1999-11-28,"","",palm,all,0.0381571271145179,0.372624469424891,0.406738340860665,0.00773303781512013,0.0620795782771553,-0.0203753924797626,1.4564596855136,1.07130403370132,25.9999,0.0638624477390889,-0.5,0,5,3.51132224183,0,dp,120,1,5,4,1,2,0,0,1,0,24,,4,,FALSE,4,FALSE,6,confident,20260507_145347_unknown_allT_DP_MB_ME_g5_sm0p5_kg0_ks0_rcpp
sp3,37,4,,6,3.20518177021413,2004-11-22,"","",palm,all,0.0381571271145179,0.372624469424891,0.406738340860665,0.00773303781512013,0.0620795782771553,-0.0203753924797626,1.4564596855136,1.07130403370132,25.9999,0.0638624477390889,-0.5,0,5,3.51132224183,0,dp,120,1,5,4,1,2,0,0,1,0,29,,4,,FALSE,4,FALSE,6,confident,20260507_145347_unknown_allT_DP_MB_ME_g5_sm0p5_kg0_ks0_rcpp
sp3,37,4,4,7,6.34461838781835,2009-10-04,"","",palm,all,0.0381571271145179,0.372624469424891,0.406738340860665,0.00773303781512013,0.0620795782771553,-0.0203753924797626,1.4564596855136,1.07130403370132,25.9999,0.0638624477390889,-0.5,0,5,3.51132224183,0,given,120,1,5,4,1,2,0,0,1,0,34,,4,,FALSE,4,FALSE,6,confident,20260507_145347_unknown_allT_DP_MB_ME_g5_sm0p5_kg0_ks0_rcpp
sp3,37,4,4,8,13.1626660344963,2014-08-04,"","",palm,all,0.0381571271145179,0.372624469424891,0.406738340860665,0.00773303781512013,0.0620795782771553,-0.0203753924797626,1.4564596855136,1.07130403370132,25.9999,0.0638624477390889,-0.5,0,5,3.51132224183,0,given,,,,,,,,,,,39,,4,,FALSE,4,FALSE,6,,20260507_145347_unknown_allT_DP_MB_ME_g5_sm0p5_kg0_ks0_rcpp
sp3,37,4,4,9,13.1626660344963,2019-09-08,"","",palm,all,0.0381571271145179,0.372624469424891,0.406738340860665,0.00773303781512013,0.0620795782771553,-0.0203753924797626,1.4564596855136,1.07130403370132,25.9999,0.0638624477390889,-0.5,0,5,3.51132224183,0,given,,,,,,,,,,,44,,4,,FALSE,4,FALSE,6,,20260507_145347_unknown_allT_DP_MB_ME_g5_sm0p5_kg0_ks0_rcpp
sp3,37,5,,1,13.5233052484336,1980-01-01,"","",palm,all,0.0381571271145179,0.372624469424891,0.406738340860665,0.00773303781512013,0.0620795782771553,-0.0203753924797626,1.4564596855136,1.07130403370132,25.9999,0.0638624477390889,-0.5,0,5,3.51132224183,0,dp,120,1,5,2,0.327261898037393,5,0.327254532438077,1.33775305097912,0.172741784762265,0.34548356952453,5,,7,,FALSE,7,FALSE,6,ambiguous,20260507_145347_unknown_allT_DP_MB_ME_g5_sm0p5_kg0_ks0_rcpp
sp3,37,5,,2,22.3105592537317,1984-12-17,"","",palm,all,0.0381571271145179,0.372624469424891,0.406738340860665,0.00773303781512013,0.0620795782771553,-0.0203753924797626,1.4564596855136,1.07130403370132,25.9999,0.0638624477390889,-0.5,0,5,3.51132224183,0,dp,120,1,5,2,0.30564127841114,5,0.305609501108937,1.36133248831232,0.194374610239961,0.388749220479923,10,,7,,FALSE,7,FALSE,6,ambiguous,20260507_145347_unknown_allT_DP_MB_ME_g5_sm0p5_kg0_ks0_rcpp
sp3,37,5,,3,24.5176609151115,1989-12-11,"","",palm,all,0.0381571271145179,0.372624469424891,0.406738340860665,0.00773303781512013,0.0620795782771553,-0.0203753924797626,1.4564596855136,1.07130403370132,25.9999,0.0638624477390889,-0.5,0,5,3.51132224183,0,dp,120,1,5,2,0.367627106543965,5,0.367483264198751,1.27125659970339,0.367627106543965,0.264889629257283,15,,2,,FALSE,2,FALSE,6,ambiguous,20260507_145347_unknown_allT_DP_MB_ME_g5_sm0p5_kg0_ks0_rcpp
sp3,37,5,,4,36.9057297068241,1994-12-22,"","",palm,all,0.0381571271145179,0.372624469424891,0.406738340860665,0.00773303781512013,0.0620795782771553,-0.0203753924797626,1.4564596855136,1.07130403370132,25.9999,0.0638624477390889,-0.5,0,5,3.51132224183,0,dp,120,1,5,2,0.50104220525478,5,0.498957794745221,0.693145008174786,0.50104220525478,0,20,,2,,FALSE,2,FALSE,6,ambiguous,20260507_145347_unknown_allT_DP_MB_ME_g5_sm0p5_kg0_ks0_rcpp
sp3,37,5,,5,44.7065408664941,1999-11-28,"","",palm,all,0.0381571271145179,0.372624469424891,0.406738340860665,0.00773303781512013,0.0620795782771553,-0.0203753924797626,1.4564596855136,1.07130403370132,25.9999,0.0638624477390889,-0.5,0,5,3.51132224183,0,dp,120,1,5,2,0.515516935163353,5,0.484483064836647,0.692665552679446,0.515516935163353,0,25,,2,,FALSE,2,FALSE,6,ambiguous,20260507_145347_unknown_allT_DP_MB_ME_g5_sm0p5_kg0_ks0_rcpp
sp3,37,5,,6,44.7065408664941,2004-11-22,"","",palm,all,0.0381571271145179,0.372624469424891,0.406738340860665,0.00773303781512013,0.0620795782771553,-0.0203753924797626,1.4564596855136,1.07130403370132,25.9999,0.0638624477390889,-0.5,0,5,3.51132224183,0,dp,120,1,5,2,0.697795034220006,5,0.302204965779994,0.612721005079423,0.697795034220006,0,30,,2,,FALSE,2,FALSE,6,ambiguous,20260507_145347_unknown_allT_DP_MB_ME_g5_sm0p5_kg0_ks0_rcpp
sp3,37,5,5,7,54.1649677852525,2009-10-04,"","",palm,all,0.0381571271145179,0.372624469424891,0.406738340860665,0.00773303781512013,0.0620795782771553,-0.0203753924797626,1.4564596855136,1.07130403370132,25.9999,0.0638624477390889,-0.5,0,5,3.51132224183,0,given,120,1,5,5,1,2,0,0,1,0,35,,5,,FALSE,5,FALSE,6,confident,20260507_145347_unknown_allT_DP_MB_ME_g5_sm0p5_kg0_ks0_rcpp
sp3,37,5,5,8,,2014-08-04,"","",palm,all,0.0381571271145179,0.372624469424891,0.406738340860665,0.00773303781512013,0.0620795782771553,-0.0203753924797626,1.4564596855136,1.07130403370132,25.9999,0.0638624477390889,-0.5,0,5,3.51132224183,0,given,,,,,,,,,,,40,,5,,FALSE,5,FALSE,6,,20260507_145347_unknown_allT_DP_MB_ME_g5_sm0p5_kg0_ks0_rcpp
sp3,37,5,5,9,,2019-09-08,"","",palm,all,0.0381571271145179,0.372624469424891,0.406738340860665,0.00773303781512013,0.0620795782771553,-0.0203753924797626,1.4564596855136,1.07130403370132,25.9999,0.0638624477390889,-0.5,0,5,3.51132224183,0,given,,,,,,,,,,,45,,5,,FALSE,5,FALSE,6,,20260507_145347_unknown_allT_DP_MB_ME_g5_sm0p5_kg0_ks0_rcpp
sp3,38,1,,1,25.2348482752908,1980-01-01,"","",palm,all,0.0381571271145179,0.372624469424891,0.406738340860665,0.00773303781512013,0.0620795782771553,-0.0203753924797626,1.4564596855136,1.07130403370132,25.9999,0.0638624477390889,-0.5,0,5,3.51132224183,0,dp,12,1,4,4,0.333333333333333,5,0.333333333333333,1.09861228866811,0.333333333333333,1,1,,4,,FALSE,4,FALSE,6,unlinked-likely,20260507_145347_unknown_allT_DP_MB_ME_g5_sm0p5_kg0_ks0_rcpp
sp3,38,1,,2,31.899895446016,1984-12-11,"","",palm,all,0.0381571271145179,0.372624469424891,0.406738340860665,0.00773303781512013,0.0620795782771553,-0.0203753924797626,1.4564596855136,1.07130403370132,25.9999,0.0638624477390889,-0.5,0,5,3.51132224183,0,dp,12,1,4,4,0.333333333333333,5,0.333333333333333,1.09861228866811,0.333333333333333,1,4,,4,,FALSE,4,FALSE,6,unlinked-likely,20260507_145347_unknown_allT_DP_MB_ME_g5_sm0p5_kg0_ks0_rcpp
sp3,38,1,,3,34.4011226963959,1990-01-25,"","",palm,all,0.0381571271145179,0.372624469424891,0.406738340860665,0.00773303781512013,0.0620795782771553,-0.0203753924797626,1.4564596855136,1.07130403370132,25.9999,0.0638624477390889,-0.5,0,5,3.51132224183,0,dp,12,1,4,4,0.333333333333333,5,0.333333333333333,1.09861228866811,0.333333333333333,1,7,,4,,FALSE,4,FALSE,6,unlinked-likely,20260507_145347_unknown_allT_DP_MB_ME_g5_sm0p5_kg0_ks0_rcpp
sp3,38,1,,4,,1995-01-27,"","",palm,all,0.0381571271145179,0.372624469424891,0.406738340860665,0.00773303781512013,0.0620795782771553,-0.0203753924797626,1.4564596855136,1.07130403370132,25.9999,0.0638624477390889,-0.5,0,5,3.51132224183,0,given_orphan,12,1,4,,,,,,,,10,,1,,FALSE,,FALSE,6,,20260507_145347_unknown_allT_DP_MB_ME_g5_sm0p5_kg0_ks0_rcpp
sp3,38,1,,5,,1999-11-11,"","",palm,all,0.0381571271145179,0.372624469424891,0.406738340860665,0.00773303781512013,0.0620795782771553,-0.0203753924797626,1.4564596855136,1.07130403370132,25.9999,0.0638624477390889,-0.5,0,5,3.51132224183,0,given_orphan,12,1,4,,,,,,,,13,,1,,FALSE,,FALSE,6,,20260507_145347_unknown_allT_DP_MB_ME_g5_sm0p5_kg0_ks0_rcpp
sp3,38,1,,6,,2004-12-28,"","",palm,all,0.0381571271145179,0.372624469424891,0.406738340860665,0.00773303781512013,0.0620795782771553,-0.0203753924797626,1.4564596855136,1.07130403370132,25.9999,0.0638624477390889,-0.5,0,5,3.51132224183,0,given_orphan,12,1,4,,,,,,,,16,,1,,FALSE,,FALSE,6,,20260507_145347_unknown_allT_DP_MB_ME_g5_sm0p5_kg0_ks0_rcpp
sp3,38,1,1,7,,2010-03-11,"","",palm,all,0.0381571271145179,0.372624469424891,0.406738340860665,0.00773303781512013,0.0620795782771553,-0.0203753924797626,1.4564596855136,1.07130403370132,25.9999,0.0638624477390889,-0.5,0,5,3.51132224183,0,given,12,1,4,,,,,,,,19,,1,,FALSE,1,FALSE,6,,20260507_145347_unknown_allT_DP_MB_ME_g5_sm0p5_kg0_ks0_rcpp
sp3,38,1,1,8,,2015-02-25,"","",palm,all,0.0381571271145179,0.372624469424891,0.406738340860665,0.00773303781512013,0.0620795782771553,-0.0203753924797626,1.4564596855136,1.07130403370132,25.9999,0.0638624477390889,-0.5,0,5,3.51132224183,0,given,,,,,,,,,,,22,,1,,FALSE,1,FALSE,6,,20260507_145347_unknown_allT_DP_MB_ME_g5_sm0p5_kg0_ks0_rcpp
sp3,38,1,1,9,,2020-03-09,"","",palm,all,0.0381571271145179,0.372624469424891,0.406738340860665,0.00773303781512013,0.0620795782771553,-0.0203753924797626,1.4564596855136,1.07130403370132,25.9999,0.0638624477390889,-0.5,0,5,3.51132224183,0,given,,,,,,,,,,,25,,1,,FALSE,1,FALSE,6,,20260507_145347_unknown_allT_DP_MB_ME_g5_sm0p5_kg0_ks0_rcpp
sp3,38,2,,1,,1980-01-01,"","",palm,all,0.0381571271145179,0.372624469424891,0.406738340860665,0.00773303781512013,0.0620795782771553,-0.0203753924797626,1.4564596855136,1.07130403370132,25.9999,0.0638624477390889,-0.5,0,5,3.51132224183,0,given_orphan,12,1,4,,,,,,,,2,,2,,FALSE,,FALSE,6,,20260507_145347_unknown_allT_DP_MB_ME_g5_sm0p5_kg0_ks0_rcpp
sp3,38,2,,2,,1984-12-11,"","",palm,all,0.0381571271145179,0.372624469424891,0.406738340860665,0.00773303781512013,0.0620795782771553,-0.0203753924797626,1.4564596855136,1.07130403370132,25.9999,0.0638624477390889,-0.5,0,5,3.51132224183,0,given_orphan,12,1,4,,,,,,,,5,,2,,FALSE,,FALSE,6,,20260507_145347_unknown_allT_DP_MB_ME_g5_sm0p5_kg0_ks0_rcpp
sp3,38,2,,3,,1990-01-25,"","",palm,all,0.0381571271145179,0.372624469424891,0.406738340860665,0.00773303781512013,0.0620795782771553,-0.0203753924797626,1.4564596855136,1.07130403370132,25.9999,0.0638624477390889,-0.5,0,5,3.51132224183,0,given_orphan,12,1,4,,,,,,,,8,,2,,FALSE,,FALSE,6,,20260507_145347_unknown_allT_DP_MB_ME_g5_sm0p5_kg0_ks0_rcpp
sp3,38,2,,4,,1995-01-27,"","",palm,all,0.0381571271145179,0.372624469424891,0.406738340860665,0.00773303781512013,0.0620795782771553,-0.0203753924797626,1.4564596855136,1.07130403370132,25.9999,0.0638624477390889,-0.5,0,5,3.51132224183,0,given_orphan,12,1,4,,,,,,,,11,,2,,FALSE,,FALSE,6,,20260507_145347_unknown_allT_DP_MB_ME_g5_sm0p5_kg0_ks0_rcpp
sp3,38,2,,5,0.905412970667758,1999-11-11,"","",palm,all,0.0381571271145179,0.372624469424891,0.406738340860665,0.00773303781512013,0.0620795782771553,-0.0203753924797626,1.4564596855136,1.07130403370132,25.9999,0.0638624477390889,-0.5,0,5,3.51132224183,0,dp,12,1,4,2,0.966907388910874,4,0.0110308703630418,0.181689210927936,0.966907388910874,0.0330926110891254,14,,2,,FALSE,2,FALSE,6,confident,20260507_145347_unknown_allT_DP_MB_ME_g5_sm0p5_kg0_ks0_rcpp
sp3,38,2,,6,1.46423748999101,2004-12-28,"","",palm,all,0.0381571271145179,0.372624469424891,0.406738340860665,0.00773303781512013,0.0620795782771553,-0.0203753924797626,1.4564596855136,1.07130403370132,25.9999,0.0638624477390889,-0.5,0,5,3.51132224183,0,dp,12,1,4,2,0.98394558885852,4,0.00535147038049327,0.0998955776911509,0.98394558885852,0.0160544111414798,17,,2,,FALSE,2,FALSE,6,confident,20260507_145347_unknown_allT_DP_MB_ME_g5_sm0p5_kg0_ks0_rcpp
sp3,38,2,2,7,5.0128978574568,2010-03-11,"","",palm,all,0.0381571271145179,0.372624469424891,0.406738340860665,0.00773303781512013,0.0620795782771553,-0.0203753924797626,1.4564596855136,1.07130403370132,25.9999,0.0638624477390889,-0.5,0,5,3.51132224183,0,given,12,1,4,2,1,4,0,0,1,0,20,,2,,FALSE,2,FALSE,6,confident,20260507_145347_unknown_allT_DP_MB_ME_g5_sm0p5_kg0_ks0_rcpp
sp3,38,2,2,8,13.4173496444759,2015-02-25,"","",palm,all,0.0381571271145179,0.372624469424891,0.406738340860665,0.00773303781512013,0.0620795782771553,-0.0203753924797626,1.4564596855136,1.07130403370132,25.9999,0.0638624477390889,-0.5,0,5,3.51132224183,0,given,,,,,,,,,,,23,,2,,FALSE,2,FALSE,6,,20260507_145347_unknown_allT_DP_MB_ME_g5_sm0p5_kg0_ks0_rcpp
sp3,38,2,2,9,13.7264948274074,2020-03-09,"","",palm,all,0.0381571271145179,0.372624469424891,0.406738340860665,0.00773303781512013,0.0620795782771553,-0.0203753924797626,1.4564596855136,1.07130403370132,25.9999,0.0638624477390889,-0.5,0,5,3.51132224183,0,given,,,,,,,,,,,26,,2,,FALSE,2,FALSE,6,,20260507_145347_unknown_allT_DP_MB_ME_g5_sm0p5_kg0_ks0_rcpp
sp3,38,3,,1,2.27097949464243,1980-01-01,"","",palm,all,0.0381571271145179,0.372624469424891,0.406738340860665,0.00773303781512013,0.0620795782771553,-0.0203753924797626,1.4564596855136,1.07130403370132,25.9999,0.0638624477390889,-0.5,0,5,3.51132224183,0,dp,12,1,4,4,0.333333333333333,5,0.333333333333333,1.09861228866811,0.333333333333333,1,3,,5,,FALSE,5,FALSE,6,unlinked-likely,20260507_145347_unknown_allT_DP_MB_ME_g5_sm0p5_kg0_ks0_rcpp
sp3,38,3,,2,6.06787063756681,1984-12-11,"","",palm,all,0.0381571271145179,0.372624469424891,0.406738340860665,0.00773303781512013,0.0620795782771553,-0.0203753924797626,1.4564596855136,1.07130403370132,25.9999,0.0638624477390889,-0.5,0,5,3.51132224183,0,dp,12,1,4,4,0.333333333333333,5,0.333333333333333,1.09861228866811,0.333333333333333,1,6,,5,,FALSE,5,FALSE,6,unlinked-likely,20260507_145347_unknown_allT_DP_MB_ME_g5_sm0p5_kg0_ks0_rcpp
sp3,38,3,,3,6.33997475438276,1990-01-25,"","",palm,all,0.0381571271145179,0.372624469424891,0.406738340860665,0.00773303781512013,0.0620795782771553,-0.0203753924797626,1.4564596855136,1.07130403370132,25.9999,0.0638624477390889,-0.5,0,5,3.51132224183,0,dp,12,1,4,4,0.333333333333333,5,0.333333333333333,1.09861228866811,0.333333333333333,1,9,,5,,FALSE,5,FALSE,6,unlinked-likely,20260507_145347_unknown_allT_DP_MB_ME_g5_sm0p5_kg0_ks0_rcpp
sp3,38,3,,4,13.9926245872174,1995-01-27,"","",palm,all,0.0381571271145179,0.372624469424891,0.406738340860665,0.00773303781512013,0.0620795782771553,-0.0203753924797626,1.4564596855136,1.07130403370132,25.9999,0.0638624477390889,-0.5,0,5,3.51132224183,0,dp,12,1,4,5,0.333333333333333,6,0.333333333333333,1.09861228866811,0.333333333333333,1,12,,5,,FALSE,5,FALSE,6,unlinked-likely,20260507_145347_unknown_allT_DP_MB_ME_g5_sm0p5_kg0_ks0_rcpp
sp3,38,3,,5,20.0981647539495,1999-11-11,"","",palm,all,0.0381571271145179,0.372624469424891,0.406738340860665,0.00773303781512013,0.0620795782771553,-0.0203753924797626,1.4564596855136,1.07130403370132,25.9999,0.0638624477390889,-0.5,0,5,3.51132224183,0,dp,12,1,4,4,0.333333333333333,5,0.333333333333333,1.09861228866811,0.333333333333333,1,15,,5,,FALSE,5,FALSE,6,unlinked-likely,20260507_145347_unknown_allT_DP_MB_ME_g5_sm0p5_kg0_ks0_rcpp
sp3,38,3,,6,,2004-12-28,"","",palm,all,0.0381571271145179,0.372624469424891,0.406738340860665,0.00773303781512013,0.0620795782771553,-0.0203753924797626,1.4564596855136,1.07130403370132,25.9999,0.0638624477390889,-0.5,0,5,3.51132224183,0,given_orphan,12,1,4,,,,,,,,18,,3,,FALSE,,FALSE,6,,20260507_145347_unknown_allT_DP_MB_ME_g5_sm0p5_kg0_ks0_rcpp
sp3,38,3,3,7,,2010-03-11,"","",palm,all,0.0381571271145179,0.372624469424891,0.406738340860665,0.00773303781512013,0.0620795782771553,-0.0203753924797626,1.4564596855136,1.07130403370132,25.9999,0.0638624477390889,-0.5,0,5,3.51132224183,0,given,12,1,4,,,,,,,,21,,3,,FALSE,3,FALSE,6,,20260507_145347_unknown_allT_DP_MB_ME_g5_sm0p5_kg0_ks0_rcpp
sp3,38,3,3,8,,2015-02-25,"","",palm,all,0.0381571271145179,0.372624469424891,0.406738340860665,0.00773303781512013,0.0620795782771553,-0.0203753924797626,1.4564596855136,1.07130403370132,25.9999,0.0638624477390889,-0.5,0,5,3.51132224183,0,given,,,,,,,,,,,24,,3,,FALSE,3,FALSE,6,,20260507_145347_unknown_allT_DP_MB_ME_g5_sm0p5_kg0_ks0_rcpp
sp3,38,3,3,9,,2020-03-09,"","",palm,all,0.0381571271145179,0.372624469424891,0.406738340860665,0.00773303781512013,0.0620795782771553,-0.0203753924797626,1.4564596855136,1.07130403370132,25.9999,0.0638624477390889,-0.5,0,5,3.51132224183,0,given,,,,,,,,,,,27,,3,,FALSE,3,FALSE,6,,20260507_145347_unknown_allT_DP_MB_ME_g5_sm0p5_kg0_ks0_rcpp
sp1,39,1,,6,30,2004-12-31,"","",tree,all,0.0381571271145179,0.372624469424891,0.406738340860665,0.00773303781512013,0.0620795782771553,-0.0203753924797626,1.4564596855136,1.07130403370132,25.9999,0.0638624477390889,-0.5,0,5,3.51132224183,0,dp,1,6,1,1,1,,,0,1,0,1,,1,,FALSE,1,FALSE,6,confident,20260507_145347_unknown_allT_DP_MB_ME_g5_sm0p5_kg0_ks0_rcpp
sp1,39,1,1,7,35,2010-01-01,"","",tree,all,0.0381571271145179,0.372624469424891,0.406738340860665,0.00773303781512013,0.0620795782771553,-0.0203753924797626,1.4564596855136,1.07130403370132,25.9999,0.0638624477390889,-0.5,0,5,3.51132224183,0,given,1,6,1,1,1,,,0,1,0,2,,1,,FALSE,1,FALSE,6,confident,20260507_145347_unknown_allT_DP_MB_ME_g5_sm0p5_kg0_ks0_rcpp
sp1,39,1,1,8,40,2015-01-01,"","",tree,all,0.0381571271145179,0.372624469424891,0.406738340860665,0.00773303781512013,0.0620795782771553,-0.0203753924797626,1.4564596855136,1.07130403370132,25.9999,0.0638624477390889,-0.5,0,5,3.51132224183,0,given,,,,,,,,,,,3,,1,,FALSE,1,FALSE,6,,20260507_145347_unknown_allT_DP_MB_ME_g5_sm0p5_kg0_ks0_rcpp
sp1,39,1,1,9,45,2020-01-01,"","",tree,all,0.0381571271145179,0.372624469424891,0.406738340860665,0.00773303781512013,0.0620795782771553,-0.0203753924797626,1.4564596855136,1.07130403370132,25.9999,0.0638624477390889,-0.5,0,5,3.51132224183,0,given,,,,,,,,,,,4,,1,,FALSE,1,FALSE,6,,20260507_145347_unknown_allT_DP_MB_ME_g5_sm0p5_kg0_ks0_rcpp
sp2,40,1,,1,10,1980-01-01,"","",tree,all,0.0381571271145179,0.372624469424891,0.406738340860665,0.00773303781512013,0.0620795782771553,-0.0203753924797626,1.4564596855136,1.07130403370132,25.9999,0.0638624477390889,-0.5,0,5,3.51132224183,0,dp,1,1,1,1,1,,,0,1,0,1,,1,,FALSE,1,FALSE,6,confident,20260507_145347_unknown_allT_DP_MB_ME_g5_sm0p5_kg0_ks0_rcpp
sp2,40,1,,2,15,1984-12-31,"","",tree,all,0.0381571271145179,0.372624469424891,0.406738340860665,0.00773303781512013,0.0620795782771553,-0.0203753924797626,1.4564596855136,1.07130403370132,25.9999,0.0638624477390889,-0.5,0,5,3.51132224183,0,dp,1,1,1,1,1,,,0,1,0,2,,1,,FALSE,1,FALSE,6,confident,20260507_145347_unknown_allT_DP_MB_ME_g5_sm0p5_kg0_ks0_rcpp
sp2,40,1,,3,20,1989-12-31,"","",tree,all,0.0381571271145179,0.372624469424891,0.406738340860665,0.00773303781512013,0.0620795782771553,-0.0203753924797626,1.4564596855136,1.07130403370132,25.9999,0.0638624477390889,-0.5,0,5,3.51132224183,0,dp,1,1,1,1,1,,,0,1,0,3,,1,,FALSE,1,FALSE,6,confident,20260507_145347_unknown_allT_DP_MB_ME_g5_sm0p5_kg0_ks0_rcpp
sp2,40,1,,4,25,1995-01-01,"","",tree,all,0.0381571271145179,0.372624469424891,0.406738340860665,0.00773303781512013,0.0620795782771553,-0.0203753924797626,1.4564596855136,1.07130403370132,25.9999,0.0638624477390889,-0.5,0,5,3.51132224183,0,dp,1,1,1,1,1,,,0,1,0,4,,1,,FALSE,1,FALSE,6,confident,20260507_145347_unknown_allT_DP_MB_ME_g5_sm0p5_kg0_ks0_rcpp
sp2,40,1,,5,30,2000-01-01,"","",tree,all,0.0381571271145179,0.372624469424891,0.406738340860665,0.00773303781512013,0.0620795782771553,-0.0203753924797626,1.4564596855136,1.07130403370132,25.9999,0.0638624477390889,-0.5,0,5,3.51132224183,0,provisional_dp,1,1,1,1,1,,,0,1,0,5,,1,FALSE,FALSE,1,FALSE,6,confident,20260507_145347_unknown_allT_DP_MB_ME_g5_sm0p5_kg0_ks0_rcpp
sp3,41,1,,6,20,2004-12-31,"","",palm,all,0.0381571271145179,0.372624469424891,0.406738340860665,0.00773303781512013,0.0620795782771553,-0.0203753924797626,1.4564596855136,1.07130403370132,25.9999,0.0638624477390889,-0.5,0,5,3.51132224183,0,dp,6,6,3,1,0.96694606952086,2,0.0324989157243456,0.14802131845978,0.96694606952086,0.000555014754794068,1,,1,,FALSE,1,FALSE,6,confident,20260507_145347_unknown_allT_DP_MB_ME_g5_sm0p5_kg0_ks0_rcpp
sp3,41,1,1,7,25,2010-01-01,"","",palm,all,0.0381571271145179,0.372624469424891,0.406738340860665,0.00773303781512013,0.0620795782771553,-0.0203753924797626,1.4564596855136,1.07130403370132,25.9999,0.0638624477390889,-0.5,0,5,3.51132224183,0,given,6,6,3,1,1,2,0,0,1,0,3,,1,,FALSE,1,FALSE,6,confident,20260507_145347_unknown_allT_DP_MB_ME_g5_sm0p5_kg0_ks0_rcpp
sp3,41,1,1,8,30,2015-01-01,"","",palm,all,0.0381571271145179,0.372624469424891,0.406738340860665,0.00773303781512013,0.0620795782771553,-0.0203753924797626,1.4564596855136,1.07130403370132,25.9999,0.0638624477390889,-0.5,0,5,3.51132224183,0,given,,,,,,,,,,,5,,1,,FALSE,1,FALSE,6,,20260507_145347_unknown_allT_DP_MB_ME_g5_sm0p5_kg0_ks0_rcpp
sp3,41,1,1,9,35,2020-01-01,"","",palm,all,0.0381571271145179,0.372624469424891,0.406738340860665,0.00773303781512013,0.0620795782771553,-0.0203753924797626,1.4564596855136,1.07130403370132,25.9999,0.0638624477390889,-0.5,0,5,3.51132224183,0,given,,,,,,,,,,,7,,1,,FALSE,1,FALSE,6,,20260507_145347_unknown_allT_DP_MB_ME_g5_sm0p5_kg0_ks0_rcpp
sp3,41,2,,6,15,2004-12-31,"","",palm,all,0.0381571271145179,0.372624469424891,0.406738340860665,0.00773303781512013,0.0620795782771553,-0.0203753924797626,1.4564596855136,1.07130403370132,25.9999,0.0638624477390889,-0.5,0,5,3.51132224183,0,dp,6,6,3,2,0.966662071294719,1,0.0325903279616221,0.149738449678776,0.966662071294719,0.0007476007436592,2,,2,,FALSE,2,FALSE,6,confident,20260507_145347_unknown_allT_DP_MB_ME_g5_sm0p5_kg0_ks0_rcpp
sp3,41,2,2,7,20,2010-01-01,"","",palm,all,0.0381571271145179,0.372624469424891,0.406738340860665,0.00773303781512013,0.0620795782771553,-0.0203753924797626,1.4564596855136,1.07130403370132,25.9999,0.0638624477390889,-0.5,0,5,3.51132224183,0,given,6,6,3,2,1,1,0,0,1,0,4,,2,,FALSE,2,FALSE,6,confident,20260507_145347_unknown_allT_DP_MB_ME_g5_sm0p5_kg0_ks0_rcpp
sp3,41,2,2,8,25,2015-01-01,"","",palm,all,0.0381571271145179,0.372624469424891,0.406738340860665,0.00773303781512013,0.0620795782771553,-0.0203753924797626,1.4564596855136,1.07130403370132,25.9999,0.0638624477390889,-0.5,0,5,3.51132224183,0,given,,,,,,,,,,,6,,2,,FALSE,2,FALSE,6,,20260507_145347_unknown_allT_DP_MB_ME_g5_sm0p5_kg0_ks0_rcpp
sp3,41,2,2,9,30,2020-01-01,"","",palm,all,0.0381571271145179,0.372624469424891,0.406738340860665,0.00773303781512013,0.0620795782771553,-0.0203753924797626,1.4564596855136,1.07130403370132,25.9999,0.0638624477390889,-0.5,0,5,3.51132224183,0,given,,,,,,,,,,,8,,2,,FALSE,2,FALSE,6,,20260507_145347_unknown_allT_DP_MB_ME_g5_sm0p5_kg0_ks0_rcpp
sp1,42,1,,1,12,1980-01-01,"","",tree,all,0.0381571271145179,0.372624469424891,0.406738340860665,0.00773303781512013,0.0620795782771553,-0.0203753924797626,1.4564596855136,1.07130403370132,25.9999,0.0638624477390889,-0.5,0,5,3.51132224183,0,dp,2,1,2,1,0.687728231936011,2,0.31227176806399,0.620906302162112,0.687728231936011,0,1,,1,,FALSE,1,FALSE,6,ambiguous,20260507_145347_unknown_allT_DP_MB_ME_g5_sm0p5_kg0_ks0_rcpp
sp1,42,1,,2,18,1984-12-31,"","",tree,all,0.0381571271145179,0.372624469424891,0.406738340860665,0.00773303781512013,0.0620795782771553,-0.0203753924797626,1.4564596855136,1.07130403370132,25.9999,0.0638624477390889,-0.5,0,5,3.51132224183,0,dp,2,1,2,1,0.709196746470132,2,0.290803253529868,0.60286933702388,0.709196746470132,0,3,,1,,FALSE,1,FALSE,6,ambiguous,20260507_145347_unknown_allT_DP_MB_ME_g5_sm0p5_kg0_ks0_rcpp
sp1,42,1,,3,24,1989-12-31,"","",tree,all,0.0381571271145179,0.372624469424891,0.406738340860665,0.00773303781512013,0.0620795782771553,-0.0203753924797626,1.4564596855136,1.07130403370132,25.9999,0.0638624477390889,-0.5,0,5,3.51132224183,0,dp,2,1,2,1,0.751769137046671,2,0.248230862953329,0.560383189483851,0.751769137046671,0,5,,1,,FALSE,1,FALSE,6,ambiguous,20260507_145347_unknown_allT_DP_MB_ME_g5_sm0p5_kg0_ks0_rcpp
sp1,42,1,,4,30,1995-01-01,"","",tree,all,0.0381571271145179,0.372624469424891,0.406738340860665,0.00773303781512013,0.0620795782771553,-0.0203753924797626,1.4564596855136,1.07130403370132,25.9999,0.0638624477390889,-0.5,0,5,3.51132224183,0,dp,2,1,2,1,0.835676877553149,2,0.164323122446851,0.44676957334113,0.835676877553149,0,7,,1,,FALSE,1,FALSE,6,ambiguous,20260507_145347_unknown_allT_DP_MB_ME_g5_sm0p5_kg0_ks0_rcpp
sp1,42,1,,5,36,2000-01-01,"","",tree,all,0.0381571271145179,0.372624469424891,0.406738340860665,0.00773303781512013,0.0620795782771553,-0.0203753924797626,1.4564596855136,1.07130403370132,25.9999,0.0638624477390889,-0.5,0,5,3.51132224183,0,provisional_dp,2,1,2,1,1,2,0,0,1,0,9,,1,FALSE,FALSE,1,FALSE,6,confident,20260507_145347_unknown_allT_DP_MB_ME_g5_sm0p5_kg0_ks0_rcpp
sp1,42,2,,1,8,1980-01-01,"","",tree,all,0.0381571271145179,0.372624469424891,0.406738340860665,0.00773303781512013,0.0620795782771553,-0.0203753924797626,1.4564596855136,1.07130403370132,25.9999,0.0638624477390889,-0.5,0,5,3.51132224183,0,dp,2,1,2,2,0.687728231936011,1,0.31227176806399,0.620906302162112,0.687728231936011,0,2,,2,,FALSE,2,FALSE,6,ambiguous,20260507_145347_unknown_allT_DP_MB_ME_g5_sm0p5_kg0_ks0_rcpp
sp1,42,2,,2,14,1984-12-31,"","",tree,all,0.0381571271145179,0.372624469424891,0.406738340860665,0.00773303781512013,0.0620795782771553,-0.0203753924797626,1.4564596855136,1.07130403370132,25.9999,0.0638624477390889,-0.5,0,5,3.51132224183,0,dp,2,1,2,2,0.709196746470132,1,0.290803253529868,0.60286933702388,0.709196746470132,0,4,,2,,FALSE,2,FALSE,6,ambiguous,20260507_145347_unknown_allT_DP_MB_ME_g5_sm0p5_kg0_ks0_rcpp
sp1,42,2,,3,20,1989-12-31,"","",tree,all,0.0381571271145179,0.372624469424891,0.406738340860665,0.00773303781512013,0.0620795782771553,-0.0203753924797626,1.4564596855136,1.07130403370132,25.9999,0.0638624477390889,-0.5,0,5,3.51132224183,0,dp,2,1,2,2,0.751769137046671,1,0.248230862953329,0.560383189483851,0.751769137046671,0,6,,2,,FALSE,2,FALSE,6,ambiguous,20260507_145347_unknown_allT_DP_MB_ME_g5_sm0p5_kg0_ks0_rcpp
sp1,42,2,,4,26,1995-01-01,"","",tree,all,0.0381571271145179,0.372624469424891,0.406738340860665,0.00773303781512013,0.0620795782771553,-0.0203753924797626,1.4564596855136,1.07130403370132,25.9999,0.0638624477390889,-0.5,0,5,3.51132224183,0,dp,2,1,2,2,0.835676877553149,1,0.164323122446851,0.44676957334113,0.835676877553149,0,8,,2,,FALSE,2,FALSE,6,ambiguous,20260507_145347_unknown_allT_DP_MB_ME_g5_sm0p5_kg0_ks0_rcpp
sp1,42,2,,5,32,2000-01-01,"","",tree,all,0.0381571271145179,0.372624469424891,0.406738340860665,0.00773303781512013,0.0620795782771553,-0.0203753924797626,1.4564596855136,1.07130403370132,25.9999,0.0638624477390889,-0.5,0,5,3.51132224183,0,provisional_dp,2,1,2,2,1,1,0,0,1,0,10,,2,FALSE,FALSE,2,FALSE,6,confident,20260507_145347_unknown_allT_DP_MB_ME_g5_sm0p5_kg0_ks0_rcpp
sp2,43,,,,,2020-03-09,"","",tree,all,0.0381571271145179,0.372624469424891,0.406738340860665,0.00773303781512013,0.0620795782771553,-0.0203753924797626,1.4564596855136,1.07130403370132,25.9999,0.0638624477390889,-0.5,0,5,3.51132224183,0,skipped_no_data,,,,,,,,,,,,,,,,,,7,,20260507_145347_unknown_allT_DP_MB_ME_g5_sm0p5_kg0_ks0_rcpp
sp3,44,1,1,9,4,2020-03-09,"","",palm,all,0.0381571271145179,0.372624469424891,0.406738340860665,0.00773303781512013,0.0620795782771553,-0.0203753924797626,1.4564596855136,1.07130403370132,25.9999,0.0638624477390889,-0.5,0,5,3.51132224183,0,given,2,9,2,1,1,2,0,0,1,0,1,,1,,FALSE,1,FALSE,7,confident,20260507_145347_unknown_allT_DP_MB_ME_g5_sm0p5_kg0_ks0_rcpp
sp1,45,1,1,7,1.1,2010-01-18,"","",tree,all,0.0381571271145179,0.372624469424891,0.406738340860665,0.00773303781512013,0.0620795782771553,-0.0203753924797626,1.4564596855136,1.07130403370132,25.9999,0.0638624477390889,-0.5,0,5,3.51132224183,0,given,2,7,2,1,1,2,0,0,1,0,1,,1,,FALSE,1,FALSE,7,confident,20260507_145347_unknown_allT_DP_MB_ME_g5_sm0p5_kg0_ks0_rcpp
sp1,45,1,,8,,2015-02-10,"","",tree,all,0.0381571271145179,0.372624469424891,0.406738340860665,0.00773303781512013,0.0620795782771553,-0.0203753924797626,1.4564596855136,1.07130403370132,25.9999,0.0638624477390889,-0.5,0,5,3.51132224183,0,given_orphan,2,7,2,,,,,,,,2,,1,,FALSE,,FALSE,7,,20260507_145347_unknown_allT_DP_MB_ME_g5_sm0p5_kg0_ks0_rcpp
sp1,45,1,,9,,2022-02-15,"","",tree,all,0.0381571271145179,0.372624469424891,0.406738340860665,0.00773303781512013,0.0620795782771553,-0.0203753924797626,1.4564596855136,1.07130403370132,25.9999,0.0638624477390889,-0.5,0,5,3.51132224183,0,given_orphan,2,7,2,,,,,,,,3,,1,,FALSE,,FALSE,7,,20260507_145347_unknown_allT_DP_MB_ME_g5_sm0p5_kg0_ks0_rcpp
sp1,46,1,1,7,1.1,2010-01-18,"","",tree,all,0.0381571271145179,0.372624469424891,0.406738340860665,0.00773303781512013,0.0620795782771553,-0.0203753924797626,1.4564596855136,1.07130403370132,25.9999,0.0638624477390889,-0.5,0,5,3.51132224183,0,given,2,7,2,1,1,2,0,0,1,0,1,,1,,FALSE,1,FALSE,7,confident,20260507_145347_unknown_allT_DP_MB_ME_g5_sm0p5_kg0_ks0_rcpp
sp1,46,1,1,8,2.1,2015-02-10,"","",tree,all,0.0381571271145179,0.372624469424891,0.406738340860665,0.00773303781512013,0.0620795782771553,-0.0203753924797626,1.4564596855136,1.07130403370132,25.9999,0.0638624477390889,-0.5,0,5,3.51132224183,0,given,,,,,,,,,,,2,,1,,FALSE,1,FALSE,7,,20260507_145347_unknown_allT_DP_MB_ME_g5_sm0p5_kg0_ks0_rcpp
sp1,46,1,,9,,2022-02-15,"","",tree,all,0.0381571271145179,0.372624469424891,0.406738340860665,0.00773303781512013,0.0620795782771553,-0.0203753924797626,1.4564596855136,1.07130403370132,25.9999,0.0638624477390889,-0.5,0,5,3.51132224183,0,given_orphan,,,,,,,,,,,3,,1,,FALSE,,FALSE,7,,20260507_145347_unknown_allT_DP_MB_ME_g5_sm0p5_kg0_ks0_rcpp
sp1,47,1,1,7,1.1,2010-01-18,"","",tree,all,0.0381571271145179,0.372624469424891,0.406738340860665,0.00773303781512013,0.0620795782771553,-0.0203753924797626,1.4564596855136,1.07130403370132,25.9999,0.0638624477390889,-0.5,0,5,3.51132224183,0,given,2,7,2,1,1,2,0,0,1,0,1,,1,,FALSE,1,FALSE,7,confident,20260507_145347_unknown_allT_DP_MB_ME_g5_sm0p5_kg0_ks0_rcpp
sp1,47,1,1,8,2.1,2015-02-10,"","",tree,all,0.0381571271145179,0.372624469424891,0.406738340860665,0.00773303781512013,0.0620795782771553,-0.0203753924797626,1.4564596855136,1.07130403370132,25.9999,0.0638624477390889,-0.5,0,5,3.51132224183,0,given,,,,,,,,,,,2,,1,,FALSE,1,FALSE,7,,20260507_145347_unknown_allT_DP_MB_ME_g5_sm0p5_kg0_ks0_rcpp
sp1,47,1,1,9,3.1,2022-02-15,"","",tree,all,0.0381571271145179,0.372624469424891,0.406738340860665,0.00773303781512013,0.0620795782771553,-0.0203753924797626,1.4564596855136,1.07130403370132,25.9999,0.0638624477390889,-0.5,0,5,3.51132224183,0,given,,,,,,,,,,,3,,1,,FALSE,1,FALSE,7,,20260507_145347_unknown_allT_DP_MB_ME_g5_sm0p5_kg0_ks0_rcpp
sp2,48,,,1,1.5,1980-01-01,"","",tree,all,0.0381571271145179,0.372624469424891,0.406738340860665,0.00773303781512013,0.0620795782771553,-0.0203753924797626,1.4564596855136,1.07130403370132,25.9999,0.0638624477390889,-0.5,0,5,3.51132224183,0,provisional_dp,2,1,2,1,1,2,0,0,1,0,1,,1,FALSE,FALSE,1,FALSE,7,confident,20260507_145347_unknown_allT_DP_MB_ME_g5_sm0p5_kg0_ks0_rcpp
sp2,48,,,2,,1984-09-08,"","",tree,all,0.0381571271145179,0.372624469424891,0.406738340860665,0.00773303781512013,0.0620795782771553,-0.0203753924797626,1.4564596855136,1.07130403370132,25.9999,0.0638624477390889,-0.5,0,5,3.51132224183,0,,2,1,2,,,,,,,,2,,,,FALSE,,FALSE,7,,20260507_145347_unknown_allT_DP_MB_ME_g5_sm0p5_kg0_ks0_rcpp
sp2,48,,,3,,1989-09-18,"","",tree,all,0.0381571271145179,0.372624469424891,0.406738340860665,0.00773303781512013,0.0620795782771553,-0.0203753924797626,1.4564596855136,1.07130403370132,25.9999,0.0638624477390889,-0.5,0,5,3.51132224183,0,,2,1,2,,,,,,,,3,,,,FALSE,,FALSE,7,,20260507_145347_unknown_allT_DP_MB_ME_g5_sm0p5_kg0_ks0_rcpp
sp2,48,,,4,,1994-09-08,"","",tree,all,0.0381571271145179,0.372624469424891,0.406738340860665,0.00773303781512013,0.0620795782771553,-0.0203753924797626,1.4564596855136,1.07130403370132,25.9999,0.0638624477390889,-0.5,0,5,3.51132224183,0,,2,1,2,,,,,,,,4,,,,FALSE,,FALSE,7,,20260507_145347_unknown_allT_DP_MB_ME_g5_sm0p5_kg0_ks0_rcpp
sp2,48,,,5,,1999-07-09,"","",tree,all,0.0381571271145179,0.372624469424891,0.406738340860665,0.00773303781512013,0.0620795782771553,-0.0203753924797626,1.4564596855136,1.07130403370132,25.9999,0.0638624477390889,-0.5,0,5,3.51132224183,0,,2,1,2,,,,,,,,5,,,,FALSE,,FALSE,7,,20260507_145347_unknown_allT_DP_MB_ME_g5_sm0p5_kg0_ks0_rcpp
sp2,48,,,6,,2004-07-29,"","",tree,all,0.0381571271145179,0.372624469424891,0.406738340860665,0.00773303781512013,0.0620795782771553,-0.0203753924797626,1.4564596855136,1.07130403370132,25.9999,0.0638624477390889,-0.5,0,5,3.51132224183,0,,2,1,2,,,,,,,,6,,,,FALSE,,FALSE,7,,20260507_145347_unknown_allT_DP_MB_ME_g5_sm0p5_kg0_ks0_rcpp
sp2,48,,,7,,2009-08-15,"","",tree,all,0.0381571271145179,0.372624469424891,0.406738340860665,0.00773303781512013,0.0620795782771553,-0.0203753924797626,1.4564596855136,1.07130403370132,25.9999,0.0638624477390889,-0.5,0,5,3.51132224183,0,,2,1,2,,,,,,,,7,,,,FALSE,,FALSE,7,,20260507_145347_unknown_allT_DP_MB_ME_g5_sm0p5_kg0_ks0_rcpp
sp2,48,,,8,,2014-08-02,"","",tree,all,0.0381571271145179,0.372624469424891,0.406738340860665,0.00773303781512013,0.0620795782771553,-0.0203753924797626,1.4564596855136,1.07130403370132,25.9999,0.0638624477390889,-0.5,0,5,3.51132224183,0,,2,1,2,,,,,,,,8,,,,FALSE,,FALSE,7,,20260507_145347_unknown_allT_DP_MB_ME_g5_sm0p5_kg0_ks0_rcpp
sp2,48,,,9,,2019-07-20,"","",tree,all,0.0381571271145179,0.372624469424891,0.406738340860665,0.00773303781512013,0.0620795782771553,-0.0203753924797626,1.4564596855136,1.07130403370132,25.9999,0.0638624477390889,-0.5,0,5,3.51132224183,0,,2,1,2,,,,,,,,9,,,,FALSE,,FALSE,7,,20260507_145347_unknown_allT_DP_MB_ME_g5_sm0p5_kg0_ks0_rcpp
sp2,49,,1,1,3,1980-01-01,"","",tree,all,0.0381571271145179,0.372624469424891,0.406738340860665,0.00773303781512013,0.0620795782771553,-0.0203753924797626,1.4564596855136,1.07130403370132,25.9999,0.0638624477390889,-0.5,0,5,3.51132224183,0,given,362880,1,9,,,,,,,,1,enum_exceeded,1,,FALSE,1,TRUE,7,,20260507_145347_unknown_allT_DP_MB_ME_g5_sm0p5_kg0_ks0_rcpp
sp2,49,,1,1,3,1980-01-01,"","",tree,all,0.0381571271145179,0.372624469424891,0.406738340860665,0.00773303781512013,0.0620795782771553,-0.0203753924797626,1.4564596855136,1.07130403370132,25.9999,0.0638624477390889,-0.5,0,5,3.51132224183,0,given,362880,1,9,,,,,,,,2,enum_exceeded,1,,FALSE,1,TRUE,7,,20260507_145347_unknown_allT_DP_MB_ME_g5_sm0p5_kg0_ks0_rcpp
sp2,49,,1,1,2,1980-01-01,"","",tree,all,0.0381571271145179,0.372624469424891,0.406738340860665,0.00773303781512013,0.0620795782771553,-0.0203753924797626,1.4564596855136,1.07130403370132,25.9999,0.0638624477390889,-0.5,0,5,3.51132224183,0,given,362880,1,9,,,,,,,,3,enum_exceeded,1,,FALSE,1,TRUE,7,,20260507_145347_unknown_allT_DP_MB_ME_g5_sm0p5_kg0_ks0_rcpp
sp2,49,,1,1,2,1980-01-01,"","",tree,all,0.0381571271145179,0.372624469424891,0.406738340860665,0.00773303781512013,0.0620795782771553,-0.0203753924797626,1.4564596855136,1.07130403370132,25.9999,0.0638624477390889,-0.5,0,5,3.51132224183,0,given,362880,1,9,,,,,,,,4,enum_exceeded,1,,FALSE,1,TRUE,7,,20260507_145347_unknown_allT_DP_MB_ME_g5_sm0p5_kg0_ks0_rcpp
sp2,49,,1,1,1,1980-01-01,"","",tree,all,0.0381571271145179,0.372624469424891,0.406738340860665,0.00773303781512013,0.0620795782771553,-0.0203753924797626,1.4564596855136,1.07130403370132,25.9999,0.0638624477390889,-0.5,0,5,3.51132224183,0,given,362880,1,9,,,,,,,,5,enum_exceeded,1,,FALSE,1,TRUE,7,,20260507_145347_unknown_allT_DP_MB_ME_g5_sm0p5_kg0_ks0_rcpp
sp2,49,,1,1,1,1980-01-01,"","",tree,all,0.0381571271145179,0.372624469424891,0.406738340860665,0.00773303781512013,0.0620795782771553,-0.0203753924797626,1.4564596855136,1.07130403370132,25.9999,0.0638624477390889,-0.5,0,5,3.51132224183,0,given,362880,1,9,,,,,,,,6,enum_exceeded,1,,FALSE,1,TRUE,7,,20260507_145347_unknown_allT_DP_MB_ME_g5_sm0p5_kg0_ks0_rcpp
sp2,49,,1,1,1,1980-01-01,"","",tree,all,0.0381571271145179,0.372624469424891,0.406738340860665,0.00773303781512013,0.0620795782771553,-0.0203753924797626,1.4564596855136,1.07130403370132,25.9999,0.0638624477390889,-0.5,0,5,3.51132224183,0,given,362880,1,9,,,,,,,,7,enum_exceeded,1,,FALSE,1,TRUE,7,,20260507_145347_unknown_allT_DP_MB_ME_g5_sm0p5_kg0_ks0_rcpp
sp2,49,,1,1,1,1980-01-01,"","",tree,all,0.0381571271145179,0.372624469424891,0.406738340860665,0.00773303781512013,0.0620795782771553,-0.0203753924797626,1.4564596855136,1.07130403370132,25.9999,0.0638624477390889,-0.5,0,5,3.51132224183,0,given,362880,1,9,,,,,,,,8,enum_exceeded,1,,FALSE,1,TRUE,7,,20260507_145347_unknown_allT_DP_MB_ME_g5_sm0p5_kg0_ks0_rcpp
sp2,49,,,2,,1984-09-08,"","",tree,all,0.0381571271145179,0.372624469424891,0.406738340860665,0.00773303781512013,0.0620795782771553,-0.0203753924797626,1.4564596855136,1.07130403370132,25.9999,0.0638624477390889,-0.5,0,5,3.51132224183,0,probabilistic,362880,1,9,,,,,,,,9,enum_exceeded,,,FALSE,,FALSE,7,,20260507_145347_unknown_allT_DP_MB_ME_g5_sm0p5_kg0_ks0_rcpp
sp2,50,,1,1,3,1980-01-01,"","",tree,all,0.0381571271145179,0.372624469424891,0.406738340860665,0.00773303781512013,0.0620795782771553,-0.0203753924797626,1.4564596855136,1.07130403370132,25.9999,0.0638624477390889,-0.5,0,5,3.51132224183,0,given,362880,1,9,,,,,,,,1,enum_exceeded,1,,FALSE,1,TRUE,8,,20260507_145347_unknown_allT_DP_MB_ME_g5_sm0p5_kg0_ks0_rcpp
sp2,50,,1,1,3,1980-01-01,"","",tree,all,0.0381571271145179,0.372624469424891,0.406738340860665,0.00773303781512013,0.0620795782771553,-0.0203753924797626,1.4564596855136,1.07130403370132,25.9999,0.0638624477390889,-0.5,0,5,3.51132224183,0,given,362880,1,9,,,,,,,,2,enum_exceeded,1,,FALSE,1,TRUE,8,,20260507_145347_unknown_allT_DP_MB_ME_g5_sm0p5_kg0_ks0_rcpp
sp2,50,,1,1,2,1980-01-01,"","",tree,all,0.0381571271145179,0.372624469424891,0.406738340860665,0.00773303781512013,0.0620795782771553,-0.0203753924797626,1.4564596855136,1.07130403370132,25.9999,0.0638624477390889,-0.5,0,5,3.51132224183,0,given,362880,1,9,,,,,,,,3,enum_exceeded,1,,FALSE,1,TRUE,8,,20260507_145347_unknown_allT_DP_MB_ME_g5_sm0p5_kg0_ks0_rcpp
sp2,50,,1,1,2,1980-01-01,"","",tree,all,0.0381571271145179,0.372624469424891,0.406738340860665,0.00773303781512013,0.0620795782771553,-0.0203753924797626,1.4564596855136,1.07130403370132,25.9999,0.0638624477390889,-0.5,0,5,3.51132224183,0,given,362880,1,9,,,,,,,,4,enum_exceeded,1,,FALSE,1,TRUE,8,,20260507_145347_unknown_allT_DP_MB_ME_g5_sm0p5_kg0_ks0_rcpp
sp2,50,,1,1,1,1980-01-01,"","",tree,all,0.0381571271145179,0.372624469424891,0.406738340860665,0.00773303781512013,0.0620795782771553,-0.0203753924797626,1.4564596855136,1.07130403370132,25.9999,0.0638624477390889,-0.5,0,5,3.51132224183,0,given,362880,1,9,,,,,,,,5,enum_exceeded,1,,FALSE,1,TRUE,8,,20260507_145347_unknown_allT_DP_MB_ME_g5_sm0p5_kg0_ks0_rcpp
sp2,50,,1,1,1,1980-01-01,"","",tree,all,0.0381571271145179,0.372624469424891,0.406738340860665,0.00773303781512013,0.0620795782771553,-0.0203753924797626,1.4564596855136,1.07130403370132,25.9999,0.0638624477390889,-0.5,0,5,3.51132224183,0,given,362880,1,9,,,,,,,,6,enum_exceeded,1,,FALSE,1,TRUE,8,,20260507_145347_unknown_allT_DP_MB_ME_g5_sm0p5_kg0_ks0_rcpp
sp2,50,,1,1,1,1980-01-01,"","",tree,all,0.0381571271145179,0.372624469424891,0.406738340860665,0.00773303781512013,0.0620795782771553,-0.0203753924797626,1.4564596855136,1.07130403370132,25.9999,0.0638624477390889,-0.5,0,5,3.51132224183,0,given,362880,1,9,,,,,,,,7,enum_exceeded,1,,FALSE,1,TRUE,8,,20260507_145347_unknown_allT_DP_MB_ME_g5_sm0p5_kg0_ks0_rcpp
sp2,50,,1,1,1,1980-01-01,"","",tree,all,0.0381571271145179,0.372624469424891,0.406738340860665,0.00773303781512013,0.0620795782771553,-0.0203753924797626,1.4564596855136,1.07130403370132,25.9999,0.0638624477390889,-0.5,0,5,3.51132224183,0,given,362880,1,9,,,,,,,,8,enum_exceeded,1,,FALSE,1,TRUE,8,,20260507_145347_unknown_allT_DP_MB_ME_g5_sm0p5_kg0_ks0_rcpp
sp2,50,,,2,,1984-09-08,"","",tree,all,0.0381571271145179,0.372624469424891,0.406738340860665,0.00773303781512013,0.0620795782771553,-0.0203753924797626,1.4564596855136,1.07130403370132,25.9999,0.0638624477390889,-0.5,0,5,3.51132224183,0,probabilistic,362880,1,9,,,,,,,,9,enum_exceeded,,,FALSE,,FALSE,8,,20260507_145347_unknown_allT_DP_MB_ME_g5_sm0p5_kg0_ks0_rcpp
sp2,51,,,1,,1980-01-01,"","",tree,all,0.0381571271145179,0.372624469424891,0.406738340860665,0.00773303781512013,0.0620795782771553,-0.0203753924797626,1.4564596855136,1.07130403370132,25.9999,0.0638624477390889,-0.5,0,5,3.51132224183,0,,2,3,2,,,,,,,,1,,,,FALSE,,FALSE,8,,20260507_145347_unknown_allT_DP_MB_ME_g5_sm0p5_kg0_ks0_rcpp
sp2,51,,,2,,1984-09-08,"","",tree,all,0.0381571271145179,0.372624469424891,0.406738340860665,0.00773303781512013,0.0620795782771553,-0.0203753924797626,1.4564596855136,1.07130403370132,25.9999,0.0638624477390889,-0.5,0,5,3.51132224183,0,,2,3,2,,,,,,,,2,,,,FALSE,,FALSE,8,,20260507_145347_unknown_allT_DP_MB_ME_g5_sm0p5_kg0_ks0_rcpp
sp2,51,,,3,1,1989-09-18,"","",tree,all,0.0381571271145179,0.372624469424891,0.406738340860665,0.00773303781512013,0.0620795782771553,-0.0203753924797626,1.4564596855136,1.07130403370132,25.9999,0.0638624477390889,-0.5,0,5,3.51132224183,0,dp,2,3,2,1,0.939725820074316,2,0.0602741799256842,0.227721272754649,0.939725820074316,0.0602741799256842,3,,1,,FALSE,1,FALSE,8,ambiguous,20260507_145347_unknown_allT_DP_MB_ME_g5_sm0p5_kg0_ks0_rcpp
sp2,51,,,4,1,1994-09-08,"","",tree,all,0.0381571271145179,0.372624469424891,0.406738340860665,0.00773303781512013,0.0620795782771553,-0.0203753924797626,1.4564596855136,1.07130403370132,25.9999,0.0638624477390889,-0.5,0,5,3.51132224183,0,dp,2,3,2,1,0.954760762951124,2,0.0452392370488761,0.184251352873033,0.954760762951124,0.0452392370488761,4,,1,,FALSE,1,FALSE,8,confident,20260507_145347_unknown_allT_DP_MB_ME_g5_sm0p5_kg0_ks0_rcpp
sp2,51,,,5,1,1999-07-09,"","",tree,all,0.0381571271145179,0.372624469424891,0.406738340860665,0.00773303781512013,0.0620795782771553,-0.0203753924797626,1.4564596855136,1.07130403370132,25.9999,0.0638624477390889,-0.5,0,5,3.51132224183,0,dp,2,3,2,1,0.968969610536819,2,0.0310303894631807,0.138305860316327,0.968969610536819,0.0310303894631807,5,,1,,FALSE,1,FALSE,8,confident,20260507_145347_unknown_allT_DP_MB_ME_g5_sm0p5_kg0_ks0_rcpp
sp2,51,,,6,1,2004-07-29,"","",tree,all,0.0381571271145179,0.372624469424891,0.406738340860665,0.00773303781512013,0.0620795782771553,-0.0203753924797626,1.4564596855136,1.07130403370132,25.9999,0.0638624477390889,-0.5,0,5,3.51132224183,0,dp,2,3,2,1,0.984518187437869,2,0.0154818125621314,0.0798909237103468,0.984518187437869,0.0154818125621314,6,,1,,FALSE,1,FALSE,8,confident,20260507_145347_unknown_allT_DP_MB_ME_g5_sm0p5_kg0_ks0_rcpp
sp2,51,,,7,1,2009-08-15,"","",tree,all,0.0381571271145179,0.372624469424891,0.406738340860665,0.00773303781512013,0.0620795782771553,-0.0203753924797626,1.4564596855136,1.07130403370132,25.9999,0.0638624477390889,-0.5,0,5,3.51132224183,0,provisional_dp,2,3,2,1,1,2,0,0,1,0,7,,1,FALSE,FALSE,1,FALSE,8,confident,20260507_145347_unknown_allT_DP_MB_ME_g5_sm0p5_kg0_ks0_rcpp
sp2,51,,,8,1,2014-08-02,"","",tree,all,0.0381571271145179,0.372624469424891,0.406738340860665,0.00773303781512013,0.0620795782771553,-0.0203753924797626,1.4564596855136,1.07130403370132,25.9999,0.0638624477390889,-0.5,0,5,3.51132224183,0,none_after_anchor,,,,,,,,,,,8,,,,FALSE,,FALSE,8,,20260507_145347_unknown_allT_DP_MB_ME_g5_sm0p5_kg0_ks0_rcpp
sp2,51,,,9,1,2019-07-20,"","",tree,all,0.0381571271145179,0.372624469424891,0.406738340860665,0.00773303781512013,0.0620795782771553,-0.0203753924797626,1.4564596855136,1.07130403370132,25.9999,0.0638624477390889,-0.5,0,5,3.51132224183,0,none_after_anchor,,,,,,,,,,,9,,,,FALSE,,FALSE,8,,20260507_145347_unknown_allT_DP_MB_ME_g5_sm0p5_kg0_ks0_rcpp
sp2,52,,,1,,1980-01-01,"","",tree,all,0.0381571271145179,0.372624469424891,0.406738340860665,0.00773303781512013,0.0620795782771553,-0.0203753924797626,1.4564596855136,1.07130403370132,25.9999,0.0638624477390889,-0.5,0,5,3.51132224183,0,,2,3,2,,,,,,,,1,,,,FALSE,,FALSE,8,,20260507_145347_unknown_allT_DP_MB_ME_g5_sm0p5_kg0_ks0_rcpp
sp2,52,,,2,,1984-09-08,"","",tree,all,0.0381571271145179,0.372624469424891,0.406738340860665,0.00773303781512013,0.0620795782771553,-0.0203753924797626,1.4564596855136,1.07130403370132,25.9999,0.0638624477390889,-0.5,0,5,3.51132224183,0,,2,3,2,,,,,,,,2,,,,FALSE,,FALSE,8,,20260507_145347_unknown_allT_DP_MB_ME_g5_sm0p5_kg0_ks0_rcpp
sp2,52,,,3,1,1989-09-18,"","",tree,all,0.0381571271145179,0.372624469424891,0.406738340860665,0.00773303781512013,0.0620795782771553,-0.0203753924797626,1.4564596855136,1.07130403370132,25.9999,0.0638624477390889,-0.5,0,5,3.51132224183,0,dp,2,3,2,1,0.954503260645574,2,0.0454967393544261,0.185035838932612,0.954503260645574,0.0454967393544261,3,,1,,FALSE,1,FALSE,8,confident,20260507_145347_unknown_allT_DP_MB_ME_g5_sm0p5_kg0_ks0_rcpp
sp2,52,,,4,1,1994-09-08,"","",tree,all,0.0381571271145179,0.372624469424891,0.406738340860665,0.00773303781512013,0.0620795782771553,-0.0203753924797626,1.4564596855136,1.07130403370132,25.9999,0.0638624477390889,-0.5,0,5,3.51132224183,0,dp,2,3,2,1,0.96977463203175,2,0.0302253679682505,0.135524698895917,0.96977463203175,0.0302253679682505,4,,1,,FALSE,1,FALSE,8,confident,20260507_145347_unknown_allT_DP_MB_ME_g5_sm0p5_kg0_ks0_rcpp
sp2,52,,,5,1,1999-07-09,"","",tree,all,0.0381571271145179,0.372624469424891,0.406738340860665,0.00773303781512013,0.0620795782771553,-0.0203753924797626,1.4564596855136,1.07130403370132,25.9999,0.0638624477390889,-0.5,0,5,3.51132224183,0,dp,2,3,2,1,0.984206917556787,2,0.0157930824432134,0.081180310094241,0.984206917556787,0.0157930824432134,5,,1,,FALSE,1,FALSE,8,confident,20260507_145347_unknown_allT_DP_MB_ME_g5_sm0p5_kg0_ks0_rcpp
sp2,52,,,6,1,2004-07-29,"","",tree,all,0.0381571271145179,0.372624469424891,0.406738340860665,0.00773303781512013,0.0620795782771553,-0.0203753924797626,1.4564596855136,1.07130403370132,25.9999,0.0638624477390889,-0.5,0,5,3.51132224183,0,provisional_dp,2,3,2,1,1,2,0,0,1,0,6,,1,FALSE,FALSE,1,FALSE,8,confident,20260507_145347_unknown_allT_DP_MB_ME_g5_sm0p5_kg0_ks0_rcpp
sp2,52,,,7,,2009-08-15,"","",tree,all,0.0381571271145179,0.372624469424891,0.406738340860665,0.00773303781512013,0.0620795782771553,-0.0203753924797626,1.4564596855136,1.07130403370132,25.9999,0.0638624477390889,-0.5,0,5,3.51132224183,0,,2,3,2,,,,,,,,7,,,,FALSE,,FALSE,8,,20260507_145347_unknown_allT_DP_MB_ME_g5_sm0p5_kg0_ks0_rcpp
sp2,52,,,8,,2014-08-02,"","",tree,all,0.0381571271145179,0.372624469424891,0.406738340860665,0.00773303781512013,0.0620795782771553,-0.0203753924797626,1.4564596855136,1.07130403370132,25.9999,0.0638624477390889,-0.5,0,5,3.51132224183,0,,2,3,2,,,,,,,,8,,,,FALSE,,FALSE,8,,20260507_145347_unknown_allT_DP_MB_ME_g5_sm0p5_kg0_ks0_rcpp
sp2,52,,,9,,2019-07-20,"","",tree,all,0.0381571271145179,0.372624469424891,0.406738340860665,0.00773303781512013,0.0620795782771553,-0.0203753924797626,1.4564596855136,1.07130403370132,25.9999,0.0638624477390889,-0.5,0,5,3.51132224183,0,,2,3,2,,,,,,,,9,,,,FALSE,,FALSE,8,,20260507_145347_unknown_allT_DP_MB_ME_g5_sm0p5_kg0_ks0_rcpp
sp2,53,,,1,1,1980-01-01,"","",tree,all,0.0381571271145179,0.372624469424891,0.406738340860665,0.00773303781512013,0.0620795782771553,-0.0203753924797626,1.4564596855136,1.07130403370132,25.9999,0.0638624477390889,-0.5,0,5,3.51132224183,0,provisional_dp,2,1,2,1,1,2,0,0,1,0,1,,1,FALSE,FALSE,1,FALSE,8,confident,20260507_145347_unknown_allT_DP_MB_ME_g5_sm0p5_kg0_ks0_rcpp
sp2,53,,,2,,1984-09-08,"","",tree,all,0.0381571271145179,0.372624469424891,0.406738340860665,0.00773303781512013,0.0620795782771553,-0.0203753924797626,1.4564596855136,1.07130403370132,25.9999,0.0638624477390889,-0.5,0,5,3.51132224183,0,,2,1,2,,,,,,,,2,,,,FALSE,,FALSE,8,,20260507_145347_unknown_allT_DP_MB_ME_g5_sm0p5_kg0_ks0_rcpp
sp2,53,,,3,,1989-09-18,"","",tree,all,0.0381571271145179,0.372624469424891,0.406738340860665,0.00773303781512013,0.0620795782771553,-0.0203753924797626,1.4564596855136,1.07130403370132,25.9999,0.0638624477390889,-0.5,0,5,3.51132224183,0,,2,1,2,,,,,,,,3,,,,FALSE,,FALSE,8,,20260507_145347_unknown_allT_DP_MB_ME_g5_sm0p5_kg0_ks0_rcpp
sp2,53,,,4,,1994-09-08,"","",tree,all,0.0381571271145179,0.372624469424891,0.406738340860665,0.00773303781512013,0.0620795782771553,-0.0203753924797626,1.4564596855136,1.07130403370132,25.9999,0.0638624477390889,-0.5,0,5,3.51132224183,0,,2,1,2,,,,,,,,4,,,,FALSE,,FALSE,8,,20260507_145347_unknown_allT_DP_MB_ME_g5_sm0p5_kg0_ks0_rcpp
sp2,53,,,5,,1999-07-09,"","",tree,all,0.0381571271145179,0.372624469424891,0.406738340860665,0.00773303781512013,0.0620795782771553,-0.0203753924797626,1.4564596855136,1.07130403370132,25.9999,0.0638624477390889,-0.5,0,5,3.51132224183,0,,2,1,2,,,,,,,,5,,,,FALSE,,FALSE,8,,20260507_145347_unknown_allT_DP_MB_ME_g5_sm0p5_kg0_ks0_rcpp
sp2,53,,,6,,2004-07-29,"","",tree,all,0.0381571271145179,0.372624469424891,0.406738340860665,0.00773303781512013,0.0620795782771553,-0.0203753924797626,1.4564596855136,1.07130403370132,25.9999,0.0638624477390889,-0.5,0,5,3.51132224183,0,,2,1,2,,,,,,,,6,,,,FALSE,,FALSE,8,,20260507_145347_unknown_allT_DP_MB_ME_g5_sm0p5_kg0_ks0_rcpp
sp2,53,,,7,,2009-08-15,"","",tree,all,0.0381571271145179,0.372624469424891,0.406738340860665,0.00773303781512013,0.0620795782771553,-0.0203753924797626,1.4564596855136,1.07130403370132,25.9999,0.0638624477390889,-0.5,0,5,3.51132224183,0,,2,1,2,,,,,,,,7,,,,FALSE,,FALSE,8,,20260507_145347_unknown_allT_DP_MB_ME_g5_sm0p5_kg0_ks0_rcpp
sp2,53,,,8,,2014-08-02,"","",tree,all,0.0381571271145179,0.372624469424891,0.406738340860665,0.00773303781512013,0.0620795782771553,-0.0203753924797626,1.4564596855136,1.07130403370132,25.9999,0.0638624477390889,-0.5,0,5,3.51132224183,0,,2,1,2,,,,,,,,8,,,,FALSE,,FALSE,8,,20260507_145347_unknown_allT_DP_MB_ME_g5_sm0p5_kg0_ks0_rcpp
sp2,53,,,9,,2019-07-20,"","",tree,all,0.0381571271145179,0.372624469424891,0.406738340860665,0.00773303781512013,0.0620795782771553,-0.0203753924797626,1.4564596855136,1.07130403370132,25.9999,0.0638624477390889,-0.5,0,5,3.51132224183,0,,2,1,2,,,,,,,,9,,,,FALSE,,FALSE,8,,20260507_145347_unknown_allT_DP_MB_ME_g5_sm0p5_kg0_ks0_rcpp
sp1,83,318026,318026,4,1.7,1995-06-14,"","",tree,all,0.0381571271145179,0.372624469424891,0.406738340860665,0.00773303781512013,0.0620795782771553,-0.0203753924797626,1.4564596855136,1.07130403370132,25.9999,0.0638624477390889,-0.5,0,5,3.51132224183,0,given,2,4,2,318026,1,318027,0,0,1,0,1,,318026,,FALSE,318026,FALSE,8,confident,20260507_145347_unknown_allT_DP_MB_ME_g5_sm0p5_kg0_ks0_rcpp
sp1,83,318026,318026,5,2.3,2000-06-01,"","",tree,all,0.0381571271145179,0.372624469424891,0.406738340860665,0.00773303781512013,0.0620795782771553,-0.0203753924797626,1.4564596855136,1.07130403370132,25.9999,0.0638624477390889,-0.5,0,5,3.51132224183,0,given,2,4,2,318026,1,318027,0,0,1,0,2,,318026,,FALSE,318026,FALSE,8,confident,20260507_145347_unknown_allT_DP_MB_ME_g5_sm0p5_kg0_ks0_rcpp
sp1,83,318026,318026,6,3.2,2005-06-30,"","",tree,all,0.0381571271145179,0.372624469424891,0.406738340860665,0.00773303781512013,0.0620795782771553,-0.0203753924797626,1.4564596855136,1.07130403370132,25.9999,0.0638624477390889,-0.5,0,5,3.51132224183,0,given,2,4,2,318026,1,318027,0,0,1,0,3,,318026,,FALSE,318026,FALSE,8,confident,20260507_145347_unknown_allT_DP_MB_ME_g5_sm0p5_kg0_ks0_rcpp
sp1,83,318026,318026,7,4.6,2010-05-25,"","",tree,all,0.0381571271145179,0.372624469424891,0.406738340860665,0.00773303781512013,0.0620795782771553,-0.0203753924797626,1.4564596855136,1.07130403370132,25.9999,0.0638624477390889,-0.5,0,5,3.51132224183,0,given,2,4,2,318026,1,318027,0,0,1,0,4,,318026,,FALSE,318026,FALSE,8,confident,20260507_145347_unknown_allT_DP_MB_ME_g5_sm0p5_kg0_ks0_rcpp
sp1,83,318026,318026,8,6,2015-09-01,"","",tree,all,0.0381571271145179,0.372624469424891,0.406738340860665,0.00773303781512013,0.0620795782771553,-0.0203753924797626,1.4564596855136,1.07130403370132,25.9999,0.0638624477390889,-0.5,0,5,3.51132224183,0,given,,,,,,,,,,,5,,318026,,FALSE,318026,FALSE,8,,20260507_145347_unknown_allT_DP_MB_ME_g5_sm0p5_kg0_ks0_rcpp
sp1,83,318026,318026,9,8,2022-12-21,"","",tree,all,0.0381571271145179,0.372624469424891,0.406738340860665,0.00773303781512013,0.0620795782771553,-0.0203753924797626,1.4564596855136,1.07130403370132,25.9999,0.0638624477390889,-0.5,0,5,3.51132224183,0,given,,,,,,,,,,,6,,318026,,FALSE,318026,FALSE,8,,20260507_145347_unknown_allT_DP_MB_ME_g5_sm0p5_kg0_ks0_rcpp
sp1,84,,,5,2.3,2000-06-01,"","",tree,all,0.0381571271145179,0.372624469424891,0.406738340860665,0.00773303781512013,0.0620795782771553,-0.0203753924797626,1.4564596855136,1.07130403370132,25.9999,0.0638624477390889,-0.5,0,5,3.51132224183,0,dp,2,4,2,318026,1,318027,0,0,1,0,2,,318026,,FALSE,318026,FALSE,8,confident,20260507_145347_unknown_allT_DP_MB_ME_g5_sm0p5_kg0_ks0_rcpp
sp1,84,318026,318026,4,1.7,1995-06-14,"","",tree,all,0.0381571271145179,0.372624469424891,0.406738340860665,0.00773303781512013,0.0620795782771553,-0.0203753924797626,1.4564596855136,1.07130403370132,25.9999,0.0638624477390889,-0.5,0,5,3.51132224183,0,given,2,4,2,318026,1,318027,0,0,1,0,1,,318026,,FALSE,318026,FALSE,8,confident,20260507_145347_unknown_allT_DP_MB_ME_g5_sm0p5_kg0_ks0_rcpp
sp1,84,318026,318026,6,3.2,2005-06-30,"","",tree,all,0.0381571271145179,0.372624469424891,0.406738340860665,0.00773303781512013,0.0620795782771553,-0.0203753924797626,1.4564596855136,1.07130403370132,25.9999,0.0638624477390889,-0.5,0,5,3.51132224183,0,given,2,4,2,318026,1,318027,0,0,1,0,3,,318026,,FALSE,318026,FALSE,8,confident,20260507_145347_unknown_allT_DP_MB_ME_g5_sm0p5_kg0_ks0_rcpp
sp1,84,318026,318026,7,4.6,2010-05-25,"","",tree,all,0.0381571271145179,0.372624469424891,0.406738340860665,0.00773303781512013,0.0620795782771553,-0.0203753924797626,1.4564596855136,1.07130403370132,25.9999,0.0638624477390889,-0.5,0,5,3.51132224183,0,given,2,4,2,318026,1,318027,0,0,1,0,4,,318026,,FALSE,318026,FALSE,8,confident,20260507_145347_unknown_allT_DP_MB_ME_g5_sm0p5_kg0_ks0_rcpp
sp1,84,318026,318026,8,6,2015-09-01,"","",tree,all,0.0381571271145179,0.372624469424891,0.406738340860665,0.00773303781512013,0.0620795782771553,-0.0203753924797626,1.4564596855136,1.07130403370132,25.9999,0.0638624477390889,-0.5,0,5,3.51132224183,0,given,,,,,,,,,,,5,,318026,,FALSE,318026,FALSE,8,,20260507_145347_unknown_allT_DP_MB_ME_g5_sm0p5_kg0_ks0_rcpp
sp1,84,318026,318026,9,8,2022-12-21,"","",tree,all,0.0381571271145179,0.372624469424891,0.406738340860665,0.00773303781512013,0.0620795782771553,-0.0203753924797626,1.4564596855136,1.07130403370132,25.9999,0.0638624477390889,-0.5,0,5,3.51132224183,0,given,,,,,,,,,,,6,,318026,,FALSE,318026,FALSE,8,,20260507_145347_unknown_allT_DP_MB_ME_g5_sm0p5_kg0_ks0_rcpp
sp1,85,,,5,2.3,2000-06-01,"","",tree,all,0.0381571271145179,0.372624469424891,0.406738340860665,0.00773303781512013,0.0620795782771553,-0.0203753924797626,1.4564596855136,1.07130403370132,25.9999,0.0638624477390889,-0.5,0,5,3.51132224183,0,dp,2,4,2,318026,1,318027,0,0,1,1,2,,318026,,FALSE,318026,FALSE,8,unlinked-likely,20260507_145347_unknown_allT_DP_MB_ME_g5_sm0p5_kg0_ks0_rcpp
sp1,85,,,7,4.6,2010-05-25,"","",tree,all,0.0381571271145179,0.372624469424891,0.406738340860665,0.00773303781512013,0.0620795782771553,-0.0203753924797626,1.4564596855136,1.07130403370132,25.9999,0.0638624477390889,-0.5,0,5,3.51132224183,0,provisional_dp,2,4,2,318027,1,318026,0,0,1,0,4,,318027,FALSE,FALSE,318027,FALSE,8,confident,20260507_145347_unknown_allT_DP_MB_ME_g5_sm0p5_kg0_ks0_rcpp
sp1,85,318026,318026,4,1.7,1995-06-14,"","",tree,all,0.0381571271145179,0.372624469424891,0.406738340860665,0.00773303781512013,0.0620795782771553,-0.0203753924797626,1.4564596855136,1.07130403370132,25.9999,0.0638624477390889,-0.5,0,5,3.51132224183,0,given,2,4,2,318026,1,318027,0,0,1,1,1,,318026,,FALSE,318026,FALSE,8,unlinked-likely,20260507_145347_unknown_allT_DP_MB_ME_g5_sm0p5_kg0_ks0_rcpp
sp1,85,318026,318026,6,3.2,2005-06-30,"","",tree,all,0.0381571271145179,0.372624469424891,0.406738340860665,0.00773303781512013,0.0620795782771553,-0.0203753924797626,1.4564596855136,1.07130403370132,25.9999,0.0638624477390889,-0.5,0,5,3.51132224183,0,given,2,4,2,318026,1,318027,0,0,1,1,3,,318026,,FALSE,318026,FALSE,8,unlinked-likely,20260507_145347_unknown_allT_DP_MB_ME_g5_sm0p5_kg0_ks0_rcpp
sp1,85,318026,318026,8,6,2015-09-01,"","",tree,all,0.0381571271145179,0.372624469424891,0.406738340860665,0.00773303781512013,0.0620795782771553,-0.0203753924797626,1.4564596855136,1.07130403370132,25.9999,0.0638624477390889,-0.5,0,5,3.51132224183,0,given,,,,,,,,,,,5,,318026,,FALSE,318026,FALSE,8,,20260507_145347_unknown_allT_DP_MB_ME_g5_sm0p5_kg0_ks0_rcpp
sp1,85,318026,318026,9,8,2022-12-21,"","",tree,all,0.0381571271145179,0.372624469424891,0.406738340860665,0.00773303781512013,0.0620795782771553,-0.0203753924797626,1.4564596855136,1.07130403370132,25.9999,0.0638624477390889,-0.5,0,5,3.51132224183,0,given,,,,,,,,,,,6,,318026,,FALSE,318026,FALSE,8,,20260507_145347_unknown_allT_DP_MB_ME_g5_sm0p5_kg0_ks0_rcpp
sp1,86,141986,141986,1,3,1982-03-03,"","",tree,all,0.0381571271145179,0.372624469424891,0.406738340860665,0.00773303781512013,0.0620795782771553,-0.0203753924797626,1.4564596855136,1.07130403370132,25.9999,0.0638624477390889,-0.5,0,5,3.51132224183,0,given,6,2,3,141986,1,250132,0,0,1,0,1,,141986,,FALSE,141986,FALSE,9,confident,20260507_145347_unknown_allT_DP_MB_ME_g5_sm0p5_kg0_ks0_rcpp
sp1,86,141986,141986,2,3,1985-04-04,"","",tree,all,0.0381571271145179,0.372624469424891,0.406738340860665,0.00773303781512013,0.0620795782771553,-0.0203753924797626,1.4564596855136,1.07130403370132,25.9999,0.0638624477390889,-0.5,0,5,3.51132224183,0,given,6,2,3,141986,1,250132,0,0,1,0,2,,141986,,FALSE,141986,FALSE,9,confident,20260507_145347_unknown_allT_DP_MB_ME_g5_sm0p5_kg0_ks0_rcpp
sp1,86,141986,141986,3,3.8,1990-08-24,"","",tree,all,0.0381571271145179,0.372624469424891,0.406738340860665,0.00773303781512013,0.0620795782771553,-0.0203753924797626,1.4564596855136,1.07130403370132,25.9999,0.0638624477390889,-0.5,0,5,3.51132224183,0,given,6,2,3,141986,1,250132,0,0,1,0,4,,141986,,FALSE,141986,FALSE,9,confident,20260507_145347_unknown_allT_DP_MB_ME_g5_sm0p5_kg0_ks0_rcpp
sp1,86,141986,141986,4,3.5,1995-06-16,"","",tree,all,0.0381571271145179,0.372624469424891,0.406738340860665,0.00773303781512013,0.0620795782771553,-0.0203753924797626,1.4564596855136,1.07130403370132,25.9999,0.0638624477390889,-0.5,0,5,3.51132224183,0,given,6,2,3,141986,1,250132,0,0,1,0,6,,141986,,FALSE,141986,FALSE,9,confident,20260507_145347_unknown_allT_DP_MB_ME_g5_sm0p5_kg0_ks0_rcpp
sp1,86,141986,141986,5,3.7,2000-04-05,"","",tree,all,0.0381571271145179,0.372624469424891,0.406738340860665,0.00773303781512013,0.0620795782771553,-0.0203753924797626,1.4564596855136,1.07130403370132,25.9999,0.0638624477390889,-0.5,0,5,3.51132224183,0,given,6,2,3,141986,1,250132,0,0,1,0,8,,141986,,FALSE,141986,FALSE,9,confident,20260507_145347_unknown_allT_DP_MB_ME_g5_sm0p5_kg0_ks0_rcpp
sp1,86,141986,141986,6,3.8,2005-05-04,"","",tree,all,0.0381571271145179,0.372624469424891,0.406738340860665,0.00773303781512013,0.0620795782771553,-0.0203753924797626,1.4564596855136,1.07130403370132,25.9999,0.0638624477390889,-0.5,0,5,3.51132224183,0,given,6,2,3,141986,1,250132,0,0,1,0,10,,141986,,FALSE,141986,FALSE,9,confident,20260507_145347_unknown_allT_DP_MB_ME_g5_sm0p5_kg0_ks0_rcpp
sp1,86,141986,141986,7,4.6,2010-05-06,"","",tree,all,0.0381571271145179,0.372624469424891,0.406738340860665,0.00773303781512013,0.0620795782771553,-0.0203753924797626,1.4564596855136,1.07130403370132,25.9999,0.0638624477390889,-0.5,0,5,3.51132224183,0,given,6,2,3,141986,1,250132,0,0,1,0,12,,141986,,FALSE,141986,FALSE,9,confident,20260507_145347_unknown_allT_DP_MB_ME_g5_sm0p5_kg0_ks0_rcpp
sp1,86,141986,141986,8,4.6,2015-06-02,M,"",tree,all,0.0381571271145179,0.372624469424891,0.406738340860665,0.00773303781512013,0.0620795782771553,-0.0203753924797626,1.4564596855136,1.07130403370132,25.9999,0.0638624477390889,-0.5,0,5,3.51132224183,0,given,,,,,,,,,,,14,,141986,,FALSE,141986,FALSE,9,,20260507_145347_unknown_allT_DP_MB_ME_g5_sm0p5_kg0_ks0_rcpp
sp1,86,141986,141986,9,4.6,2022-09-27,"","",tree,all,0.0381571271145179,0.372624469424891,0.406738340860665,0.00773303781512013,0.0620795782771553,-0.0203753924797626,1.4564596855136,1.07130403370132,25.9999,0.0638624477390889,-0.5,0,5,3.51132224183,0,given,,,,,,,,,,,16,,141986,,FALSE,141986,FALSE,9,,20260507_145347_unknown_allT_DP_MB_ME_g5_sm0p5_kg0_ks0_rcpp
sp1,86,250132,250132,2,1,1985-04-04,"","",tree,all,0.0381571271145179,0.372624469424891,0.406738340860665,0.00773303781512013,0.0620795782771553,-0.0203753924797626,1.4564596855136,1.07130403370132,25.9999,0.0638624477390889,-0.5,0,5,3.51132224183,0,given,6,2,3,250132,1,141986,0,0,1,0,3,,250132,,FALSE,250132,FALSE,9,confident,20260507_145347_unknown_allT_DP_MB_ME_g5_sm0p5_kg0_ks0_rcpp
sp1,86,250132,250132,3,1.1,1990-08-24,"","",tree,all,0.0381571271145179,0.372624469424891,0.406738340860665,0.00773303781512013,0.0620795782771553,-0.0203753924797626,1.4564596855136,1.07130403370132,25.9999,0.0638624477390889,-0.5,0,5,3.51132224183,0,given,6,2,3,250132,1,141986,0,0,1,0,5,,250132,,FALSE,250132,FALSE,9,confident,20260507_145347_unknown_allT_DP_MB_ME_g5_sm0p5_kg0_ks0_rcpp
sp1,86,250132,250132,4,1.1,1995-06-16,"","",tree,all,0.0381571271145179,0.372624469424891,0.406738340860665,0.00773303781512013,0.0620795782771553,-0.0203753924797626,1.4564596855136,1.07130403370132,25.9999,0.0638624477390889,-0.5,0,5,3.51132224183,0,given,6,2,3,250132,1,141986,0,0,1,0,7,,250132,,FALSE,250132,FALSE,9,confident,20260507_145347_unknown_allT_DP_MB_ME_g5_sm0p5_kg0_ks0_rcpp
sp1,86,250132,250132,5,1.1,2000-04-05,"","",tree,all,0.0381571271145179,0.372624469424891,0.406738340860665,0.00773303781512013,0.0620795782771553,-0.0203753924797626,1.4564596855136,1.07130403370132,25.9999,0.0638624477390889,-0.5,0,5,3.51132224183,0,given,6,2,3,250132,1,141986,0,0,1,0,9,,250132,,FALSE,250132,FALSE,9,confident,20260507_145347_unknown_allT_DP_MB_ME_g5_sm0p5_kg0_ks0_rcpp
sp1,86,250132,250132,6,1.2,2005-05-04,L,"",tree,all,0.0381571271145179,0.372624469424891,0.406738340860665,0.00773303781512013,0.0620795782771553,-0.0203753924797626,1.4564596855136,1.07130403370132,25.9999,0.0638624477390889,-0.5,0,5,3.51132224183,0,given,6,2,3,250132,1,141986,0,0,1,0,11,,250132,,FALSE,250132,FALSE,9,confident,20260507_145347_unknown_allT_DP_MB_ME_g5_sm0p5_kg0_ks0_rcpp
sp1,86,250132,250132,7,1.2,2010-05-06,"","",tree,all,0.0381571271145179,0.372624469424891,0.406738340860665,0.00773303781512013,0.0620795782771553,-0.0203753924797626,1.4564596855136,1.07130403370132,25.9999,0.0638624477390889,-0.5,0,5,3.51132224183,0,given,6,2,3,250132,1,141986,0,0,1,0,13,,250132,,FALSE,250132,FALSE,9,confident,20260507_145347_unknown_allT_DP_MB_ME_g5_sm0p5_kg0_ks0_rcpp
sp1,86,250132,250132,8,1.3,2015-06-02,"","",tree,all,0.0381571271145179,0.372624469424891,0.406738340860665,0.00773303781512013,0.0620795782771553,-0.0203753924797626,1.4564596855136,1.07130403370132,25.9999,0.0638624477390889,-0.5,0,5,3.51132224183,0,given,,,,,,,,,,,15,,250132,,FALSE,250132,FALSE,9,,20260507_145347_unknown_allT_DP_MB_ME_g5_sm0p5_kg0_ks0_rcpp
sp1,86,250132,250132,9,1.5,2022-09-27,"","",tree,all,0.0381571271145179,0.372624469424891,0.406738340860665,0.00773303781512013,0.0620795782771553,-0.0203753924797626,1.4564596855136,1.07130403370132,25.9999,0.0638624477390889,-0.5,0,5,3.51132224183,0,given,,,,,,,,,,,17,,250132,,FALSE,250132,FALSE,9,,20260507_145347_unknown_allT_DP_MB_ME_g5_sm0p5_kg0_ks0_rcpp
sp1,87,,,3,1.1,1990-08-24,"","",tree,all,0.0381571271145179,0.372624469424891,0.406738340860665,0.00773303781512013,0.0620795782771553,-0.0203753924797626,1.4564596855136,1.07130403370132,25.9999,0.0638624477390889,-0.5,0,5,3.51132224183,0,dp,6,2,3,250132,1,141986,0,0,1,0,5,,250132,,FALSE,250132,FALSE,9,confident,20260507_145347_unknown_allT_DP_MB_ME_g5_sm0p5_kg0_ks0_rcpp
sp1,87,141986,141986,1,3,1982-03-03,"","",tree,all,0.0381571271145179,0.372624469424891,0.406738340860665,0.00773303781512013,0.0620795782771553,-0.0203753924797626,1.4564596855136,1.07130403370132,25.9999,0.0638624477390889,-0.5,0,5,3.51132224183,0,given,6,2,3,141986,1,250132,0,0,1,0,1,,141986,,FALSE,141986,FALSE,9,confident,20260507_145347_unknown_allT_DP_MB_ME_g5_sm0p5_kg0_ks0_rcpp
sp1,87,141986,141986,2,3,1985-04-04,"","",tree,all,0.0381571271145179,0.372624469424891,0.406738340860665,0.00773303781512013,0.0620795782771553,-0.0203753924797626,1.4564596855136,1.07130403370132,25.9999,0.0638624477390889,-0.5,0,5,3.51132224183,0,given,6,2,3,141986,1,250132,0,0,1,0,2,,141986,,FALSE,141986,FALSE,9,confident,20260507_145347_unknown_allT_DP_MB_ME_g5_sm0p5_kg0_ks0_rcpp
sp1,87,141986,141986,3,3.8,1990-08-24,"","",tree,all,0.0381571271145179,0.372624469424891,0.406738340860665,0.00773303781512013,0.0620795782771553,-0.0203753924797626,1.4564596855136,1.07130403370132,25.9999,0.0638624477390889,-0.5,0,5,3.51132224183,0,given,6,2,3,141986,1,250132,0,0,1,0,4,,141986,,FALSE,141986,FALSE,9,confident,20260507_145347_unknown_allT_DP_MB_ME_g5_sm0p5_kg0_ks0_rcpp
sp1,87,141986,141986,4,3.5,1995-06-16,"","",tree,all,0.0381571271145179,0.372624469424891,0.406738340860665,0.00773303781512013,0.0620795782771553,-0.0203753924797626,1.4564596855136,1.07130403370132,25.9999,0.0638624477390889,-0.5,0,5,3.51132224183,0,given,6,2,3,141986,1,250132,0,0,1,0,6,,141986,,FALSE,141986,FALSE,9,confident,20260507_145347_unknown_allT_DP_MB_ME_g5_sm0p5_kg0_ks0_rcpp
sp1,87,141986,141986,5,3.7,2000-04-05,"","",tree,all,0.0381571271145179,0.372624469424891,0.406738340860665,0.00773303781512013,0.0620795782771553,-0.0203753924797626,1.4564596855136,1.07130403370132,25.9999,0.0638624477390889,-0.5,0,5,3.51132224183,0,given,6,2,3,141986,1,250132,0,0,1,0,8,,141986,,FALSE,141986,FALSE,9,confident,20260507_145347_unknown_allT_DP_MB_ME_g5_sm0p5_kg0_ks0_rcpp
sp1,87,141986,141986,6,3.8,2005-05-04,"","",tree,all,0.0381571271145179,0.372624469424891,0.406738340860665,0.00773303781512013,0.0620795782771553,-0.0203753924797626,1.4564596855136,1.07130403370132,25.9999,0.0638624477390889,-0.5,0,5,3.51132224183,0,given,6,2,3,141986,1,250132,0,0,1,0,10,,141986,,FALSE,141986,FALSE,9,confident,20260507_145347_unknown_allT_DP_MB_ME_g5_sm0p5_kg0_ks0_rcpp
sp1,87,141986,141986,7,4.6,2010-05-06,"","",tree,all,0.0381571271145179,0.372624469424891,0.406738340860665,0.00773303781512013,0.0620795782771553,-0.0203753924797626,1.4564596855136,1.07130403370132,25.9999,0.0638624477390889,-0.5,0,5,3.51132224183,0,given,6,2,3,141986,1,250132,0,0,1,0,12,,141986,,FALSE,141986,FALSE,9,confident,20260507_145347_unknown_allT_DP_MB_ME_g5_sm0p5_kg0_ks0_rcpp
sp1,87,141986,141986,8,4.6,2015-06-02,M,"",tree,all,0.0381571271145179,0.372624469424891,0.406738340860665,0.00773303781512013,0.0620795782771553,-0.0203753924797626,1.4564596855136,1.07130403370132,25.9999,0.0638624477390889,-0.5,0,5,3.51132224183,0,given,,,,,,,,,,,14,,141986,,FALSE,141986,FALSE,9,,20260507_145347_unknown_allT_DP_MB_ME_g5_sm0p5_kg0_ks0_rcpp
sp1,87,141986,141986,9,4.6,2022-09-27,"","",tree,all,0.0381571271145179,0.372624469424891,0.406738340860665,0.00773303781512013,0.0620795782771553,-0.0203753924797626,1.4564596855136,1.07130403370132,25.9999,0.0638624477390889,-0.5,0,5,3.51132224183,0,given,,,,,,,,,,,16,,141986,,FALSE,141986,FALSE,9,,20260507_145347_unknown_allT_DP_MB_ME_g5_sm0p5_kg0_ks0_rcpp
sp1,87,250132,250132,2,1,1985-04-04,"","",tree,all,0.0381571271145179,0.372624469424891,0.406738340860665,0.00773303781512013,0.0620795782771553,-0.0203753924797626,1.4564596855136,1.07130403370132,25.9999,0.0638624477390889,-0.5,0,5,3.51132224183,0,given,6,2,3,250132,1,141986,0,0,1,0,3,,250132,,FALSE,250132,FALSE,9,confident,20260507_145347_unknown_allT_DP_MB_ME_g5_sm0p5_kg0_ks0_rcpp
sp1,87,250132,250132,4,1.1,1995-06-16,"","",tree,all,0.0381571271145179,0.372624469424891,0.406738340860665,0.00773303781512013,0.0620795782771553,-0.0203753924797626,1.4564596855136,1.07130403370132,25.9999,0.0638624477390889,-0.5,0,5,3.51132224183,0,given,6,2,3,250132,1,141986,0,0,1,0,7,,250132,,FALSE,250132,FALSE,9,confident,20260507_145347_unknown_allT_DP_MB_ME_g5_sm0p5_kg0_ks0_rcpp
sp1,87,250132,250132,5,1.1,2000-04-05,"","",tree,all,0.0381571271145179,0.372624469424891,0.406738340860665,0.00773303781512013,0.0620795782771553,-0.0203753924797626,1.4564596855136,1.07130403370132,25.9999,0.0638624477390889,-0.5,0,5,3.51132224183,0,given,6,2,3,250132,1,141986,0,0,1,0,9,,250132,,FALSE,250132,FALSE,9,confident,20260507_145347_unknown_allT_DP_MB_ME_g5_sm0p5_kg0_ks0_rcpp
sp1,87,250132,250132,6,1.2,2005-05-04,L,"",tree,all,0.0381571271145179,0.372624469424891,0.406738340860665,0.00773303781512013,0.0620795782771553,-0.0203753924797626,1.4564596855136,1.07130403370132,25.9999,0.0638624477390889,-0.5,0,5,3.51132224183,0,given,6,2,3,250132,1,141986,0,0,1,0,11,,250132,,FALSE,250132,FALSE,9,confident,20260507_145347_unknown_allT_DP_MB_ME_g5_sm0p5_kg0_ks0_rcpp
sp1,87,250132,250132,7,1.2,2010-05-06,"","",tree,all,0.0381571271145179,0.372624469424891,0.406738340860665,0.00773303781512013,0.0620795782771553,-0.0203753924797626,1.4564596855136,1.07130403370132,25.9999,0.0638624477390889,-0.5,0,5,3.51132224183,0,given,6,2,3,250132,1,141986,0,0,1,0,13,,250132,,FALSE,250132,FALSE,9,confident,20260507_145347_unknown_allT_DP_MB_ME_g5_sm0p5_kg0_ks0_rcpp
sp1,87,250132,250132,8,1.3,2015-06-02,"","",tree,all,0.0381571271145179,0.372624469424891,0.406738340860665,0.00773303781512013,0.0620795782771553,-0.0203753924797626,1.4564596855136,1.07130403370132,25.9999,0.0638624477390889,-0.5,0,5,3.51132224183,0,given,,,,,,,,,,,15,,250132,,FALSE,250132,FALSE,9,,20260507_145347_unknown_allT_DP_MB_ME_g5_sm0p5_kg0_ks0_rcpp
sp1,87,250132,250132,9,1.5,2022-09-27,"","",tree,all,0.0381571271145179,0.372624469424891,0.406738340860665,0.00773303781512013,0.0620795782771553,-0.0203753924797626,1.4564596855136,1.07130403370132,25.9999,0.0638624477390889,-0.5,0,5,3.51132224183,0,given,,,,,,,,,,,17,,250132,,FALSE,250132,FALSE,9,,20260507_145347_unknown_allT_DP_MB_ME_g5_sm0p5_kg0_ks0_rcpp
sp1,88,,,2,3,1985-04-04,"","",tree,all,0.0381571271145179,0.372624469424891,0.406738340860665,0.00773303781512013,0.0620795782771553,-0.0203753924797626,1.4564596855136,1.07130403370132,25.9999,0.0638624477390889,-0.5,0,5,3.51132224183,0,dp,6,2,3,141986,1,250132,0,0,1,0,2,,141986,,FALSE,141986,FALSE,9,confident,20260507_145347_unknown_allT_DP_MB_ME_g5_sm0p5_kg0_ks0_rcpp
sp1,88,,,3,1.1,1990-08-24,"","",tree,all,0.0381571271145179,0.372624469424891,0.406738340860665,0.00773303781512013,0.0620795782771553,-0.0203753924797626,1.4564596855136,1.07130403370132,25.9999,0.0638624477390889,-0.5,0,5,3.51132224183,0,dp,6,2,3,250132,1,141986,0,0,1,0,5,,250132,,FALSE,250132,FALSE,9,confident,20260507_145347_unknown_allT_DP_MB_ME_g5_sm0p5_kg0_ks0_rcpp
sp1,88,,,5,3.7,2000-04-05,"","",tree,all,0.0381571271145179,0.372624469424891,0.406738340860665,0.00773303781512013,0.0620795782771553,-0.0203753924797626,1.4564596855136,1.07130403370132,25.9999,0.0638624477390889,-0.5,0,5,3.51132224183,0,dp,6,2,3,141986,1,250132,0,0,1,0,8,,141986,,FALSE,141986,FALSE,9,confident,20260507_145347_unknown_allT_DP_MB_ME_g5_sm0p5_kg0_ks0_rcpp
sp1,88,,,8,4.6,2015-06-02,M,"",tree,all,0.0381571271145179,0.372624469424891,0.406738340860665,0.00773303781512013,0.0620795782771553,-0.0203753924797626,1.4564596855136,1.07130403370132,25.9999,0.0638624477390889,-0.5,0,5,3.51132224183,0,none_after_anchor,,,,,,,,,,,14,,,,FALSE,,FALSE,9,,20260507_145347_unknown_allT_DP_MB_ME_g5_sm0p5_kg0_ks0_rcpp
sp1,88,141986,141986,1,3,1982-03-03,"","",tree,all,0.0381571271145179,0.372624469424891,0.406738340860665,0.00773303781512013,0.0620795782771553,-0.0203753924797626,1.4564596855136,1.07130403370132,25.9999,0.0638624477390889,-0.5,0,5,3.51132224183,0,given,6,2,3,141986,1,250132,0,0,1,0,1,,141986,,FALSE,141986,FALSE,9,confident,20260507_145347_unknown_allT_DP_MB_ME_g5_sm0p5_kg0_ks0_rcpp
sp1,88,141986,141986,3,3.8,1990-08-24,"","",tree,all,0.0381571271145179,0.372624469424891,0.406738340860665,0.00773303781512013,0.0620795782771553,-0.0203753924797626,1.4564596855136,1.07130403370132,25.9999,0.0638624477390889,-0.5,0,5,3.51132224183,0,given,6,2,3,141986,1,250132,0,0,1,0,4,,141986,,FALSE,141986,FALSE,9,confident,20260507_145347_unknown_allT_DP_MB_ME_g5_sm0p5_kg0_ks0_rcpp
sp1,88,141986,141986,4,3.5,1995-06-16,"","",tree,all,0.0381571271145179,0.372624469424891,0.406738340860665,0.00773303781512013,0.0620795782771553,-0.0203753924797626,1.4564596855136,1.07130403370132,25.9999,0.0638624477390889,-0.5,0,5,3.51132224183,0,given,6,2,3,141986,1,250132,0,0,1,0,6,,141986,,FALSE,141986,FALSE,9,confident,20260507_145347_unknown_allT_DP_MB_ME_g5_sm0p5_kg0_ks0_rcpp
sp1,88,141986,141986,6,3.8,2005-05-04,"","",tree,all,0.0381571271145179,0.372624469424891,0.406738340860665,0.00773303781512013,0.0620795782771553,-0.0203753924797626,1.4564596855136,1.07130403370132,25.9999,0.0638624477390889,-0.5,0,5,3.51132224183,0,given,6,2,3,141986,1,250132,0,0,1,0,10,,141986,,FALSE,141986,FALSE,9,confident,20260507_145347_unknown_allT_DP_MB_ME_g5_sm0p5_kg0_ks0_rcpp
sp1,88,141986,141986,7,4.6,2010-05-06,"","",tree,all,0.0381571271145179,0.372624469424891,0.406738340860665,0.00773303781512013,0.0620795782771553,-0.0203753924797626,1.4564596855136,1.07130403370132,25.9999,0.0638624477390889,-0.5,0,5,3.51132224183,0,given,6,2,3,141986,1,250132,0,0,1,0,12,,141986,,FALSE,141986,FALSE,9,confident,20260507_145347_unknown_allT_DP_MB_ME_g5_sm0p5_kg0_ks0_rcpp
sp1,88,141986,141986,9,4.6,2022-09-27,"","",tree,all,0.0381571271145179,0.372624469424891,0.406738340860665,0.00773303781512013,0.0620795782771553,-0.0203753924797626,1.4564596855136,1.07130403370132,25.9999,0.0638624477390889,-0.5,0,5,3.51132224183,0,given,,,,,,,,,,,16,,141986,,FALSE,141986,FALSE,9,,20260507_145347_unknown_allT_DP_MB_ME_g5_sm0p5_kg0_ks0_rcpp
sp1,88,250132,250132,2,1,1985-04-04,"","",tree,all,0.0381571271145179,0.372624469424891,0.406738340860665,0.00773303781512013,0.0620795782771553,-0.0203753924797626,1.4564596855136,1.07130403370132,25.9999,0.0638624477390889,-0.5,0,5,3.51132224183,0,given,6,2,3,250132,1,141986,0,0,1,0,3,,250132,,FALSE,250132,FALSE,9,confident,20260507_145347_unknown_allT_DP_MB_ME_g5_sm0p5_kg0_ks0_rcpp
sp1,88,250132,250132,4,1.1,1995-06-16,"","",tree,all,0.0381571271145179,0.372624469424891,0.406738340860665,0.00773303781512013,0.0620795782771553,-0.0203753924797626,1.4564596855136,1.07130403370132,25.9999,0.0638624477390889,-0.5,0,5,3.51132224183,0,given,6,2,3,250132,1,141986,0,0,1,0,7,,250132,,FALSE,250132,FALSE,9,confident,20260507_145347_unknown_allT_DP_MB_ME_g5_sm0p5_kg0_ks0_rcpp
sp1,88,250132,250132,5,1.1,2000-04-05,"","",tree,all,0.0381571271145179,0.372624469424891,0.406738340860665,0.00773303781512013,0.0620795782771553,-0.0203753924797626,1.4564596855136,1.07130403370132,25.9999,0.0638624477390889,-0.5,0,5,3.51132224183,0,given,6,2,3,250132,1,141986,0,0,1,0,9,,250132,,FALSE,250132,FALSE,9,confident,20260507_145347_unknown_allT_DP_MB_ME_g5_sm0p5_kg0_ks0_rcpp
sp1,88,250132,250132,6,1.2,2005-05-04,L,"",tree,all,0.0381571271145179,0.372624469424891,0.406738340860665,0.00773303781512013,0.0620795782771553,-0.0203753924797626,1.4564596855136,1.07130403370132,25.9999,0.0638624477390889,-0.5,0,5,3.51132224183,0,given,6,2,3,250132,1,141986,0,0,1,0,11,,250132,,FALSE,250132,FALSE,9,confident,20260507_145347_unknown_allT_DP_MB_ME_g5_sm0p5_kg0_ks0_rcpp
sp1,88,250132,250132,7,1.2,2010-05-06,"","",tree,all,0.0381571271145179,0.372624469424891,0.406738340860665,0.00773303781512013,0.0620795782771553,-0.0203753924797626,1.4564596855136,1.07130403370132,25.9999,0.0638624477390889,-0.5,0,5,3.51132224183,0,given,6,2,3,250132,1,141986,0,0,1,0,13,,250132,,FALSE,250132,FALSE,9,confident,20260507_145347_unknown_allT_DP_MB_ME_g5_sm0p5_kg0_ks0_rcpp
sp1,88,250132,250132,8,1.3,2015-06-02,"","",tree,all,0.0381571271145179,0.372624469424891,0.406738340860665,0.00773303781512013,0.0620795782771553,-0.0203753924797626,1.4564596855136,1.07130403370132,25.9999,0.0638624477390889,-0.5,0,5,3.51132224183,0,given,,,,,,,,,,,15,,250132,,FALSE,250132,FALSE,9,,20260507_145347_unknown_allT_DP_MB_ME_g5_sm0p5_kg0_ks0_rcpp
sp1,88,250132,250132,9,1.5,2022-09-27,"","",tree,all,0.0381571271145179,0.372624469424891,0.406738340860665,0.00773303781512013,0.0620795782771553,-0.0203753924797626,1.4564596855136,1.07130403370132,25.9999,0.0638624477390889,-0.5,0,5,3.51132224183,0,given,,,,,,,,,,,17,,250132,,FALSE,250132,FALSE,9,,20260507_145347_unknown_allT_DP_MB_ME_g5_sm0p5_kg0_ks0_rcpp
sp1,378,391,,1,490,1981-04-22,"",alive,tree,all,0.0381571271145179,0.372624469424891,0.406738340860665,0.00773303781512013,0.0620795782771553,-0.0203753924797626,1.4564596855136,1.07130403370132,25.9999,0.0638624477390889,-0.5,0,5,3.51132224183,0,probabilistic,24,4,4,1077587,1,,,0,1,,1,no_states_produced,1077587,,FALSE,1077587,FALSE,9,confident,20260507_145347_unknown_allT_DP_MB_ME_g5_sm0p5_kg0_ks0_rcpp
sp1,378,391,,2,450,1985-08-24,"",alive,tree,all,0.0381571271145179,0.372624469424891,0.406738340860665,0.00773303781512013,0.0620795782771553,-0.0203753924797626,1.4564596855136,1.07130403370132,25.9999,0.0638624477390889,-0.5,0,5,3.51132224183,0,probabilistic,24,4,4,1077586,1,,,0,1,,2,no_states_produced,1077586,,FALSE,1077586,FALSE,9,confident,20260507_145347_unknown_allT_DP_MB_ME_g5_sm0p5_kg0_ks0_rcpp
sp1,378,491025,,3,491,1991-02-16,M;B;cylY,alive,tree,all,0.0381571271145179,0.372624469424891,0.406738340860665,0.00773303781512013,0.0620795782771553,-0.0203753924797626,1.4564596855136,1.07130403370132,25.9999,0.0638624477390889,-0.5,0,5,3.51132224183,0,probabilistic,24,4,4,1077584,0.005,1077588,0.005,5.29831736654804,0.005,,3,no_states_produced,1077584,,FALSE,1077584,FALSE,9,ambiguous,20260507_145347_unknown_allT_DP_MB_ME_g5_sm0p5_kg0_ks0_rcpp
sp1,378,619374,,3,40,1991-02-16,"",alive,tree,all,0.0381571271145179,0.372624469424891,0.406738340860665,0.00773303781512013,0.0620795782771553,-0.0203753924797626,1.4564596855136,1.07130403370132,25.9999,0.0638624477390889,-0.5,0,5,3.51132224183,0,probabilistic,24,4,4,1077585,1,,,0,1,,4,no_states_produced,1077585,,FALSE,1077585,FALSE,9,confident,20260507_145347_unknown_allT_DP_MB_ME_g5_sm0p5_kg0_ks0_rcpp
sp1,378,695366,,4,546,1995-09-27,M;B;cylY,alive,tree,all,0.0381571271145179,0.372624469424891,0.406738340860665,0.00773303781512013,0.0620795782771553,-0.0203753924797626,1.4564596855136,1.07130403370132,25.9999,0.0638624477390889,-0.5,0,5,3.51132224183,0,probabilistic,24,4,4,1077578,1,,,0,1,,5,no_states_produced,1077578,,FALSE,1077578,FALSE,9,confident,20260507_145347_unknown_allT_DP_MB_ME_g5_sm0p5_kg0_ks0_rcpp
sp1,378,754928,,4,34,1995-09-27,"",alive,tree,all,0.0381571271145179,0.372624469424891,0.406738340860665,0.00773303781512013,0.0620795782771553,-0.0203753924797626,1.4564596855136,1.07130403370132,25.9999,0.0638624477390889,-0.5,0,5,3.51132224183,0,probabilistic,24,4,4,1077582,1,,,0,1,,6,no_states_produced,1077582,,FALSE,1077582,FALSE,9,confident,20260507_145347_unknown_allT_DP_MB_ME_g5_sm0p5_kg0_ks0_rcpp
sp1,378,801945,,4,11,1995-09-27,"",alive,tree,all,0.0381571271145179,0.372624469424891,0.406738340860665,0.00773303781512013,0.0620795782771553,-0.0203753924797626,1.4564596855136,1.07130403370132,25.9999,0.0638624477390889,-0.5,0,5,3.51132224183,0,probabilistic,24,4,4,1077583,1,,,0,1,,7,no_states_produced,1077583,,FALSE,1077583,FALSE,9,confident,20260507_145347_unknown_allT_DP_MB_ME_g5_sm0p5_kg0_ks0_rcpp
sp1,378,839366,,5,571,2000-09-27,B;cylY,alive,tree,all,0.0381571271145179,0.372624469424891,0.406738340860665,0.00773303781512013,0.0620795782771553,-0.0203753924797626,1.4564596855136,1.07130403370132,25.9999,0.0638624477390889,-0.5,0,5,3.51132224183,0,probabilistic,24,4,4,1077578,1,,,0,1,,8,no_states_produced,1077578,,FALSE,1077578,FALSE,9,confident,20260507_145347_unknown_allT_DP_MB_ME_g5_sm0p5_kg0_ks0_rcpp
sp1,378,869100,,6,595,2005-10-17,M;B;cylN,alive,tree,all,0.0381571271145179,0.372624469424891,0.406738340860665,0.00773303781512013,0.0620795782771553,-0.0203753924797626,1.4564596855136,1.07130403370132,25.9999,0.0638624477390889,-0.5,0,5,3.51132224183,0,probabilistic,24,4,4,1077578,1,,,0,1,,9,no_states_produced,1077578,,FALSE,1077578,FALSE,9,confident,20260507_145347_unknown_allT_DP_MB_ME_g5_sm0p5_kg0_ks0_rcpp
sp1,378,893101,,6,190,2005-10-17,"",alive,tree,all,0.0381571271145179,0.372624469424891,0.406738340860665,0.00773303781512013,0.0620795782771553,-0.0203753924797626,1.4564596855136,1.07130403370132,25.9999,0.0638624477390889,-0.5,0,5,3.51132224183,0,probabilistic,24,4,4,1077579,1,,,0,1,,10,no_states_produced,1077579,,FALSE,1077579,FALSE,9,confident,20260507_145347_unknown_allT_DP_MB_ME_g5_sm0p5_kg0_ks0_rcpp
sp1,378,893101,893101,7,,2010-09-14,D;C,dead,tree,all,0.0381571271145179,0.372624469424891,0.406738340860665,0.00773303781512013,0.0620795782771553,-0.0203753924797626,1.4564596855136,1.07130403370132,25.9999,0.0638624477390889,-0.5,0,5,3.51132224183,0,given,,,,,,,,,,,11,,893101,,FALSE,893101,FALSE,9,,20260507_145347_unknown_allT_DP_MB_ME_g5_sm0p5_kg0_ks0_rcpp
sp1,378,893101,893101,8,,2015-11-26,R,broken below,tree,all,0.0381571271145179,0.372624469424891,0.406738340860665,0.00773303781512013,0.0620795782771553,-0.0203753924797626,1.4564596855136,1.07130403370132,25.9999,0.0638624477390889,-0.5,0,5,3.51132224183,0,given,24,4,4,,,,,,,,12,no_states_produced,893101,,FALSE,893101,FALSE,9,,20260507_145347_unknown_allT_DP_MB_ME_g5_sm0p5_kg0_ks0_rcpp
sp1,378,893101,893101,9,,2023-05-30,OR,broken below,tree,all,0.0381571271145179,0.372624469424891,0.406738340860665,0.00773303781512013,0.0620795782771553,-0.0203753924797626,1.4564596855136,1.07130403370132,25.9999,0.0638624477390889,-0.5,0,5,3.51132224183,0,given,,,,,,,,,,,14,no_states_produced,893101,,FALSE,893101,FALSE,9,,20260507_145347_unknown_allT_DP_MB_ME_g5_sm0p5_kg0_ks0_rcpp
sp1,378,1077577,1077577,8,271,2015-11-26,"",alive,tree,all,0.0381571271145179,0.372624469424891,0.406738340860665,0.00773303781512013,0.0620795782771553,-0.0203753924797626,1.4564596855136,1.07130403370132,25.9999,0.0638624477390889,-0.5,0,5,3.51132224183,0,given,24,4,4,1077577,1,,,0,1,,13,no_states_produced,1077577,,FALSE,1077577,FALSE,9,confident,20260507_145347_unknown_allT_DP_MB_ME_g5_sm0p5_kg0_ks0_rcpp
sp1,378,1077577,1077577,9,383,2023-05-30,A,alive,tree,all,0.0381571271145179,0.372624469424891,0.406738340860665,0.00773303781512013,0.0620795782771553,-0.0203753924797626,1.4564596855136,1.07130403370132,25.9999,0.0638624477390889,-0.5,0,5,3.51132224183,0,given,,,,,,,,,,,15,no_states_produced,1077577,,FALSE,1077577,FALSE,9,,20260507_145347_unknown_allT_DP_MB_ME_g5_sm0p5_kg0_ks0_rcpp
sp1,901,9011,,1,5,1982-01-01,"","",tree,all,0.0381571271145179,0.372624469424891,0.406738340860665,0.00773303781512013,0.0620795782771553,-0.0203753924797626,1.4564596855136,1.07130403370132,25.9999,0.0638624477390889,-0.5,0,5,3.51132224183,0,dp,6,3,3,9011,0.457016970005085,9012,0.456426158695088,0.92764879465466,0.457016970005085,0.0865568712998273,1,,9011,,FALSE,9011,FALSE,9,ambiguous,20260507_145347_unknown_allT_DP_MB_ME_g5_sm0p5_kg0_ks0_rcpp
sp1,901,9011,,2,5.1,1987-01-01,"","",tree,all,0.0381571271145179,0.372624469424891,0.406738340860665,0.00773303781512013,0.0620795782771553,-0.0203753924797626,1.4564596855136,1.07130403370132,25.9999,0.0638624477390889,-0.5,0,5,3.51132224183,0,dp,6,3,3,9011,0.465293793332171,9012,0.464702982022174,0.898271743098831,0.465293793332171,0.0700032246456549,2,,9011,,FALSE,9011,FALSE,9,ambiguous,20260507_145347_unknown_allT_DP_MB_ME_g5_sm0p5_kg0_ks0_rcpp
sp1,901,9011,,3,5.2,1992-01-01,M,"",tree,all,0.0381571271145179,0.372624469424891,0.406738340860665,0.00773303781512013,0.0620795782771553,-0.0203753924797626,1.4564596855136,1.07130403370132,25.9999,0.0638624477390889,-0.5,0,5,3.51132224183,0,dp,6,3,3,9011,0.469281574335919,9012,0.468690763025163,0.88266333213332,0.469281574335919,0.062027662638918,3,,9011,,FALSE,9011,FALSE,9,ambiguous,20260507_145347_unknown_allT_DP_MB_ME_g5_sm0p5_kg0_ks0_rcpp
sp1,901,9011,,4,5.3,1997-01-01,"","",tree,all,0.0381571271145179,0.372624469424891,0.406738340860665,0.00773303781512013,0.0620795782771553,-0.0203753924797626,1.4564596855136,1.07130403370132,25.9999,0.0638624477390889,-0.5,0,5,3.51132224183,0,dp,6,3,3,9011,0.477560186096755,9012,0.476969373956023,0.846585077864605,0.477560186096755,0.0454704399472225,5,,9011,,FALSE,9011,FALSE,9,ambiguous,20260507_145347_unknown_allT_DP_MB_ME_g5_sm0p5_kg0_ks0_rcpp
sp1,901,9011,,5,5.5,2002-01-01,"","",tree,all,0.0381571271145179,0.372624469424891,0.406738340860665,0.00773303781512013,0.0620795782771553,-0.0203753924797626,1.4564596855136,1.07130403370132,25.9999,0.0638624477390889,-0.5,0,5,3.51132224183,0,dp,6,3,3,9011,0.485131250337108,9012,0.484539579662079,0.808008961790704,0.485131250337108,0.0303291700008137,7,,9011,,FALSE,9011,FALSE,9,ambiguous,20260507_145347_unknown_allT_DP_MB_ME_g5_sm0p5_kg0_ks0_rcpp
sp1,901,9011,,6,5.7,2007-01-01,"","",tree,all,0.0381571271145179,0.372624469424891,0.406738340860665,0.00773303781512013,0.0620795782771553,-0.0203753924797626,1.4564596855136,1.07130403370132,25.9999,0.0638624477390889,-0.5,0,5,3.51132224183,0,dp,6,3,3,9011,0.493077804608448,9012,0.491572886547898,0.761846826619579,0.493077804608448,0.0153493088436537,9,,9011,,FALSE,9011,FALSE,9,ambiguous,20260507_145347_unknown_allT_DP_MB_ME_g5_sm0p5_kg0_ks0_rcpp
sp1,901,9011,9011,7,5.9,2012-01-01,"","",tree,all,0.0381571271145179,0.372624469424891,0.406738340860665,0.00773303781512013,0.0620795782771553,-0.0203753924797626,1.4564596855136,1.07130403370132,25.9999,0.0638624477390889,-0.5,0,5,3.51132224183,0,given,6,3,3,9011,1,9012,0,0,1,0,11,,9011,,FALSE,9011,FALSE,9,confident,20260507_145347_unknown_allT_DP_MB_ME_g5_sm0p5_kg0_ks0_rcpp
sp1,901,9012,,3,5.1,1992-01-01,"","",tree,all,0.0381571271145179,0.372624469424891,0.406738340860665,0.00773303781512013,0.0620795782771553,-0.0203753924797626,1.4564596855136,1.07130403370132,25.9999,0.0638624477390889,-0.5,0,5,3.51132224183,0,dp,6,3,3,9011,0.469904337070339,9012,0.469313525761164,0.880130226972225,0.469313525761164,0.0607821371684974,4,,9012,,FALSE,9012,FALSE,9,ambiguous,20260507_145347_unknown_allT_DP_MB_ME_g5_sm0p5_kg0_ks0_rcpp
sp1,901,9012,,4,5.2,1997-01-01,"","",tree,all,0.0381571271145179,0.372624469424891,0.406738340860665,0.00773303781512013,0.0620795782771553,-0.0203753924797626,1.4564596855136,1.07130403370132,25.9999,0.0638624477390889,-0.5,0,5,3.51132224183,0,dp,6,3,3,9011,0.478117392375449,9012,0.47752658189752,0.843950660656584,0.47752658189752,0.0443560257270312,6,,9012,,FALSE,9012,FALSE,9,ambiguous,20260507_145347_unknown_allT_DP_MB_ME_g5_sm0p5_kg0_ks0_rcpp
sp1,901,9012,,5,5.4,2002-01-01,"","",tree,all,0.0381571271145179,0.372624469424891,0.406738340860665,0.00773303781512013,0.0620795782771553,-0.0203753924797626,1.4564596855136,1.07130403370132,25.9999,0.0638624477390889,-0.5,0,5,3.51132224183,0,dp,6,3,3,9011,0.485682840970166,9012,0.485092890152699,0.804925504968538,0.485092890152699,0.029224268877135,8,,9012,,FALSE,9012,FALSE,9,ambiguous,20260507_145347_unknown_allT_DP_MB_ME_g5_sm0p5_kg0_ks0_rcpp
sp1,901,9012,,6,5.6,2007-01-01,"","",tree,all,0.0381571271145179,0.372624469424891,0.406738340860665,0.00773303781512013,0.0620795782771553,-0.0203753924797626,1.4564596855136,1.07130403370132,25.9999,0.0638624477390889,-0.5,0,5,3.51132224183,0,dp,6,3,3,9012,0.493034082721548,9011,0.492709649063609,0.758016699675456,0.493034082721548,0.0142562682148429,10,,9012,,FALSE,9012,FALSE,9,ambiguous,20260507_145347_unknown_allT_DP_MB_ME_g5_sm0p5_kg0_ks0_rcpp
sp1,901,9012,9012,7,5.8,2012-01-01,"","",tree,all,0.0381571271145179,0.372624469424891,0.406738340860665,0.00773303781512013,0.0620795782771553,-0.0203753924797626,1.4564596855136,1.07130403370132,25.9999,0.0638624477390889,-0.5,0,5,3.51132224183,0,given,6,3,3,9012,1,9011,0,0,1,0,12,,9012,,FALSE,9012,FALSE,9,confident,20260507_145347_unknown_allT_DP_MB_ME_g5_sm0p5_kg0_ks0_rcpp
sp1,902,9021,,1,5,1982-01-01,"","",tree,all,0.0381571271145179,0.372624469424891,0.406738340860665,0.00773303781512013,0.0620795782771553,-0.0203753924797626,1.4564596855136,1.07130403370132,25.9999,0.0638624477390889,-0.5,0,5,3.51132224183,0,dp,6,3,3,9021,0.457016970005085,9022,0.456426158695088,0.92764879465466,0.457016970005085,0.0865568712998273,1,,9021,,FALSE,9021,FALSE,9,ambiguous,20260507_145347_unknown_allT_DP_MB_ME_g5_sm0p5_kg0_ks0_rcpp
sp1,902,9021,,2,5.1,1987-01-01,"","",tree,all,0.0381571271145179,0.372624469424891,0.406738340860665,0.00773303781512013,0.0620795782771553,-0.0203753924797626,1.4564596855136,1.07130403370132,25.9999,0.0638624477390889,-0.5,0,5,3.51132224183,0,dp,6,3,3,9021,0.465293793332171,9022,0.464702982022174,0.898271743098831,0.465293793332171,0.0700032246456549,2,,9021,,FALSE,9021,FALSE,9,ambiguous,20260507_145347_unknown_allT_DP_MB_ME_g5_sm0p5_kg0_ks0_rcpp
sp1,902,9021,,3,5.2,1992-01-01,M,"",tree,all,0.0381571271145179,0.372624469424891,0.406738340860665,0.00773303781512013,0.0620795782771553,-0.0203753924797626,1.4564596855136,1.07130403370132,25.9999,0.0638624477390889,-0.5,0,5,3.51132224183,0,dp,6,3,3,9021,0.469281574335919,9022,0.468690763025163,0.88266333213332,0.469281574335919,0.062027662638918,3,,9021,,FALSE,9021,FALSE,9,ambiguous,20260507_145347_unknown_allT_DP_MB_ME_g5_sm0p5_kg0_ks0_rcpp
sp1,902,9021,,4,5.3,1997-01-01,M,"",tree,all,0.0381571271145179,0.372624469424891,0.406738340860665,0.00773303781512013,0.0620795782771553,-0.0203753924797626,1.4564596855136,1.07130403370132,25.9999,0.0638624477390889,-0.5,0,5,3.51132224183,0,dp,6,3,3,9021,0.477560186096755,9022,0.476969373956023,0.846585077864605,0.477560186096755,0.0454704399472225,5,,9021,,FALSE,9021,FALSE,9,ambiguous,20260507_145347_unknown_allT_DP_MB_ME_g5_sm0p5_kg0_ks0_rcpp
sp1,902,9021,,5,5.5,2002-01-01,M,"",tree,all,0.0381571271145179,0.372624469424891,0.406738340860665,0.00773303781512013,0.0620795782771553,-0.0203753924797626,1.4564596855136,1.07130403370132,25.9999,0.0638624477390889,-0.5,0,5,3.51132224183,0,dp,6,3,3,9021,0.485131250337108,9022,0.484539579662079,0.808008961790704,0.485131250337108,0.0303291700008137,7,,9021,,FALSE,9021,FALSE,9,ambiguous,20260507_145347_unknown_allT_DP_MB_ME_g5_sm0p5_kg0_ks0_rcpp
sp1,902,9021,,6,5.7,2007-01-01,M,"",tree,all,0.0381571271145179,0.372624469424891,0.406738340860665,0.00773303781512013,0.0620795782771553,-0.0203753924797626,1.4564596855136,1.07130403370132,25.9999,0.0638624477390889,-0.5,0,5,3.51132224183,0,dp,6,3,3,9021,0.493077804608448,9022,0.491572886547898,0.761846826619579,0.493077804608448,0.0153493088436537,9,,9021,,FALSE,9021,FALSE,9,ambiguous,20260507_145347_unknown_allT_DP_MB_ME_g5_sm0p5_kg0_ks0_rcpp
sp1,902,9021,9021,7,5.9,2012-01-01,"","",tree,all,0.0381571271145179,0.372624469424891,0.406738340860665,0.00773303781512013,0.0620795782771553,-0.0203753924797626,1.4564596855136,1.07130403370132,25.9999,0.0638624477390889,-0.5,0,5,3.51132224183,0,given,6,3,3,9021,1,9022,0,0,1,0,11,,9021,,FALSE,9021,FALSE,9,confident,20260507_145347_unknown_allT_DP_MB_ME_g5_sm0p5_kg0_ks0_rcpp
sp1,902,9022,,3,5.1,1992-01-01,"","",tree,all,0.0381571271145179,0.372624469424891,0.406738340860665,0.00773303781512013,0.0620795782771553,-0.0203753924797626,1.4564596855136,1.07130403370132,25.9999,0.0638624477390889,-0.5,0,5,3.51132224183,0,dp,6,3,3,9021,0.469904337070339,9022,0.469313525761164,0.880130226972225,0.469313525761164,0.0607821371684974,4,,9022,,FALSE,9022,FALSE,9,ambiguous,20260507_145347_unknown_allT_DP_MB_ME_g5_sm0p5_kg0_ks0_rcpp
sp1,902,9022,,4,5.2,1997-01-01,"","",tree,all,0.0381571271145179,0.372624469424891,0.406738340860665,0.00773303781512013,0.0620795782771553,-0.0203753924797626,1.4564596855136,1.07130403370132,25.9999,0.0638624477390889,-0.5,0,5,3.51132224183,0,dp,6,3,3,9021,0.478117392375449,9022,0.47752658189752,0.843950660656584,0.47752658189752,0.0443560257270312,6,,9022,,FALSE,9022,FALSE,9,ambiguous,20260507_145347_unknown_allT_DP_MB_ME_g5_sm0p5_kg0_ks0_rcpp
sp1,902,9022,,5,5.4,2002-01-01,"","",tree,all,0.0381571271145179,0.372624469424891,0.406738340860665,0.00773303781512013,0.0620795782771553,-0.0203753924797626,1.4564596855136,1.07130403370132,25.9999,0.0638624477390889,-0.5,0,5,3.51132224183,0,dp,6,3,3,9021,0.485682840970166,9022,0.485092890152699,0.804925504968538,0.485092890152699,0.029224268877135,8,,9022,,FALSE,9022,FALSE,9,ambiguous,20260507_145347_unknown_allT_DP_MB_ME_g5_sm0p5_kg0_ks0_rcpp
sp1,902,9022,,6,5.6,2007-01-01,"","",tree,all,0.0381571271145179,0.372624469424891,0.406738340860665,0.00773303781512013,0.0620795782771553,-0.0203753924797626,1.4564596855136,1.07130403370132,25.9999,0.0638624477390889,-0.5,0,5,3.51132224183,0,dp,6,3,3,9022,0.493034082721548,9021,0.492709649063609,0.758016699675456,0.493034082721548,0.0142562682148429,10,,9022,,FALSE,9022,FALSE,9,ambiguous,20260507_145347_unknown_allT_DP_MB_ME_g5_sm0p5_kg0_ks0_rcpp
sp1,902,9022,9022,7,5.8,2012-01-01,"","",tree,all,0.0381571271145179,0.372624469424891,0.406738340860665,0.00773303781512013,0.0620795782771553,-0.0203753924797626,1.4564596855136,1.07130403370132,25.9999,0.0638624477390889,-0.5,0,5,3.51132224183,0,given,6,3,3,9022,1,9021,0,0,1,0,12,,9022,,FALSE,9022,FALSE,9,confident,20260507_145347_unknown_allT_DP_MB_ME_g5_sm0p5_kg0_ks0_rcpp
sp1,903,9031,,1,5,1982-01-01,"","",tree,all,0.0381571271145179,0.372624469424891,0.406738340860665,0.00773303781512013,0.0620795782771553,-0.0203753924797626,1.4564596855136,1.07130403370132,25.9999,0.0638624477390889,-0.5,0,5,3.51132224183,0,dp,6,3,3,9032,0.922247452449138,9033,0.0777525475508619,0.273245701179159,0.922247452449138,0.0777525475508619,1,,9032,,FALSE,9032,FALSE,9,ambiguous,20260507_145347_unknown_allT_DP_MB_ME_g5_sm0p5_kg0_ks0_rcpp
sp1,903,9031,,2,4.8,1987-01-01,"","",tree,all,0.0381571271145179,0.372624469424891,0.406738340860665,0.00773303781512013,0.0620795782771553,-0.0203753924797626,1.4564596855136,1.07130403370132,25.9999,0.0638624477390889,-0.5,0,5,3.51132224183,0,dp,6,3,3,9032,0.943677124053275,9033,0.0563228759467247,0.216727550959976,0.943677124053275,0.0563228759467247,2,,9032,,FALSE,9032,FALSE,9,ambiguous,20260507_145347_unknown_allT_DP_MB_ME_g5_sm0p5_kg0_ks0_rcpp
sp1,903,9031,,3,2,1992-01-01,M,"",tree,all,0.0381571271145179,0.372624469424891,0.406738340860665,0.00773303781512013,0.0620795782771553,-0.0203753924797626,1.4564596855136,1.07130403370132,25.9999,0.0638624477390889,-0.5,0,5,3.51132224183,0,dp,6,3,3,9031,0.923396173180004,9033,0.0608952134953791,0.30925966155448,0.923396173180004,0.0608952134953791,3,,9031,,FALSE,9031,FALSE,9,ambiguous,20260507_145347_unknown_allT_DP_MB_ME_g5_sm0p5_kg0_ks0_rcpp
sp1,903,9031,,4,2.2,1997-01-01,"","",tree,all,0.0381571271145179,0.372624469424891,0.406738340860665,0.00773303781512013,0.0620795782771553,-0.0203753924797626,1.4564596855136,1.07130403370132,25.9999,0.0638624477390889,-0.5,0,5,3.51132224183,0,dp,6,3,3,9031,0.942913581697186,9033,0.0452573159254089,0.248002156083463,0.942913581697186,0.0452573159254089,5,,9031,,FALSE,9031,FALSE,9,ambiguous,20260507_145347_unknown_allT_DP_MB_ME_g5_sm0p5_kg0_ks0_rcpp
sp1,903,9031,,5,2.5,2002-01-01,"","",tree,all,0.0381571271145179,0.372624469424891,0.406738340860665,0.00773303781512013,0.0620795782771553,-0.0203753924797626,1.4564596855136,1.07130403370132,25.9999,0.0638624477390889,-0.5,0,5,3.51132224183,0,dp,6,3,3,9031,0.961496828034005,9033,0.0302494706987222,0.183167016202454,0.961496828034005,0.0302494706987222,7,,9031,,FALSE,9031,FALSE,9,confident,20260507_145347_unknown_allT_DP_MB_ME_g5_sm0p5_kg0_ks0_rcpp
sp1,903,9031,,6,2.8,2007-01-01,"","",tree,all,0.0381571271145179,0.372624469424891,0.406738340860665,0.00773303781512013,0.0620795782771553,-0.0203753924797626,1.4564596855136,1.07130403370132,25.9999,0.0638624477390889,-0.5,0,5,3.51132224183,0,dp,6,3,3,9031,0.980568917599984,9033,0.0151480817680579,0.106065366631925,0.980568917599984,0.0151480817680579,9,,9031,,FALSE,9031,FALSE,9,confident,20260507_145347_unknown_allT_DP_MB_ME_g5_sm0p5_kg0_ks0_rcpp
sp1,903,9031,9031,7,3.1,2012-01-01,"","",tree,all,0.0381571271145179,0.372624469424891,0.406738340860665,0.00773303781512013,0.0620795782771553,-0.0203753924797626,1.4564596855136,1.07130403370132,25.9999,0.0638624477390889,-0.5,0,5,3.51132224183,0,given,6,3,3,9031,1,9032,0,0,1,0,11,,9031,,FALSE,9031,FALSE,9,confident,20260507_145347_unknown_allT_DP_MB_ME_g5_sm0p5_kg0_ks0_rcpp
sp1,903,9032,,3,8,1992-01-01,"","",tree,all,0.0381571271145179,0.372624469424891,0.406738340860665,0.00773303781512013,0.0620795782771553,-0.0203753924797626,1.4564596855136,1.07130403370132,25.9999,0.0638624477390889,-0.5,0,5,3.51132224183,0,dp,6,3,3,9032,0.947372623184098,9033,0.0526273768159016,0.206179904734043,0.947372623184098,0.0526273768159016,4,,9032,,FALSE,9032,FALSE,9,ambiguous,20260507_145347_unknown_allT_DP_MB_ME_g5_sm0p5_kg0_ks0_rcpp
sp1,903,9032,,4,8.5,1997-01-01,"","",tree,all,0.0381571271145179,0.372624469424891,0.406738340860665,0.00773303781512013,0.0620795782771553,-0.0203753924797626,1.4564596855136,1.07130403370132,25.9999,0.0638624477390889,-0.5,0,5,3.51132224183,0,dp,6,3,3,9032,0.961129530976168,9033,0.0388704690238323,0.164337672975601,0.961129530976168,0.0388704690238323,6,,9032,,FALSE,9032,FALSE,9,confident,20260507_145347_unknown_allT_DP_MB_ME_g5_sm0p5_kg0_ks0_rcpp
sp1,903,9032,,5,9,2002-01-01,"","",tree,all,0.0381571271145179,0.372624469424891,0.406738340860665,0.00773303781512013,0.0620795782771553,-0.0203753924797626,1.4564596855136,1.07130403370132,25.9999,0.0638624477390889,-0.5,0,5,3.51132224183,0,dp,6,3,3,9032,0.974140185477122,9033,0.0258598145228775,0.120041834445251,0.974140185477122,0.0258598145228775,8,,9032,,FALSE,9032,FALSE,9,confident,20260507_145347_unknown_allT_DP_MB_ME_g5_sm0p5_kg0_ks0_rcpp
sp1,903,9032,,6,9.5,2007-01-01,"","",tree,all,0.0381571271145179,0.372624469424891,0.406738340860665,0.00773303781512013,0.0620795782771553,-0.0203753924797626,1.4564596855136,1.07130403370132,25.9999,0.0638624477390889,-0.5,0,5,3.51132224183,0,dp,6,3,3,9032,0.987121987352763,9033,0.0128780126472366,0.0688428555704232,0.987121987352763,0.0128780126472366,10,,9032,,FALSE,9032,FALSE,9,confident,20260507_145347_unknown_allT_DP_MB_ME_g5_sm0p5_kg0_ks0_rcpp
sp1,903,9032,9032,7,10,2012-01-01,"","",tree,all,0.0381571271145179,0.372624469424891,0.406738340860665,0.00773303781512013,0.0620795782771553,-0.0203753924797626,1.4564596855136,1.07130403370132,25.9999,0.0638624477390889,-0.5,0,5,3.51132224183,0,given,6,3,3,9032,1,9031,0,0,1,0,12,,9032,,FALSE,9032,FALSE,9,confident,20260507_145347_unknown_allT_DP_MB_ME_g5_sm0p5_kg0_ks0_rcpp
sp1,2747,2738,,1,20.6,1981-10-08,"","",tree,all,0.0381571271145179,0.372624469424891,0.406738340860665,0.00773303781512013,0.0620795782771553,-0.0203753924797626,1.4564596855136,1.07130403370132,25.9999,0.0638624477390889,-0.5,0,5,3.51132224183,0,dp,24,3,4,3,0.500000000000001,4,0.499999999999999,0.693147180559945,0.500000000000001,1,1,,3,,FALSE,3,FALSE,10,unlinked-likely,20260507_145347_unknown_allT_DP_MB_ME_g5_sm0p5_kg0_ks0_rcpp
sp1,2747,2738,,2,21.8,1985-06-21,"","",tree,all,0.0381571271145179,0.372624469424891,0.406738340860665,0.00773303781512013,0.0620795782771553,-0.0203753924797626,1.4564596855136,1.07130403370132,25.9999,0.0638624477390889,-0.5,0,5,3.51132224183,0,dp,24,3,4,3,0.500000000000001,4,0.499999999999999,0.693147180559945,0.500000000000001,1,2,,3,,FALSE,3,FALSE,10,unlinked-likely,20260507_145347_unknown_allT_DP_MB_ME_g5_sm0p5_kg0_ks0_rcpp
sp1,2747,491245,,3,2.7,1990-12-18,"","",tree,all,0.0381571271145179,0.372624469424891,0.406738340860665,0.00773303781512013,0.0620795782771553,-0.0203753924797626,1.4564596855136,1.07130403370132,25.9999,0.0638624477390889,-0.5,0,5,3.51132224183,0,dp,24,3,4,1,0.7904321073617,2,0.0924630796920793,0.738363774449272,0.7904321073617,0.11710481294622,3,,1,,FALSE,1,FALSE,10,ambiguous,20260507_145347_unknown_allT_DP_MB_ME_g5_sm0p5_kg0_ks0_rcpp
sp1,2747,619581,,3,1.4,1990-12-18,"","",tree,all,0.0381571271145179,0.372624469424891,0.406738340860665,0.00773303781512013,0.0620795782771553,-0.0203753924797626,1.4564596855136,1.07130403370132,25.9999,0.0638624477390889,-0.5,0,5,3.51132224183,0,dp,24,3,4,2,0.493423858872745,3,0.188093043314744,1.24272061045127,0.493423858872745,0.376186086629488,4,,2,,FALSE,2,FALSE,10,ambiguous,20260507_145347_unknown_allT_DP_MB_ME_g5_sm0p5_kg0_ks0_rcpp
sp1,2747,695541,,3,1,1990-12-18,"","",tree,all,0.0381571271145179,0.372624469424891,0.406738340860665,0.00773303781512013,0.0620795782771553,-0.0203753924797626,1.4564596855136,1.07130403370132,25.9999,0.0638624477390889,-0.5,0,5,3.51132224183,0,dp,24,3,4,2,0.414113061435176,3,0.253354550212146,1.2615825157237,0.253354550212146,0.506709100424292,5,,4,,FALSE,4,FALSE,10,unlinked-likely,20260507_145347_unknown_allT_DP_MB_ME_g5_sm0p5_kg0_ks0_rcpp
sp1,2747,755073,,4,22.2,1995-08-21,"","",tree,all,0.0381571271145179,0.372624469424891,0.406738340860665,0.00773303781512013,0.0620795782771553,-0.0203753924797626,1.4564596855136,1.07130403370132,25.9999,0.0638624477390889,-0.5,0,5,3.51132224183,0,provisional_dp,24,3,4,1,1,2,0,0,1,0,6,,1,FALSE,FALSE,1,FALSE,10,confident,20260507_145347_unknown_allT_DP_MB_ME_g5_sm0p5_kg0_ks0_rcpp
sp1,2747,755073,,5,,2000-07-19,"","",tree,all,0.0381571271145179,0.372624469424891,0.406738340860665,0.00773303781512013,0.0620795782771553,-0.0203753924797626,1.4564596855136,1.07130403370132,25.9999,0.0638624477390889,-0.5,0,5,3.51132224183,0,given_orphan,24,3,4,,,,,,,,8,,755073,,FALSE,,FALSE,10,,20260507_145347_unknown_allT_DP_MB_ME_g5_sm0p5_kg0_ks0_rcpp
sp1,2747,802079,,4,2.7,1995-08-21,"","",tree,all,0.0381571271145179,0.372624469424891,0.406738340860665,0.00773303781512013,0.0620795782771553,-0.0203753924797626,1.4564596855136,1.07130403370132,25.9999,0.0638624477390889,-0.5,0,5,3.51132224183,0,provisional_dp,24,3,4,2,1,1,0,0,1,0,7,,2,FALSE,FALSE,2,FALSE,10,confident,20260507_145347_unknown_allT_DP_MB_ME_g5_sm0p5_kg0_ks0_rcpp
sp1,9901,1,1,8,5,2015-03-10,"","",tree,all,0.0381571271145179,0.372624469424891,0.406738340860665,0.00773303781512013,0.0620795782771553,-0.0203753924797626,1.4564596855136,1.07130403370132,25.9999,0.0638624477390889,-0.5,0,5,3.51132224183,0,given,2,8,2,1,1,2,0,0,1,0,1,,1,,FALSE,1,FALSE,10,confident,20260507_145347_unknown_allT_DP_MB_ME_g5_sm0p5_kg0_ks0_rcpp
sp1,9902,1,1,8,5,2015-03-10,"","",tree,all,0.0381571271145179,0.372624469424891,0.406738340860665,0.00773303781512013,0.0620795782771553,-0.0203753924797626,1.4564596855136,1.07130403370132,25.9999,0.0638624477390889,-0.5,0,5,3.51132224183,0,given,2,8,2,1,1,2,0,0,1,0,1,,1,,FALSE,1,FALSE,10,confident,20260507_145347_unknown_allT_DP_MB_ME_g5_sm0p5_kg0_ks0_rcpp
sp1,9902,1,1,9,6.2,2022-06-01,"","",tree,all,0.0381571271145179,0.372624469424891,0.406738340860665,0.00773303781512013,0.0620795782771553,-0.0203753924797626,1.4564596855136,1.07130403370132,25.9999,0.0638624477390889,-0.5,0,5,3.51132224183,0,given,,,,,,,,,,,2,,1,,FALSE,1,FALSE,10,,20260507_145347_unknown_allT_DP_MB_ME_g5_sm0p5_kg0_ks0_rcpp
sp2,9903,1,1,8,10,2015-03-10,"","",tree,all,0.0381571271145179,0.372624469424891,0.406738340860665,0.00773303781512013,0.0620795782771553,-0.0203753924797626,1.4564596855136,1.07130403370132,25.9999,0.0638624477390889,-0.5,0,5,3.51132224183,0,given,6,8,3,1,1,2,0,0,1,0,1,,1,,FALSE,1,FALSE,10,confident,20260507_145347_unknown_allT_DP_MB_ME_g5_sm0p5_kg0_ks0_rcpp
sp2,9903,1,1,9,11.5,2022-06-01,"","",tree,all,0.0381571271145179,0.372624469424891,0.406738340860665,0.00773303781512013,0.0620795782771553,-0.0203753924797626,1.4564596855136,1.07130403370132,25.9999,0.0638624477390889,-0.5,0,5,3.51132224183,0,given,,,,,,,,,,,3,,1,,FALSE,1,FALSE,10,,20260507_145347_unknown_allT_DP_MB_ME_g5_sm0p5_kg0_ks0_rcpp
sp2,9903,2,2,8,3,2015-03-10,"","",tree,all,0.0381571271145179,0.372624469424891,0.406738340860665,0.00773303781512013,0.0620795782771553,-0.0203753924797626,1.4564596855136,1.07130403370132,25.9999,0.0638624477390889,-0.5,0,5,3.51132224183,0,given,6,8,3,2,1,1,0,0,1,0,2,,2,,FALSE,2,FALSE,10,confident,20260507_145347_unknown_allT_DP_MB_ME_g5_sm0p5_kg0_ks0_rcpp
sp2,9903,2,2,9,4,2022-06-01,"","",tree,all,0.0381571271145179,0.372624469424891,0.406738340860665,0.00773303781512013,0.0620795782771553,-0.0203753924797626,1.4564596855136,1.07130403370132,25.9999,0.0638624477390889,-0.5,0,5,3.51132224183,0,given,,,,,,,,,,,4,,2,,FALSE,2,FALSE,10,,20260507_145347_unknown_allT_DP_MB_ME_g5_sm0p5_kg0_ks0_rcpp
sp1,9904,1,1,7,8,2010-05-01,"","",tree,all,0.0381571271145179,0.372624469424891,0.406738340860665,0.00773303781512013,0.0620795782771553,-0.0203753924797626,1.4564596855136,1.07130403370132,25.9999,0.0638624477390889,-0.5,0,5,3.51132224183,0,given,2,7,2,1,1,2,0,0,1,0,1,,1,,FALSE,1,FALSE,10,confident,20260507_145347_unknown_allT_DP_MB_ME_g5_sm0p5_kg0_ks0_rcpp
sp2,9905,1,,1,,1980-01-01,"","",tree,all,0.0381571271145179,0.372624469424891,0.406738340860665,0.00773303781512013,0.0620795782771553,-0.0203753924797626,1.4564596855136,1.07130403370132,25.9999,0.0638624477390889,-0.5,0,5,3.51132224183,0,given_orphan,,,,,,,,,,,,,1,,,,,10,,20260507_145347_unknown_allT_DP_MB_ME_g5_sm0p5_kg0_ks0_rcpp
sp2,9905,1,,2,,1984-09-08,"","",tree,all,0.0381571271145179,0.372624469424891,0.406738340860665,0.00773303781512013,0.0620795782771553,-0.0203753924797626,1.4564596855136,1.07130403370132,25.9999,0.0638624477390889,-0.5,0,5,3.51132224183,0,given_orphan,,,,,,,,,,,,,1,,,,,10,,20260507_145347_unknown_allT_DP_MB_ME_g5_sm0p5_kg0_ks0_rcpp
sp2,9905,1,,3,,1989-09-18,"","",tree,all,0.0381571271145179,0.372624469424891,0.406738340860665,0.00773303781512013,0.0620795782771553,-0.0203753924797626,1.4564596855136,1.07130403370132,25.9999,0.0638624477390889,-0.5,0,5,3.51132224183,0,given_orphan,,,,,,,,,,,,,1,,,,,10,,20260507_145347_unknown_allT_DP_MB_ME_g5_sm0p5_kg0_ks0_rcpp
sp2,9905,1,,4,,1994-09-08,"","",tree,all,0.0381571271145179,0.372624469424891,0.406738340860665,0.00773303781512013,0.0620795782771553,-0.0203753924797626,1.4564596855136,1.07130403370132,25.9999,0.0638624477390889,-0.5,0,5,3.51132224183,0,given_orphan,,,,,,,,,,,,,1,,,,,10,,20260507_145347_unknown_allT_DP_MB_ME_g5_sm0p5_kg0_ks0_rcpp
sp2,9905,1,,5,,1999-07-09,"","",tree,all,0.0381571271145179,0.372624469424891,0.406738340860665,0.00773303781512013,0.0620795782771553,-0.0203753924797626,1.4564596855136,1.07130403370132,25.9999,0.0638624477390889,-0.5,0,5,3.51132224183,0,given_orphan,,,,,,,,,,,,,1,,,,,10,,20260507_145347_unknown_allT_DP_MB_ME_g5_sm0p5_kg0_ks0_rcpp
sp2,9905,1,,6,,2004-07-29,"","",tree,all,0.0381571271145179,0.372624469424891,0.406738340860665,0.00773303781512013,0.0620795782771553,-0.0203753924797626,1.4564596855136,1.07130403370132,25.9999,0.0638624477390889,-0.5,0,5,3.51132224183,0,given_orphan,,,,,,,,,,,,,1,,,,,10,,20260507_145347_unknown_allT_DP_MB_ME_g5_sm0p5_kg0_ks0_rcpp
sp2,9905,1,,7,,2009-08-15,"","",tree,all,0.0381571271145179,0.372624469424891,0.406738340860665,0.00773303781512013,0.0620795782771553,-0.0203753924797626,1.4564596855136,1.07130403370132,25.9999,0.0638624477390889,-0.5,0,5,3.51132224183,0,given_orphan,,,,,,,,,,,,,1,,,,,10,,20260507_145347_unknown_allT_DP_MB_ME_g5_sm0p5_kg0_ks0_rcpp
sp2,9905,1,,8,,2014-08-02,"","",tree,all,0.0381571271145179,0.372624469424891,0.406738340860665,0.00773303781512013,0.0620795782771553,-0.0203753924797626,1.4564596855136,1.07130403370132,25.9999,0.0638624477390889,-0.5,0,5,3.51132224183,0,given_orphan,,,,,,,,,,,,,1,,,,,10,,20260507_145347_unknown_allT_DP_MB_ME_g5_sm0p5_kg0_ks0_rcpp
sp2,9905,1,,9,,2019-07-20,"","",tree,all,0.0381571271145179,0.372624469424891,0.406738340860665,0.00773303781512013,0.0620795782771553,-0.0203753924797626,1.4564596855136,1.07130403370132,25.9999,0.0638624477390889,-0.5,0,5,3.51132224183,0,given_orphan,,,,,,,,,,,,,1,,,,,10,,20260507_145347_unknown_allT_DP_MB_ME_g5_sm0p5_kg0_ks0_rcpp
sp3,9906,,,,,2020-01-01,"","",palm,all,0.0381571271145179,0.372624469424891,0.406738340860665,0.00773303781512013,0.0620795782771553,-0.0203753924797626,1.4564596855136,1.07130403370132,25.9999,0.0638624477390889,-0.5,0,5,3.51132224183,0,skipped_no_data,,,,,,,,,,,,,,,,,,10,,20260507_145347_unknown_allT_DP_MB_ME_g5_sm0p5_kg0_ks0_rcpp
sp1,9907,1,1,7,12,2010-05-01,"","",tree,all,0.0381571271145179,0.372624469424891,0.406738340860665,0.00773303781512013,0.0620795782771553,-0.0203753924797626,1.4564596855136,1.07130403370132,25.9999,0.0638624477390889,-0.5,0,5,3.51132224183,0,given,2,7,2,1,1,2,0,0,1,0,1,,1,,FALSE,1,FALSE,11,confident,20260507_145347_unknown_allT_DP_MB_ME_g5_sm0p5_kg0_ks0_rcpp
sp1,9907,1,1,8,13.5,2015-06-10,"","",tree,all,0.0381571271145179,0.372624469424891,0.406738340860665,0.00773303781512013,0.0620795782771553,-0.0203753924797626,1.4564596855136,1.07130403370132,25.9999,0.0638624477390889,-0.5,0,5,3.51132224183,0,given,,,,,,,,,,,2,,1,,FALSE,1,FALSE,11,,20260507_145347_unknown_allT_DP_MB_ME_g5_sm0p5_kg0_ks0_rcpp
sp1,9907,1,1,9,15,2022-03-15,"","",tree,all,0.0381571271145179,0.372624469424891,0.406738340860665,0.00773303781512013,0.0620795782771553,-0.0203753924797626,1.4564596855136,1.07130403370132,25.9999,0.0638624477390889,-0.5,0,5,3.51132224183,0,given,,,,,,,,,,,3,,1,,FALSE,1,FALSE,11,,20260507_145347_unknown_allT_DP_MB_ME_g5_sm0p5_kg0_ks0_rcpp
sp2,9908,1,1,7,20,2010-05-01,"","",tree,all,0.0381571271145179,0.372624469424891,0.406738340860665,0.00773303781512013,0.0620795782771553,-0.0203753924797626,1.4564596855136,1.07130403370132,25.9999,0.0638624477390889,-0.5,0,5,3.51132224183,0,given,6,7,3,1,1,2,0,0,1,0,1,,1,,FALSE,1,FALSE,11,confident,20260507_145347_unknown_allT_DP_MB_ME_g5_sm0p5_kg0_ks0_rcpp
sp2,9908,2,2,7,5,2010-05-01,"","",tree,all,0.0381571271145179,0.372624469424891,0.406738340860665,0.00773303781512013,0.0620795782771553,-0.0203753924797626,1.4564596855136,1.07130403370132,25.9999,0.0638624477390889,-0.5,0,5,3.51132224183,0,given,6,7,3,2,1,1,0,0,1,0,2,,2,,FALSE,2,FALSE,11,confident,20260507_145347_unknown_allT_DP_MB_ME_g5_sm0p5_kg0_ks0_rcpp
sp1,9909,1,,3,2.5,1990-06-15,"","",tree,all,0.0381571271145179,0.372624469424891,0.406738340860665,0.00773303781512013,0.0620795782771553,-0.0203753924797626,1.4564596855136,1.07130403370132,25.9999,0.0638624477390889,-0.5,0,5,3.51132224183,0,provisional_dp,2,3,2,1,1,2,0,0,1,0,1,,1,FALSE,FALSE,1,FALSE,11,confident,20260507_145347_unknown_allT_DP_MB_ME_g5_sm0p5_kg0_ks0_rcpp
sp1,9910,1,,3,,1990-06-15,"","",tree,all,0.0381571271145179,0.372624469424891,0.406738340860665,0.00773303781512013,0.0620795782771553,-0.0203753924797626,1.4564596855136,1.07130403370132,25.9999,0.0638624477390889,-0.5,0,5,3.51132224183,0,given_orphan,2,8,2,,,,,,,,1,,1,,FALSE,,FALSE,11,,20260507_145347_unknown_allT_DP_MB_ME_g5_sm0p5_kg0_ks0_rcpp
sp1,9910,1,,5,,2000-03-10,"","",tree,all,0.0381571271145179,0.372624469424891,0.406738340860665,0.00773303781512013,0.0620795782771553,-0.0203753924797626,1.4564596855136,1.07130403370132,25.9999,0.0638624477390889,-0.5,0,5,3.51132224183,0,given_orphan,2,8,2,,,,,,,,2,,1,,FALSE,,FALSE,11,,20260507_145347_unknown_allT_DP_MB_ME_g5_sm0p5_kg0_ks0_rcpp
sp1,9910,1,,7,,2010-05-01,"","",tree,all,0.0381571271145179,0.372624469424891,0.406738340860665,0.00773303781512013,0.0620795782771553,-0.0203753924797626,1.4564596855136,1.07130403370132,25.9999,0.0638624477390889,-0.5,0,5,3.51132224183,0,given_orphan,2,8,2,,,,,,,,3,,1,,FALSE,,FALSE,11,,20260507_145347_unknown_allT_DP_MB_ME_g5_sm0p5_kg0_ks0_rcpp
sp1,9910,1,1,8,7,2015-06-10,"","",tree,all,0.0381571271145179,0.372624469424891,0.406738340860665,0.00773303781512013,0.0620795782771553,-0.0203753924797626,1.4564596855136,1.07130403370132,25.9999,0.0638624477390889,-0.5,0,5,3.51132224183,0,given,2,8,2,1,1,2,0,0,1,0,4,,1,,FALSE,1,FALSE,11,confident,20260507_145347_unknown_allT_DP_MB_ME_g5_sm0p5_kg0_ks0_rcpp
sp1,9910,1,1,9,8.5,2022-03-15,"","",tree,all,0.0381571271145179,0.372624469424891,0.406738340860665,0.00773303781512013,0.0620795782771553,-0.0203753924797626,1.4564596855136,1.07130403370132,25.9999,0.0638624477390889,-0.5,0,5,3.51132224183,0,given,,,,,,,,,,,5,,1,,FALSE,1,FALSE,11,,20260507_145347_unknown_allT_DP_MB_ME_g5_sm0p5_kg0_ks0_rcpp
sp2,9911,1,1,8,10,2015-03-10,"","",tree,all,0.0381571271145179,0.372624469424891,0.406738340860665,0.00773303781512013,0.0620795782771553,-0.0203753924797626,1.4564596855136,1.07130403370132,25.9999,0.0638624477390889,-0.5,0,5,3.51132224183,0,given,2,8,2,1,1,3,0,0,1,0,1,,1,,FALSE,1,FALSE,11,confident,20260507_145347_unknown_allT_DP_MB_ME_g5_sm0p5_kg0_ks0_rcpp
sp2,9911,1,1,9,11.5,2022-06-01,"","",tree,all,0.0381571271145179,0.372624469424891,0.406738340860665,0.00773303781512013,0.0620795782771553,-0.0203753924797626,1.4564596855136,1.07130403370132,25.9999,0.0638624477390889,-0.5,0,5,3.51132224183,0,given,,,,,,,,,,,3,,1,,FALSE,1,FALSE,11,,20260507_145347_unknown_allT_DP_MB_ME_g5_sm0p5_kg0_ks0_rcpp
sp2,9911,2,2,8,,2015-03-10,"","",tree,all,0.0381571271145179,0.372624469424891,0.406738340860665,0.00773303781512013,0.0620795782771553,-0.0203753924797626,1.4564596855136,1.07130403370132,25.9999,0.0638624477390889,-0.5,0,5,3.51132224183,0,given,2,8,2,,,,,,,,2,,2,,FALSE,2,FALSE,11,,20260507_145347_unknown_allT_DP_MB_ME_g5_sm0p5_kg0_ks0_rcpp
sp2,9911,2,2,9,4,2022-06-01,"","",tree,all,0.0381571271145179,0.372624469424891,0.406738340860665,0.00773303781512013,0.0620795782771553,-0.0203753924797626,1.4564596855136,1.07130403370132,25.9999,0.0638624477390889,-0.5,0,5,3.51132224183,0,given,,,,,,,,,,,4,,2,,FALSE,2,FALSE,11,,20260507_145347_unknown_allT_DP_MB_ME_g5_sm0p5_kg0_ks0_rcpp
sp1,9912,1,,5,3,2000-03-10,"","",tree,all,0.0381571271145179,0.372624469424891,0.406738340860665,0.00773303781512013,0.0620795782771553,-0.0203753924797626,1.4564596855136,1.07130403370132,25.9999,0.0638624477390889,-0.5,0,5,3.51132224183,0,dp,2,5,2,1,0.962176241970076,2,0.037823758029924,0.16096516460713,0.962176241970076,0.037823758029924,1,,1,,FALSE,1,FALSE,11,confident,20260507_145347_unknown_allT_DP_MB_ME_g5_sm0p5_kg0_ks0_rcpp
sp1,9912,1,1,7,5,2010-05-01,"","",tree,all,0.0381571271145179,0.372624469424891,0.406738340860665,0.00773303781512013,0.0620795782771553,-0.0203753924797626,1.4564596855136,1.07130403370132,25.9999,0.0638624477390889,-0.5,0,5,3.51132224183,0,given,2,5,2,1,1,2,0,0,1,0,2,,1,,FALSE,1,FALSE,11,confident,20260507_145347_unknown_allT_DP_MB_ME_g5_sm0p5_kg0_ks0_rcpp
sp1,9912,1,,8,,2015-06-10,R,"",tree,all,0.0381571271145179,0.372624469424891,0.406738340860665,0.00773303781512013,0.0620795782771553,-0.0203753924797626,1.4564596855136,1.07130403370132,25.9999,0.0638624477390889,-0.5,0,5,3.51132224183,0,given,2,5,2,,,,,,,,3,,1,,FALSE,1,FALSE,11,,20260507_145347_unknown_allT_DP_MB_ME_g5_sm0p5_kg0_ks0_rcpp
sp1,9913,1,1,1,3,1980-01-01,"","",tree,all,0.0381571271145179,0.372624469424891,0.406738340860665,0.00773303781512013,0.0620795782771553,-0.0203753924797626,1.4564596855136,1.07130403370132,25.9999,0.0638624477390889,-0.5,0,5,3.51132224183,0,given,2,1,2,1,1,2,0,0,1,0,1,,1,,FALSE,1,FALSE,11,confident,20260507_145347_unknown_allT_DP_MB_ME_g5_sm0p5_kg0_ks0_rcpp
sp1,9913,1,1,2,4.2,1984-09-08,"","",tree,all,0.0381571271145179,0.372624469424891,0.406738340860665,0.00773303781512013,0.0620795782771553,-0.0203753924797626,1.4564596855136,1.07130403370132,25.9999,0.0638624477390889,-0.5,0,5,3.51132224183,0,given,2,1,2,1,1,2,0,0,1,0,2,,1,,FALSE,1,FALSE,11,confident,20260507_145347_unknown_allT_DP_MB_ME_g5_sm0p5_kg0_ks0_rcpp
sp1,9913,1,1,3,5.5,1989-09-18,"","",tree,all,0.0381571271145179,0.372624469424891,0.406738340860665,0.00773303781512013,0.0620795782771553,-0.0203753924797626,1.4564596855136,1.07130403370132,25.9999,0.0638624477390889,-0.5,0,5,3.51132224183,0,given,2,1,2,1,1,2,0,0,1,0,3,,1,,FALSE,1,FALSE,11,confident,20260507_145347_unknown_allT_DP_MB_ME_g5_sm0p5_kg0_ks0_rcpp
sp1,9913,1,1,4,7,1994-09-08,"","",tree,all,0.0381571271145179,0.372624469424891,0.406738340860665,0.00773303781512013,0.0620795782771553,-0.0203753924797626,1.4564596855136,1.07130403370132,25.9999,0.0638624477390889,-0.5,0,5,3.51132224183,0,given,2,1,2,1,1,2,0,0,1,0,4,,1,,FALSE,1,FALSE,11,confident,20260507_145347_unknown_allT_DP_MB_ME_g5_sm0p5_kg0_ks0_rcpp
sp1,9913,1,1,5,8.8,1999-07-09,"","",tree,all,0.0381571271145179,0.372624469424891,0.406738340860665,0.00773303781512013,0.0620795782771553,-0.0203753924797626,1.4564596855136,1.07130403370132,25.9999,0.0638624477390889,-0.5,0,5,3.51132224183,0,given,2,1,2,1,1,2,0,0,1,0,5,,1,,FALSE,1,FALSE,11,confident,20260507_145347_unknown_allT_DP_MB_ME_g5_sm0p5_kg0_ks0_rcpp
sp1,9913,1,1,6,10.5,2004-07-29,"","",tree,all,0.0381571271145179,0.372624469424891,0.406738340860665,0.00773303781512013,0.0620795782771553,-0.0203753924797626,1.4564596855136,1.07130403370132,25.9999,0.0638624477390889,-0.5,0,5,3.51132224183,0,given,2,1,2,1,1,2,0,0,1,0,6,,1,,FALSE,1,FALSE,11,confident,20260507_145347_unknown_allT_DP_MB_ME_g5_sm0p5_kg0_ks0_rcpp
sp1,9913,1,1,7,12.1,2009-08-15,"","",tree,all,0.0381571271145179,0.372624469424891,0.406738340860665,0.00773303781512013,0.0620795782771553,-0.0203753924797626,1.4564596855136,1.07130403370132,25.9999,0.0638624477390889,-0.5,0,5,3.51132224183,0,given,2,1,2,1,1,2,0,0,1,0,7,,1,,FALSE,1,FALSE,11,confident,20260507_145347_unknown_allT_DP_MB_ME_g5_sm0p5_kg0_ks0_rcpp
sp1,9913,1,1,8,13.6,2014-08-02,"","",tree,all,0.0381571271145179,0.372624469424891,0.406738340860665,0.00773303781512013,0.0620795782771553,-0.0203753924797626,1.4564596855136,1.07130403370132,25.9999,0.0638624477390889,-0.5,0,5,3.51132224183,0,given,,,,,,,,,,,8,,1,,FALSE,1,FALSE,11,,20260507_145347_unknown_allT_DP_MB_ME_g5_sm0p5_kg0_ks0_rcpp
sp1,9913,1,1,9,15,2019-07-20,"","",tree,all,0.0381571271145179,0.372624469424891,0.406738340860665,0.00773303781512013,0.0620795782771553,-0.0203753924797626,1.4564596855136,1.07130403370132,25.9999,0.0638624477390889,-0.5,0,5,3.51132224183,0,given,,,,,,,,,,,9,,1,,FALSE,1,FALSE,11,,20260507_145347_unknown_allT_DP_MB_ME_g5_sm0p5_kg0_ks0_rcpp
sp1,9914,1,,1,2,1980-01-01,"","",tree,all,0.0381571271145179,0.372624469424891,0.406738340860665,0.00773303781512013,0.0620795782771553,-0.0203753924797626,1.4564596855136,1.07130403370132,25.9999,0.0638624477390889,-0.5,0,5,3.51132224183,0,dp,2,1,2,1,0.96378619657619,2,0.0362138034238102,0.155718826073261,0.96378619657619,0.0362138034238102,1,,1,,FALSE,1,FALSE,12,confident,20260507_145347_unknown_allT_DP_MB_ME_g5_sm0p5_kg0_ks0_rcpp
sp1,9914,1,,2,3.1,1984-09-08,"","",tree,all,0.0381571271145179,0.372624469424891,0.406738340860665,0.00773303781512013,0.0620795782771553,-0.0203753924797626,1.4564596855136,1.07130403370132,25.9999,0.0638624477390889,-0.5,0,5,3.51132224183,0,dp,2,1,2,1,0.974507263160468,2,0.0254927368395321,0.118707072195139,0.974507263160468,0.0254927368395321,2,,1,,FALSE,1,FALSE,12,confident,20260507_145347_unknown_allT_DP_MB_ME_g5_sm0p5_kg0_ks0_rcpp
sp1,9914,1,,3,4.5,1989-09-18,"","",tree,all,0.0381571271145179,0.372624469424891,0.406738340860665,0.00773303781512013,0.0620795782771553,-0.0203753924797626,1.4564596855136,1.07130403370132,25.9999,0.0638624477390889,-0.5,0,5,3.51132224183,0,dp,2,1,2,1,0.984072608448006,2,0.0159273915519942,0.0817347321521878,0.984072608448006,0.0159273915519942,3,,1,,FALSE,1,FALSE,12,confident,20260507_145347_unknown_allT_DP_MB_ME_g5_sm0p5_kg0_ks0_rcpp
sp1,9914,1,,4,5.8,1994-09-08,"","",tree,all,0.0381571271145179,0.372624469424891,0.406738340860665,0.00773303781512013,0.0620795782771553,-0.0203753924797626,1.4564596855136,1.07130403370132,25.9999,0.0638624477390889,-0.5,0,5,3.51132224183,0,dp,2,1,2,1,0.992544893937021,2,0.00745510606297942,0.0439487392847065,0.992544893937021,0.00745510606297942,4,,1,,FALSE,1,FALSE,12,confident,20260507_145347_unknown_allT_DP_MB_ME_g5_sm0p5_kg0_ks0_rcpp
sp1,9914,1,,5,7,1999-07-09,"","",tree,all,0.0381571271145179,0.372624469424891,0.406738340860665,0.00773303781512013,0.0620795782771553,-0.0203753924797626,1.4564596855136,1.07130403370132,25.9999,0.0638624477390889,-0.5,0,5,3.51132224183,0,provisional_dp,2,1,2,1,1,2,0,0,1,0,5,,1,FALSE,FALSE,1,FALSE,12,confident,20260507_145347_unknown_allT_DP_MB_ME_g5_sm0p5_kg0_ks0_rcpp
sp2,9915,1,,3,4,1990-06-15,"","",tree,all,0.0381571271145179,0.372624469424891,0.406738340860665,0.00773303781512013,0.0620795782771553,-0.0203753924797626,1.4564596855136,1.07130403370132,25.9999,0.0638624477390889,-0.5,0,5,3.51132224183,0,dp,6,5,3,1,0.713779016237371,2,0.198472510987711,0.775140841021511,0.713779016237371,0.0877484727749182,1,,1,,FALSE,1,FALSE,12,ambiguous,20260507_145347_unknown_allT_DP_MB_ME_g5_sm0p5_kg0_ks0_rcpp
sp2,9915,1,,5,6,2000-03-10,"","",tree,all,0.0381571271145179,0.372624469424891,0.406738340860665,0.00773303781512013,0.0620795782771553,-0.0203753924797626,1.4564596855136,1.07130403370132,25.9999,0.0638624477390889,-0.5,0,5,3.51132224183,0,dp,6,5,3,1,0.809399183613594,2,0.12560242510219,0.609403182348736,0.809399183613594,0.0649983912842162,2,,1,,FALSE,1,FALSE,12,ambiguous,20260507_145347_unknown_allT_DP_MB_ME_g5_sm0p5_kg0_ks0_rcpp
sp2,9915,1,1,7,8.5,2010-05-01,"","",tree,all,0.0381571271145179,0.372624469424891,0.406738340860665,0.00773303781512013,0.0620795782771553,-0.0203753924797626,1.4564596855136,1.07130403370132,25.9999,0.0638624477390889,-0.5,0,5,3.51132224183,0,given,6,5,3,1,1,2,0,0,1,0,4,,1,,FALSE,1,FALSE,12,confident,20260507_145347_unknown_allT_DP_MB_ME_g5_sm0p5_kg0_ks0_rcpp
sp2,9915,2,,5,2,2000-03-10,"","",tree,all,0.0381571271145179,0.372624469424891,0.406738340860665,0.00773303781512013,0.0620795782771553,-0.0203753924797626,1.4564596855136,1.07130403370132,25.9999,0.0638624477390889,-0.5,0,5,3.51132224183,0,dp,6,5,3,2,0.791797970021925,1,0.167976826003577,0.613757323718586,0.791797970021925,0.0402252039744981,3,,2,,FALSE,2,FALSE,12,ambiguous,20260507_145347_unknown_allT_DP_MB_ME_g5_sm0p5_kg0_ks0_rcpp
sp2,9915,2,2,7,3.5,2010-05-01,"","",tree,all,0.0381571271145179,0.372624469424891,0.406738340860665,0.00773303781512013,0.0620795782771553,-0.0203753924797626,1.4564596855136,1.07130403370132,25.9999,0.0638624477390889,-0.5,0,5,3.51132224183,0,given,6,5,3,2,1,1,0,0,1,0,5,,2,,FALSE,2,FALSE,12,confident,20260507_145347_unknown_allT_DP_MB_ME_g5_sm0p5_kg0_ks0_rcpp
sp1,9916,1,,3,4,1990-06-15,"","",tree,all,0.0381571271145179,0.372624469424891,0.406738340860665,0.00773303781512013,0.0620795782771553,-0.0203753924797626,1.4564596855136,1.07130403370132,25.9999,0.0638624477390889,-0.5,0,5,3.51132224183,0,dp,2,3,2,1,0.906541306463575,2,0.0934586935364249,0.310467772765203,0.906541306463575,0.0934586935364249,1,,1,,FALSE,1,FALSE,12,ambiguous,20260507_145347_unknown_allT_DP_MB_ME_g5_sm0p5_kg0_ks0_rcpp
sp1,9916,1,,5,6.5,2000-03-10,"","",tree,all,0.0381571271145179,0.372624469424891,0.406738340860665,0.00773303781512013,0.0620795782771553,-0.0203753924797626,1.4564596855136,1.07130403370132,25.9999,0.0638624477390889,-0.5,0,5,3.51132224183,0,dp,2,3,2,1,0.931669411598414,2,0.0683305884015858,0.249299133429343,0.931669411598414,0.0683305884015858,2,,1,,FALSE,1,FALSE,12,ambiguous,20260507_145347_unknown_allT_DP_MB_ME_g5_sm0p5_kg0_ks0_rcpp
sp1,9916,1,,7,,2010-05-01,"","",tree,all,0.0381571271145179,0.372624469424891,0.406738340860665,0.00773303781512013,0.0620795782771553,-0.0203753924797626,1.4564596855136,1.07130403370132,25.9999,0.0638624477390889,-0.5,0,5,3.51132224183,0,dp_mf_inferred,,,,,,,,,,,3,,1,,FALSE,1,FALSE,12,,20260507_145347_unknown_allT_DP_MB_ME_g5_sm0p5_kg0_ks0_rcpp
sp1,9916,1,1,8,9,2015-06-10,"","",tree,all,0.0381571271145179,0.372624469424891,0.406738340860665,0.00773303781512013,0.0620795782771553,-0.0203753924797626,1.4564596855136,1.07130403370132,25.9999,0.0638624477390889,-0.5,0,5,3.51132224183,0,given,2,3,2,1,1,2,0,0,1,0,4,,1,,FALSE,1,FALSE,12,confident,20260507_145347_unknown_allT_DP_MB_ME_g5_sm0p5_kg0_ks0_rcpp
sp1,9916,1,1,9,10.5,2022-03-15,"","",tree,all,0.0381571271145179,0.372624469424891,0.406738340860665,0.00773303781512013,0.0620795782771553,-0.0203753924797626,1.4564596855136,1.07130403370132,25.9999,0.0638624477390889,-0.5,0,5,3.51132224183,0,given,,,,,,,,,,,5,,1,,FALSE,1,FALSE,12,,20260507_145347_unknown_allT_DP_MB_ME_g5_sm0p5_kg0_ks0_rcpp
sp1,9917,1,,1,10,1980-01-01,"","",tree,all,0.0381571271145179,0.372624469424891,0.406738340860665,0.00773303781512013,0.0620795782771553,-0.0203753924797626,1.4564596855136,1.07130403370132,25.9999,0.0638624477390889,-0.5,0,5,3.51132224183,0,dp,2,1,2,3,1,2,0,0,1,1,1,,3,,FALSE,3,FALSE,12,unlinked-likely,20260507_145347_unknown_allT_DP_MB_ME_g5_sm0p5_kg0_ks0_rcpp
sp1,9917,1,,3,12,1990-06-15,"","",tree,all,0.0381571271145179,0.372624469424891,0.406738340860665,0.00773303781512013,0.0620795782771553,-0.0203753924797626,1.4564596855136,1.07130403370132,25.9999,0.0638624477390889,-0.5,0,5,3.51132224183,0,dp,2,1,2,3,1,2,0,0,1,1,2,,3,,FALSE,3,FALSE,12,unlinked-likely,20260507_145347_unknown_allT_DP_MB_ME_g5_sm0p5_kg0_ks0_rcpp
sp1,9917,1,,5,,2000-03-10,"","",tree,all,0.0381571271145179,0.372624469424891,0.406738340860665,0.00773303781512013,0.0620795782771553,-0.0203753924797626,1.4564596855136,1.07130403370132,25.9999,0.0638624477390889,-0.5,0,5,3.51132224183,0,given_orphan,2,1,2,,,,,,,,3,,1,,FALSE,,FALSE,12,,20260507_145347_unknown_allT_DP_MB_ME_g5_sm0p5_kg0_ks0_rcpp
sp1,9917,1,1,7,,2010-05-01,"","",tree,all,0.0381571271145179,0.372624469424891,0.406738340860665,0.00773303781512013,0.0620795782771553,-0.0203753924797626,1.4564596855136,1.07130403370132,25.9999,0.0638624477390889,-0.5,0,5,3.51132224183,0,given,2,1,2,,,,,,,,5,,1,,FALSE,1,FALSE,12,,20260507_145347_unknown_allT_DP_MB_ME_g5_sm0p5_kg0_ks0_rcpp
sp1,9917,2,,5,1.5,2000-03-10,"","",tree,all,0.0381571271145179,0.372624469424891,0.406738340860665,0.00773303781512013,0.0620795782771553,-0.0203753924797626,1.4564596855136,1.07130403370132,25.9999,0.0638624477390889,-0.5,0,5,3.51132224183,0,dp,2,1,2,2,1,3,0,0,1,0,4,,2,,FALSE,2,FALSE,12,confident,20260507_145347_unknown_allT_DP_MB_ME_g5_sm0p5_kg0_ks0_rcpp
sp1,9917,2,2,7,4,2010-05-01,"","",tree,all,0.0381571271145179,0.372624469424891,0.406738340860665,0.00773303781512013,0.0620795782771553,-0.0203753924797626,1.4564596855136,1.07130403370132,25.9999,0.0638624477390889,-0.5,0,5,3.51132224183,0,given,2,1,2,2,1,3,0,0,1,0,6,,2,,FALSE,2,FALSE,12,confident,20260507_145347_unknown_allT_DP_MB_ME_g5_sm0p5_kg0_ks0_rcpp
sp1,9917,2,2,8,5.2,2015-06-10,"","",tree,all,0.0381571271145179,0.372624469424891,0.406738340860665,0.00773303781512013,0.0620795782771553,-0.0203753924797626,1.4564596855136,1.07130403370132,25.9999,0.0638624477390889,-0.5,0,5,3.51132224183,0,given,,,,,,,,,,,7,,2,,FALSE,2,FALSE,12,,20260507_145347_unknown_allT_DP_MB_ME_g5_sm0p5_kg0_ks0_rcpp
sp1,9918,1,,1,15,1980-01-01,"","",tree,all,0.0381571271145179,0.372624469424891,0.406738340860665,0.00773303781512013,0.0620795782771553,-0.0203753924797626,1.4564596855136,1.07130403370132,25.9999,0.0638624477390889,-0.5,0,5,3.51132224183,0,provisional_dp,2,1,2,1,1,2,0,0,1,0,1,,1,FALSE,FALSE,1,FALSE,12,confident,20260507_145347_unknown_allT_DP_MB_ME_g5_sm0p5_kg0_ks0_rcpp
sp2,9919,1,1,9,20,2022-03-15,"","",tree,all,0.0381571271145179,0.372624469424891,0.406738340860665,0.00773303781512013,0.0620795782771553,-0.0203753924797626,1.4564596855136,1.07130403370132,25.9999,0.0638624477390889,-0.5,0,5,3.51132224183,0,given,2,9,2,1,1,2,0,0,1,0,1,,1,,FALSE,1,FALSE,12,confident,20260507_145347_unknown_allT_DP_MB_ME_g5_sm0p5_kg0_ks0_rcpp
sp1,9920,1,,1,5,1980-01-01,"","",tree,all,0.0381571271145179,0.372624469424891,0.406738340860665,0.00773303781512013,0.0620795782771553,-0.0203753924797626,1.4564596855136,1.07130403370132,25.9999,0.0638624477390889,-0.5,0,5,3.51132224183,0,dp,1,1,1,1,1,,,0,1,0,1,,1,,FALSE,1,FALSE,12,confident,20260507_145347_unknown_allT_DP_MB_ME_g5_sm0p5_kg0_ks0_rcpp
sp1,9920,1,1,9,50,2022-03-15,"","",tree,all,0.0381571271145179,0.372624469424891,0.406738340860665,0.00773303781512013,0.0620795782771553,-0.0203753924797626,1.4564596855136,1.07130403370132,25.9999,0.0638624477390889,-0.5,0,5,3.51132224183,0,given,1,1,1,1,1,,,0,1,0,2,,1,,FALSE,1,FALSE,12,confident,20260507_145347_unknown_allT_DP_MB_ME_g5_sm0p5_kg0_ks0_rcpp
sp1,9921,1,,1,,1980-01-01,"","",tree,all,0.0381571271145179,0.372624469424891,0.406738340860665,0.00773303781512013,0.0620795782771553,-0.0203753924797626,1.4564596855136,1.07130403370132,25.9999,0.0638624477390889,-0.5,0,5,3.51132224183,0,given_orphan,2,7,2,,,,,,,,1,,1,,FALSE,,FALSE,13,,20260507_145347_unknown_allT_DP_MB_ME_g5_sm0p5_kg0_ks0_rcpp
sp1,9921,1,,2,,1984-09-08,"","",tree,all,0.0381571271145179,0.372624469424891,0.406738340860665,0.00773303781512013,0.0620795782771553,-0.0203753924797626,1.4564596855136,1.07130403370132,25.9999,0.0638624477390889,-0.5,0,5,3.51132224183,0,given_orphan,2,7,2,,,,,,,,2,,1,,FALSE,,FALSE,13,,20260507_145347_unknown_allT_DP_MB_ME_g5_sm0p5_kg0_ks0_rcpp
sp1,9921,1,,3,,1989-09-18,"","",tree,all,0.0381571271145179,0.372624469424891,0.406738340860665,0.00773303781512013,0.0620795782771553,-0.0203753924797626,1.4564596855136,1.07130403370132,25.9999,0.0638624477390889,-0.5,0,5,3.51132224183,0,given_orphan,2,7,2,,,,,,,,3,,1,,FALSE,,FALSE,13,,20260507_145347_unknown_allT_DP_MB_ME_g5_sm0p5_kg0_ks0_rcpp
sp1,9921,1,,4,,1994-09-08,"","",tree,all,0.0381571271145179,0.372624469424891,0.406738340860665,0.00773303781512013,0.0620795782771553,-0.0203753924797626,1.4564596855136,1.07130403370132,25.9999,0.0638624477390889,-0.5,0,5,3.51132224183,0,given_orphan,2,7,2,,,,,,,,4,,1,,FALSE,,FALSE,13,,20260507_145347_unknown_allT_DP_MB_ME_g5_sm0p5_kg0_ks0_rcpp
sp1,9921,1,,5,,1999-07-09,"","",tree,all,0.0381571271145179,0.372624469424891,0.406738340860665,0.00773303781512013,0.0620795782771553,-0.0203753924797626,1.4564596855136,1.07130403370132,25.9999,0.0638624477390889,-0.5,0,5,3.51132224183,0,given_orphan,2,7,2,,,,,,,,5,,1,,FALSE,,FALSE,13,,20260507_145347_unknown_allT_DP_MB_ME_g5_sm0p5_kg0_ks0_rcpp
sp1,9921,1,,6,,2004-07-29,"","",tree,all,0.0381571271145179,0.372624469424891,0.406738340860665,0.00773303781512013,0.0620795782771553,-0.0203753924797626,1.4564596855136,1.07130403370132,25.9999,0.0638624477390889,-0.5,0,5,3.51132224183,0,given_orphan,2,7,2,,,,,,,,6,,1,,FALSE,,FALSE,13,,20260507_145347_unknown_allT_DP_MB_ME_g5_sm0p5_kg0_ks0_rcpp
sp1,9921,1,1,7,12,2009-08-15,"","",tree,all,0.0381571271145179,0.372624469424891,0.406738340860665,0.00773303781512013,0.0620795782771553,-0.0203753924797626,1.4564596855136,1.07130403370132,25.9999,0.0638624477390889,-0.5,0,5,3.51132224183,0,given,2,7,2,1,1,2,0,0,1,0,7,,1,,FALSE,1,FALSE,13,confident,20260507_145347_unknown_allT_DP_MB_ME_g5_sm0p5_kg0_ks0_rcpp
sp1,9921,1,,8,,2014-08-02,"","",tree,all,0.0381571271145179,0.372624469424891,0.406738340860665,0.00773303781512013,0.0620795782771553,-0.0203753924797626,1.4564596855136,1.07130403370132,25.9999,0.0638624477390889,-0.5,0,5,3.51132224183,0,given_orphan,2,7,2,,,,,,,,8,,1,,FALSE,,FALSE,13,,20260507_145347_unknown_allT_DP_MB_ME_g5_sm0p5_kg0_ks0_rcpp
sp1,9921,1,,9,,2019-07-20,"","",tree,all,0.0381571271145179,0.372624469424891,0.406738340860665,0.00773303781512013,0.0620795782771553,-0.0203753924797626,1.4564596855136,1.07130403370132,25.9999,0.0638624477390889,-0.5,0,5,3.51132224183,0,given_orphan,2,7,2,,,,,,,,9,,1,,FALSE,,FALSE,13,,20260507_145347_unknown_allT_DP_MB_ME_g5_sm0p5_kg0_ks0_rcpp
sp2,9922,1,1,8,10,2015-03-10,"","",tree,all,0.0381571271145179,0.372624469424891,0.406738340860665,0.00773303781512013,0.0620795782771553,-0.0203753924797626,1.4564596855136,1.07130403370132,25.9999,0.0638624477390889,-0.5,0,5,3.51132224183,0,given,24,8,4,1,1,2,0,0,1,0,1,,1,,FALSE,1,FALSE,13,confident,20260507_145347_unknown_allT_DP_MB_ME_g5_sm0p5_kg0_ks0_rcpp
sp2,9922,2,2,8,5,2015-03-10,"","",tree,all,0.0381571271145179,0.372624469424891,0.406738340860665,0.00773303781512013,0.0620795782771553,-0.0203753924797626,1.4564596855136,1.07130403370132,25.9999,0.0638624477390889,-0.5,0,5,3.51132224183,0,given,24,8,4,2,1,1,0,0,1,0,2,,2,,FALSE,2,FALSE,13,confident,20260507_145347_unknown_allT_DP_MB_ME_g5_sm0p5_kg0_ks0_rcpp
sp2,9922,3,3,8,2.5,2015-03-10,"","",tree,all,0.0381571271145179,0.372624469424891,0.406738340860665,0.00773303781512013,0.0620795782771553,-0.0203753924797626,1.4564596855136,1.07130403370132,25.9999,0.0638624477390889,-0.5,0,5,3.51132224183,0,given,24,8,4,3,1,1,0,0,1,0,3,,3,,FALSE,3,FALSE,13,confident,20260507_145347_unknown_allT_DP_MB_ME_g5_sm0p5_kg0_ks0_rcpp
sp3,9923,1,,1,5,1980-01-01,"","",palm,all,0.0381571271145179,0.372624469424891,0.406738340860665,0.00773303781512013,0.0620795782771553,-0.0203753924797626,1.4564596855136,1.07130403370132,25.9999,0.0638624477390889,-0.5,0,5,3.51132224183,0,dp,2,1,2,1,0.979034350460518,2,0.0209656495394818,0.101773826254973,0.979034350460518,0.0209656495394818,1,,1,,FALSE,1,FALSE,13,confident,20260507_145347_unknown_allT_DP_MB_ME_g5_sm0p5_kg0_ks0_rcpp
sp3,9923,1,,2,7,1984-09-08,"","",palm,all,0.0381571271145179,0.372624469424891,0.406738340860665,0.00773303781512013,0.0620795782771553,-0.0203753924797626,1.4564596855136,1.07130403370132,25.9999,0.0638624477390889,-0.5,0,5,3.51132224183,0,dp,2,1,2,1,0.98404461326944,2,0.0159553867305603,0.0818501497440983,0.98404461326944,0.0159553867305603,2,,1,,FALSE,1,FALSE,13,confident,20260507_145347_unknown_allT_DP_MB_ME_g5_sm0p5_kg0_ks0_rcpp
sp3,9923,1,,3,9,1989-09-18,"","",palm,all,0.0381571271145179,0.372624469424891,0.406738340860665,0.00773303781512013,0.0620795782771553,-0.0203753924797626,1.4564596855136,1.07130403370132,25.9999,0.0638624477390889,-0.5,0,5,3.51132224183,0,dp,2,1,2,1,0.988775676099014,2,0.0112243239009858,0.0615546277828282,0.988775676099014,0.0112243239009858,3,,1,,FALSE,1,FALSE,13,confident,20260507_145347_unknown_allT_DP_MB_ME_g5_sm0p5_kg0_ks0_rcpp
sp3,9923,1,,4,11,1994-09-08,"","",palm,all,0.0381571271145179,0.372624469424891,0.406738340860665,0.00773303781512013,0.0620795782771553,-0.0203753924797626,1.4564596855136,1.07130403370132,25.9999,0.0638624477390889,-0.5,0,5,3.51132224183,0,dp,2,1,2,1,0.992496203637733,2,0.00750379636226714,0.0441867418526778,0.992496203637733,0.00750379636226714,4,,1,,FALSE,1,FALSE,13,confident,20260507_145347_unknown_allT_DP_MB_ME_g5_sm0p5_kg0_ks0_rcpp
sp3,9923,1,,5,13,1999-07-09,"","",palm,all,0.0381571271145179,0.372624469424891,0.406738340860665,0.00773303781512013,0.0620795782771553,-0.0203753924797626,1.4564596855136,1.07130403370132,25.9999,0.0638624477390889,-0.5,0,5,3.51132224183,0,dp,2,1,2,1,0.995291259379621,2,0.00470874062037913,0.0299286457472026,0.995291259379621,0.00470874062037913,5,,1,,FALSE,1,FALSE,13,confident,20260507_145347_unknown_allT_DP_MB_ME_g5_sm0p5_kg0_ks0_rcpp
sp3,9923,1,,6,15,2004-07-29,"","",palm,all,0.0381571271145179,0.372624469424891,0.406738340860665,0.00773303781512013,0.0620795782771553,-0.0203753924797626,1.4564596855136,1.07130403370132,25.9999,0.0638624477390889,-0.5,0,5,3.51132224183,0,dp,2,1,2,1,0.997888217115886,2,0.00211178288411443,0.0151186044007357,0.997888217115886,0.00211178288411443,6,,1,,FALSE,1,FALSE,13,confident,20260507_145347_unknown_allT_DP_MB_ME_g5_sm0p5_kg0_ks0_rcpp
sp3,9923,1,1,7,17,2009-08-15,"","",palm,all,0.0381571271145179,0.372624469424891,0.406738340860665,0.00773303781512013,0.0620795782771553,-0.0203753924797626,1.4564596855136,1.07130403370132,25.9999,0.0638624477390889,-0.5,0,5,3.51132224183,0,given,2,1,2,1,1,2,0,0,1,0,7,,1,,FALSE,1,FALSE,13,confident,20260507_145347_unknown_allT_DP_MB_ME_g5_sm0p5_kg0_ks0_rcpp
sp3,9923,1,1,8,19,2014-08-02,"","",palm,all,0.0381571271145179,0.372624469424891,0.406738340860665,0.00773303781512013,0.0620795782771553,-0.0203753924797626,1.4564596855136,1.07130403370132,25.9999,0.0638624477390889,-0.5,0,5,3.51132224183,0,given,,,,,,,,,,,8,,1,,FALSE,1,FALSE,13,,20260507_145347_unknown_allT_DP_MB_ME_g5_sm0p5_kg0_ks0_rcpp
sp3,9923,1,1,9,21,2019-07-20,"","",palm,all,0.0381571271145179,0.372624469424891,0.406738340860665,0.00773303781512013,0.0620795782771553,-0.0203753924797626,1.4564596855136,1.07130403370132,25.9999,0.0638624477390889,-0.5,0,5,3.51132224183,0,given,,,,,,,,,,,9,,1,,FALSE,1,FALSE,13,,20260507_145347_unknown_allT_DP_MB_ME_g5_sm0p5_kg0_ks0_rcpp
sp1,9924,1,,3,10,1990-06-15,"","",tree,all,0.0381571271145179,0.372624469424891,0.406738340860665,0.00773303781512013,0.0620795782771553,-0.0203753924797626,1.4564596855136,1.07130403370132,25.9999,0.0638624477390889,-0.5,0,5,3.51132224183,0,dp,2,3,2,1,0.95005243024359,2,0.0499475697564101,0.198360836747262,0.95005243024359,0.0499475697564101,1,,1,,FALSE,1,FALSE,13,confident,20260507_145347_unknown_allT_DP_MB_ME_g5_sm0p5_kg0_ks0_rcpp
sp1,9924,1,,4,10,1994-09-08,"","",tree,all,0.0381571271145179,0.372624469424891,0.406738340860665,0.00773303781512013,0.0620795782771553,-0.0203753924797626,1.4564596855136,1.07130403370132,25.9999,0.0638624477390889,-0.5,0,5,3.51132224183,0,dp,2,3,2,1,0.959729033692712,2,0.0402709663072878,0.168804339281503,0.959729033692712,0.0402709663072878,2,,1,,FALSE,1,FALSE,13,confident,20260507_145347_unknown_allT_DP_MB_ME_g5_sm0p5_kg0_ks0_rcpp
sp1,9924,1,,5,10,1999-07-09,"","",tree,all,0.0381571271145179,0.372624469424891,0.406738340860665,0.00773303781512013,0.0620795782771553,-0.0203753924797626,1.4564596855136,1.07130403370132,25.9999,0.0638624477390889,-0.5,0,5,3.51132224183,0,dp,2,3,2,1,0.972361339788061,2,0.0276386602119392,0.126435575070948,0.972361339788061,0.0276386602119392,3,,1,,FALSE,1,FALSE,13,confident,20260507_145347_unknown_allT_DP_MB_ME_g5_sm0p5_kg0_ks0_rcpp
sp1,9924,1,,6,10,2004-07-29,"","",tree,all,0.0381571271145179,0.372624469424891,0.406738340860665,0.00773303781512013,0.0620795782771553,-0.0203753924797626,1.4564596855136,1.07130403370132,25.9999,0.0638624477390889,-0.5,0,5,3.51132224183,0,dp,2,3,2,1,0.986211079047336,2,0.0137889209526644,0.0727636321433085,0.986211079047336,0.0137889209526644,4,,1,,FALSE,1,FALSE,13,confident,20260507_145347_unknown_allT_DP_MB_ME_g5_sm0p5_kg0_ks0_rcpp
sp1,9924,1,1,7,10,2009-08-15,"","",tree,all,0.0381571271145179,0.372624469424891,0.406738340860665,0.00773303781512013,0.0620795782771553,-0.0203753924797626,1.4564596855136,1.07130403370132,25.9999,0.0638624477390889,-0.5,0,5,3.51132224183,0,given,2,3,2,1,1,2,0,0,1,0,5,,1,,FALSE,1,FALSE,13,confident,20260507_145347_unknown_allT_DP_MB_ME_g5_sm0p5_kg0_ks0_rcpp
sp1,9925,1,,3,15,1990-06-15,"","",tree,all,0.0381571271145179,0.372624469424891,0.406738340860665,0.00773303781512013,0.0620795782771553,-0.0203753924797626,1.4564596855136,1.07130403370132,25.9999,0.0638624477390889,-0.5,0,5,3.51132224183,0,dp,2,3,2,1,0.913850828947352,2,0.0861491710526475,0.293536691012414,0.913850828947352,0.0861491710526475,1,,1,,FALSE,1,FALSE,13,ambiguous,20260507_145347_unknown_allT_DP_MB_ME_g5_sm0p5_kg0_ks0_rcpp
sp1,9925,1,,5,14,2000-03-10,"","",tree,all,0.0381571271145179,0.372624469424891,0.406738340860665,0.00773303781512013,0.0620795782771553,-0.0203753924797626,1.4564596855136,1.07130403370132,25.9999,0.0638624477390889,-0.5,0,5,3.51132224183,0,dp,2,3,2,1,0.967496584668835,2,0.0325034153311649,0.143339392140763,0.967496584668835,0.0325034153311649,2,,1,,FALSE,1,FALSE,13,confident,20260507_145347_unknown_allT_DP_MB_ME_g5_sm0p5_kg0_ks0_rcpp
sp1,9925,1,,6,12.5,2004-07-29,"","",tree,all,0.0381571271145179,0.372624469424891,0.406738340860665,0.00773303781512013,0.0620795782771553,-0.0203753924797626,1.4564596855136,1.07130403370132,25.9999,0.0638624477390889,-0.5,0,5,3.51132224183,0,dp,2,3,2,1,0.99311550200768,2,0.00688449799232012,0.0411351019147151,0.99311550200768,0.00688449799232012,3,,1,,FALSE,1,FALSE,13,confident,20260507_145347_unknown_allT_DP_MB_ME_g5_sm0p5_kg0_ks0_rcpp
sp1,9925,1,1,7,13,2009-08-15,"","",tree,all,0.0381571271145179,0.372624469424891,0.406738340860665,0.00773303781512013,0.0620795782771553,-0.0203753924797626,1.4564596855136,1.07130403370132,25.9999,0.0638624477390889,-0.5,0,5,3.51132224183,0,given,2,3,2,1,1,2,0,0,1,0,4,,1,,FALSE,1,FALSE,13,confident,20260507_145347_unknown_allT_DP_MB_ME_g5_sm0p5_kg0_ks0_rcpp
sp1,9926,1,,8,,2015-06-10,"","",tree,all,0.0381571271145179,0.372624469424891,0.406738340860665,0.00773303781512013,0.0620795782771553,-0.0203753924797626,1.4564596855136,1.07130403370132,25.9999,0.0638624477390889,-0.5,0,5,3.51132224183,0,given_orphan,,,,,,,,,,,,,1,,,,,13,,20260507_145347_unknown_allT_DP_MB_ME_g5_sm0p5_kg0_ks0_rcpp
sp1,9926,1,,9,,2022-03-15,"","",tree,all,0.0381571271145179,0.372624469424891,0.406738340860665,0.00773303781512013,0.0620795782771553,-0.0203753924797626,1.4564596855136,1.07130403370132,25.9999,0.0638624477390889,-0.5,0,5,3.51132224183,0,given_orphan,,,,,,,,,,,,,1,,,,,13,,20260507_145347_unknown_allT_DP_MB_ME_g5_sm0p5_kg0_ks0_rcpp
sp2,9927,1,1,7,20,2010-05-01,"","",tree,all,0.0381571271145179,0.372624469424891,0.406738340860665,0.00773303781512013,0.0620795782771553,-0.0203753924797626,1.4564596855136,1.07130403370132,25.9999,0.0638624477390889,-0.5,0,5,3.51132224183,0,given,24,7,4,1,1,2,0,0,1,0,1,,1,,FALSE,1,FALSE,13,confident,20260507_145347_unknown_allT_DP_MB_ME_g5_sm0p5_kg0_ks0_rcpp
sp2,9927,1,1,8,21,2015-06-10,"","",tree,all,0.0381571271145179,0.372624469424891,0.406738340860665,0.00773303781512013,0.0620795782771553,-0.0203753924797626,1.4564596855136,1.07130403370132,25.9999,0.0638624477390889,-0.5,0,5,3.51132224183,0,given,,,,,,,,,,,4,,1,,FALSE,1,FALSE,13,,20260507_145347_unknown_allT_DP_MB_ME_g5_sm0p5_kg0_ks0_rcpp
sp2,9927,1,1,9,22.5,2022-03-15,"","",tree,all,0.0381571271145179,0.372624469424891,0.406738340860665,0.00773303781512013,0.0620795782771553,-0.0203753924797626,1.4564596855136,1.07130403370132,25.9999,0.0638624477390889,-0.5,0,5,3.51132224183,0,given,,,,,,,,,,,7,,1,,FALSE,1,FALSE,13,,20260507_145347_unknown_allT_DP_MB_ME_g5_sm0p5_kg0_ks0_rcpp
sp2,9927,2,2,7,8,2010-05-01,"","",tree,all,0.0381571271145179,0.372624469424891,0.406738340860665,0.00773303781512013,0.0620795782771553,-0.0203753924797626,1.4564596855136,1.07130403370132,25.9999,0.0638624477390889,-0.5,0,5,3.51132224183,0,given,24,7,4,2,1,1,0,0,1,0,2,,2,,FALSE,2,FALSE,13,confident,20260507_145347_unknown_allT_DP_MB_ME_g5_sm0p5_kg0_ks0_rcpp
sp2,9927,2,2,8,,2015-06-10,"","",tree,all,0.0381571271145179,0.372624469424891,0.406738340860665,0.00773303781512013,0.0620795782771553,-0.0203753924797626,1.4564596855136,1.07130403370132,25.9999,0.0638624477390889,-0.5,0,5,3.51132224183,0,given,,,,,,,,,,,5,,2,,FALSE,2,FALSE,13,,20260507_145347_unknown_allT_DP_MB_ME_g5_sm0p5_kg0_ks0_rcpp
sp2,9927,3,3,7,3,2010-05-01,"","",tree,all,0.0381571271145179,0.372624469424891,0.406738340860665,0.00773303781512013,0.0620795782771553,-0.0203753924797626,1.4564596855136,1.07130403370132,25.9999,0.0638624477390889,-0.5,0,5,3.51132224183,0,given,24,7,4,3,1,1,0,0,1,0,3,,3,,FALSE,3,FALSE,13,confident,20260507_145347_unknown_allT_DP_MB_ME_g5_sm0p5_kg0_ks0_rcpp
sp2,9927,3,3,8,,2015-06-10,"","",tree,all,0.0381571271145179,0.372624469424891,0.406738340860665,0.00773303781512013,0.0620795782771553,-0.0203753924797626,1.4564596855136,1.07130403370132,25.9999,0.0638624477390889,-0.5,0,5,3.51132224183,0,given,,,,,,,,,,,6,,3,,FALSE,3,FALSE,13,,20260507_145347_unknown_allT_DP_MB_ME_g5_sm0p5_kg0_ks0_rcpp
sp2,9928,1,,1,8,1980-01-01,"","",tree,all,0.0381571271145179,0.372624469424891,0.406738340860665,0.00773303781512013,0.0620795782771553,-0.0203753924797626,1.4564596855136,1.07130403370132,25.9999,0.0638624477390889,-0.5,0,5,3.51132224183,0,dp,6,1,3,1,0.809187738902259,3,0.14961261420577,0.58694378237003,0.809187738902259,0.14961261420577,1,,1,,FALSE,1,FALSE,14,ambiguous,20260507_145347_unknown_allT_DP_MB_ME_g5_sm0p5_kg0_ks0_rcpp
sp2,9928,1,,3,10,1990-06-15,"","",tree,all,0.0381571271145179,0.372624469424891,0.406738340860665,0.00773303781512013,0.0620795782771553,-0.0203753924797626,1.4564596855136,1.07130403370132,25.9999,0.0638624477390889,-0.5,0,5,3.51132224183,0,dp,6,1,3,1,0.921911852218288,3,0.0780881477817119,0.274074950977785,0.921911852218288,0.0780881477817119,3,,1,,FALSE,1,FALSE,14,ambiguous,20260507_145347_unknown_allT_DP_MB_ME_g5_sm0p5_kg0_ks0_rcpp
sp2,9928,1,,5,12,2000-03-10,"","",tree,all,0.0381571271145179,0.372624469424891,0.406738340860665,0.00773303781512013,0.0620795782771553,-0.0203753924797626,1.4564596855136,1.07130403370132,25.9999,0.0638624477390889,-0.5,0,5,3.51132224183,0,provisional_dp,6,1,3,1,1,2,0,0,1,0,5,,1,FALSE,FALSE,1,FALSE,14,confident,20260507_145347_unknown_allT_DP_MB_ME_g5_sm0p5_kg0_ks0_rcpp
sp2,9928,2,,1,2,1980-01-01,"","",tree,all,0.0381571271145179,0.372624469424891,0.406738340860665,0.00773303781512013,0.0620795782771553,-0.0203753924797626,1.4564596855136,1.07130403370132,25.9999,0.0638624477390889,-0.5,0,5,3.51132224183,0,dp,6,1,3,2,0.774293688342483,1,0.150463091572403,0.677706610500902,0.774293688342483,0.075243220085114,2,,2,,FALSE,2,FALSE,14,ambiguous,20260507_145347_unknown_allT_DP_MB_ME_g5_sm0p5_kg0_ks0_rcpp
sp2,9928,2,,3,3.5,1990-06-15,"","",tree,all,0.0381571271145179,0.372624469424891,0.406738340860665,0.00773303781512013,0.0620795782771553,-0.0203753924797626,1.4564596855136,1.07130403370132,25.9999,0.0638624477390889,-0.5,0,5,3.51132224183,0,dp,6,1,3,2,0.906086558814923,1,0.0612934764642256,0.372147675881659,0.906086558814923,0.0326199647208516,4,,2,,FALSE,2,FALSE,14,ambiguous,20260507_145347_unknown_allT_DP_MB_ME_g5_sm0p5_kg0_ks0_rcpp
sp2,9928,2,,5,5,2000-03-10,"","",tree,all,0.0381571271145179,0.372624469424891,0.406738340860665,0.00773303781512013,0.0620795782771553,-0.0203753924797626,1.4564596855136,1.07130403370132,25.9999,0.0638624477390889,-0.5,0,5,3.51132224183,0,provisional_dp,6,1,3,2,1,1,0,0,1,0,6,,2,FALSE,FALSE,2,FALSE,14,confident,20260507_145347_unknown_allT_DP_MB_ME_g5_sm0p5_kg0_ks0_rcpp
sp1,9929,1,,7,,2010-05-01,"","",tree,all,0.0381571271145179,0.372624469424891,0.406738340860665,0.00773303781512013,0.0620795782771553,-0.0203753924797626,1.4564596855136,1.07130403370132,25.9999,0.0638624477390889,-0.5,0,5,3.51132224183,0,given_orphan,2,8,2,,,,,,,,1,,1,,FALSE,,FALSE,14,,20260507_145347_unknown_allT_DP_MB_ME_g5_sm0p5_kg0_ks0_rcpp
sp1,9929,1,1,8,6,2015-06-10,"","",tree,all,0.0381571271145179,0.372624469424891,0.406738340860665,0.00773303781512013,0.0620795782771553,-0.0203753924797626,1.4564596855136,1.07130403370132,25.9999,0.0638624477390889,-0.5,0,5,3.51132224183,0,given,2,8,2,1,1,2,0,0,1,0,2,,1,,FALSE,1,FALSE,14,confident,20260507_145347_unknown_allT_DP_MB_ME_g5_sm0p5_kg0_ks0_rcpp
sp1,9930,1,,1,5,1980-01-01,"","",tree,all,0.0381571271145179,0.372624469424891,0.406738340860665,0.00773303781512013,0.0620795782771553,-0.0203753924797626,1.4564596855136,1.07130403370132,25.9999,0.0638624477390889,-0.5,0,5,3.51132224183,0,dp,2,1,2,1,0.893871343367429,2,0.106128656632571,0.338344014947657,0.893871343367429,0.106128656632571,1,,1,,FALSE,1,FALSE,14,ambiguous,20260507_145347_unknown_allT_DP_MB_ME_g5_sm0p5_kg0_ks0_rcpp
sp1,9930,1,,5,10,2000-03-10,"","",tree,all,0.0381571271145179,0.372624469424891,0.406738340860665,0.00773303781512013,0.0620795782771553,-0.0203753924797626,1.4564596855136,1.07130403370132,25.9999,0.0638624477390889,-0.5,0,5,3.51132224183,0,dp,2,1,2,1,0.9653074444093,2,0.0346925555906996,0.150693350301344,0.9653074444093,0.0346925555906996,2,,1,,FALSE,1,FALSE,14,confident,20260507_145347_unknown_allT_DP_MB_ME_g5_sm0p5_kg0_ks0_rcpp
sp1,9930,1,1,9,18,2022-03-15,"","",tree,all,0.0381571271145179,0.372624469424891,0.406738340860665,0.00773303781512013,0.0620795782771553,-0.0203753924797626,1.4564596855136,1.07130403370132,25.9999,0.0638624477390889,-0.5,0,5,3.51132224183,0,given,2,1,2,1,1,2,0,0,1,0,3,,1,,FALSE,1,FALSE,14,confident,20260507_145347_unknown_allT_DP_MB_ME_g5_sm0p5_kg0_ks0_rcpp
sp1,9931,1,,3,140,1990-06-15,"","",tree,all,0.0381571271145179,0.372624469424891,0.406738340860665,0.00773303781512013,0.0620795782771553,-0.0203753924797626,1.4564596855136,1.07130403370132,25.9999,0.0638624477390889,-0.5,0,5,3.51132224183,0,dp,1,3,1,1,1,,,0,1,0,1,,1,,FALSE,1,FALSE,14,confident,20260507_145347_unknown_allT_DP_MB_ME_g5_sm0p5_kg0_ks0_rcpp
sp1,9931,1,,5,155,2000-03-10,"","",tree,all,0.0381571271145179,0.372624469424891,0.406738340860665,0.00773303781512013,0.0620795782771553,-0.0203753924797626,1.4564596855136,1.07130403370132,25.9999,0.0638624477390889,-0.5,0,5,3.51132224183,0,dp,1,3,1,1,1,,,0,1,0,2,,1,,FALSE,1,FALSE,14,confident,20260507_145347_unknown_allT_DP_MB_ME_g5_sm0p5_kg0_ks0_rcpp
sp1,9931,1,1,7,165,2010-05-01,"","",tree,all,0.0381571271145179,0.372624469424891,0.406738340860665,0.00773303781512013,0.0620795782771553,-0.0203753924797626,1.4564596855136,1.07130403370132,25.9999,0.0638624477390889,-0.5,0,5,3.51132224183,0,given,1,3,1,1,1,,,0,1,0,3,,1,,FALSE,1,FALSE,14,confident,20260507_145347_unknown_allT_DP_MB_ME_g5_sm0p5_kg0_ks0_rcpp
sp1,9932,1,,3,3,1990-06-15,"","",tree,all,0.0381571271145179,0.372624469424891,0.406738340860665,0.00773303781512013,0.0620795782771553,-0.0203753924797626,1.4564596855136,1.07130403370132,25.9999,0.0638624477390889,-0.5,0,5,3.51132224183,0,dp,3,3,3,2,0.5,3,0.5,0.693147180559945,0.5,1,1,,2,,FALSE,2,FALSE,14,unlinked-likely,20260507_145347_unknown_allT_DP_MB_ME_g5_sm0p5_kg0_ks0_rcpp
sp1,9932,1,,5,,2000-03-10,R,"",tree,all,0.0381571271145179,0.372624469424891,0.406738340860665,0.00773303781512013,0.0620795782771553,-0.0203753924797626,1.4564596855136,1.07130403370132,25.9999,0.0638624477390889,-0.5,0,5,3.51132224183,0,dp,3,3,3,,,,,,,,2,,2,,FALSE,2,FALSE,14,,20260507_145347_unknown_allT_DP_MB_ME_g5_sm0p5_kg0_ks0_rcpp
sp1,9932,1,1,7,5,2010-05-01,"","",tree,all,0.0381571271145179,0.372624469424891,0.406738340860665,0.00773303781512013,0.0620795782771553,-0.0203753924797626,1.4564596855136,1.07130403370132,25.9999,0.0638624477390889,-0.5,0,5,3.51132224183,0,given,3,3,3,1,1,2,0,0,1,0,3,,1,,FALSE,1,FALSE,14,confident,20260507_145347_unknown_allT_DP_MB_ME_g5_sm0p5_kg0_ks0_rcpp
sp1,9932,1,,8,,2015-06-10,R,"",tree,all,0.0381571271145179,0.372624469424891,0.406738340860665,0.00773303781512013,0.0620795782771553,-0.0203753924797626,1.4564596855136,1.07130403370132,25.9999,0.0638624477390889,-0.5,0,5,3.51132224183,0,given,3,3,3,,,,,,,,4,,1,,FALSE,1,FALSE,14,,20260507_145347_unknown_allT_DP_MB_ME_g5_sm0p5_kg0_ks0_rcpp
sp2,9933,1,,3,12,1990-06-15,"","",tree,all,0.0381571271145179,0.372624469424891,0.406738340860665,0.00773303781512013,0.0620795782771553,-0.0203753924797626,1.4564596855136,1.07130403370132,25.9999,0.0638624477390889,-0.5,0,5,3.51132224183,0,dp,2,3,2,2,1,1,0,0,1,1,1,,2,,FALSE,2,FALSE,14,unlinked-likely,20260507_145347_unknown_allT_DP_MB_ME_g5_sm0p5_kg0_ks0_rcpp
sp2,9933,1,,5,15,2000-03-10,"","",tree,all,0.0381571271145179,0.372624469424891,0.406738340860665,0.00773303781512013,0.0620795782771553,-0.0203753924797626,1.4564596855136,1.07130403370132,25.9999,0.0638624477390889,-0.5,0,5,3.51132224183,0,dp,2,3,2,2,1,1,0,0,1,1,2,,2,,FALSE,2,FALSE,14,unlinked-likely,20260507_145347_unknown_allT_DP_MB_ME_g5_sm0p5_kg0_ks0_rcpp
sp2,9933,1,,6,8,2004-07-29,B,"",tree,all,0.0381571271145179,0.372624469424891,0.406738340860665,0.00773303781512013,0.0620795782771553,-0.0203753924797626,1.4564596855136,1.07130403370132,25.9999,0.0638624477390889,-0.5,0,5,3.51132224183,0,dp,2,3,2,1,1,2,0,0,1,0,3,,1,,FALSE,1,FALSE,14,confident,20260507_145347_unknown_allT_DP_MB_ME_g5_sm0p5_kg0_ks0_rcpp
sp2,9933,1,1,7,16,2009-08-15,"","",tree,all,0.0381571271145179,0.372624469424891,0.406738340860665,0.00773303781512013,0.0620795782771553,-0.0203753924797626,1.4564596855136,1.07130403370132,25.9999,0.0638624477390889,-0.5,0,5,3.51132224183,0,given,2,3,2,1,1,2,0,0,1,0,4,,1,,FALSE,1,FALSE,14,confident,20260507_145347_unknown_allT_DP_MB_ME_g5_sm0p5_kg0_ks0_rcpp
sp1,9934,1,,3,10,1990-06-15,"","",tree,all,0.0381571271145179,0.372624469424891,0.406738340860665,0.00773303781512013,0.0620795782771553,-0.0203753924797626,1.4564596855136,1.07130403370132,25.9999,0.0638624477390889,-0.5,0,5,3.51132224183,0,dp,6,3,3,1,0.48063549701326,2,0.480635477648747,0.830185937175308,0.48063549701326,0.0387290253379925,1,,1,,FALSE,1,FALSE,14,ambiguous,20260507_145347_unknown_allT_DP_MB_ME_g5_sm0p5_kg0_ks0_rcpp
sp1,9934,1,,5,12,2000-03-10,"","",tree,all,0.0381571271145179,0.372624469424891,0.406738340860665,0.00773303781512013,0.0620795782771553,-0.0203753924797626,1.4564596855136,1.07130403370132,25.9999,0.0638624477390889,-0.5,0,5,3.51132224183,0,dp,6,3,3,1,0.490629620691876,2,0.490629611321492,0.77325416914962,0.490629620691876,0.0187407679866321,3,,1,,FALSE,1,FALSE,14,ambiguous,20260507_145347_unknown_allT_DP_MB_ME_g5_sm0p5_kg0_ks0_rcpp
sp1,9934,1,1,7,14,2010-05-01,"","",tree,all,0.0381571271145179,0.372624469424891,0.406738340860665,0.00773303781512013,0.0620795782771553,-0.0203753924797626,1.4564596855136,1.07130403370132,25.9999,0.0638624477390889,-0.5,0,5,3.51132224183,0,given,6,3,3,1,1,2,0,0,1,0,5,,1,,FALSE,1,FALSE,14,confident,20260507_145347_unknown_allT_DP_MB_ME_g5_sm0p5_kg0_ks0_rcpp
sp1,9934,2,,3,10,1990-06-15,"","",tree,all,0.0381571271145179,0.372624469424891,0.406738340860665,0.00773303781512013,0.0620795782771553,-0.0203753924797626,1.4564596855136,1.07130403370132,25.9999,0.0638624477390889,-0.5,0,5,3.51132224183,0,dp,6,3,3,1,0.48063549701326,2,0.480635477648747,0.830185937175308,0.480635477648747,0.0387290253379925,2,,2,,FALSE,2,FALSE,14,ambiguous,20260507_145347_unknown_allT_DP_MB_ME_g5_sm0p5_kg0_ks0_rcpp
sp1,9934,2,,5,12,2000-03-10,"","",tree,all,0.0381571271145179,0.372624469424891,0.406738340860665,0.00773303781512013,0.0620795782771553,-0.0203753924797626,1.4564596855136,1.07130403370132,25.9999,0.0638624477390889,-0.5,0,5,3.51132224183,0,dp,6,3,3,1,0.490629620691876,2,0.490629611321492,0.77325416914962,0.490629611321492,0.0187407679866321,4,,2,,FALSE,2,FALSE,14,ambiguous,20260507_145347_unknown_allT_DP_MB_ME_g5_sm0p5_kg0_ks0_rcpp
sp1,9934,2,2,7,14,2010-05-01,"","",tree,all,0.0381571271145179,0.372624469424891,0.406738340860665,0.00773303781512013,0.0620795782771553,-0.0203753924797626,1.4564596855136,1.07130403370132,25.9999,0.0638624477390889,-0.5,0,5,3.51132224183,0,given,6,3,3,2,1,1,0,0,1,0,6,,2,,FALSE,2,FALSE,14,confident,20260507_145347_unknown_allT_DP_MB_ME_g5_sm0p5_kg0_ks0_rcpp
sp1,9935,1,,1,3,1980-01-01,"","",tree,all,0.0381571271145179,0.372624469424891,0.406738340860665,0.00773303781512013,0.0620795782771553,-0.0203753924797626,1.4564596855136,1.07130403370132,25.9999,0.0638624477390889,-0.5,0,5,3.51132224183,0,dp,2,1,2,1,0.915927712974726,2,0.0840722870252743,0.288604352020084,0.915927712974726,0.0840722870252743,1,,1,,FALSE,1,FALSE,15,ambiguous,20260507_145347_unknown_allT_DP_MB_ME_g5_sm0p5_kg0_ks0_rcpp
sp1,9935,1,,3,5,1990-06-15,"","",tree,all,0.0381571271145179,0.372624469424891,0.406738340860665,0.00773303781512013,0.0620795782771553,-0.0203753924797626,1.4564596855136,1.07130403370132,25.9999,0.0638624477390889,-0.5,0,5,3.51132224183,0,dp,2,1,2,1,0.954551058165942,2,0.0454489418340584,0.184890338457602,0.954551058165942,0.0454489418340584,2,,1,,FALSE,1,FALSE,15,confident,20260507_145347_unknown_allT_DP_MB_ME_g5_sm0p5_kg0_ks0_rcpp
sp1,9935,1,,5,7.5,2000-03-10,"","",tree,all,0.0381571271145179,0.372624469424891,0.406738340860665,0.00773303781512013,0.0620795782771553,-0.0203753924797626,1.4564596855136,1.07130403370132,25.9999,0.0638624477390889,-0.5,0,5,3.51132224183,0,dp,2,1,2,1,0.978134654194353,2,0.0218653458056472,0.105212524590158,0.978134654194353,0.0218653458056472,3,,1,,FALSE,1,FALSE,15,confident,20260507_145347_unknown_allT_DP_MB_ME_g5_sm0p5_kg0_ks0_rcpp
sp1,9935,1,1,7,10,2010-05-01,"","",tree,all,0.0381571271145179,0.372624469424891,0.406738340860665,0.00773303781512013,0.0620795782771553,-0.0203753924797626,1.4564596855136,1.07130403370132,25.9999,0.0638624477390889,-0.5,0,5,3.51132224183,0,given,2,1,2,1,1,2,0,0,1,0,4,,1,,FALSE,1,FALSE,15,confident,20260507_145347_unknown_allT_DP_MB_ME_g5_sm0p5_kg0_ks0_rcpp
sp1,9936,1,,5,3,2000-03-10,"","",tree,all,0.0381571271145179,0.372624469424891,0.406738340860665,0.00773303781512013,0.0620795782771553,-0.0203753924797626,1.4564596855136,1.07130403370132,25.9999,0.0638624477390889,-0.5,0,5,3.51132224183,0,dp,2,5,2,1,0.930760717776401,2,0.0692392822235992,0.251666746749561,0.930760717776401,0.0692392822235992,1,,1,,FALSE,1,FALSE,15,ambiguous,20260507_145347_unknown_allT_DP_MB_ME_g5_sm0p5_kg0_ks0_rcpp
sp1,9936,1,,7,,2010-05-01,"","",tree,all,0.0381571271145179,0.372624469424891,0.406738340860665,0.00773303781512013,0.0620795782771553,-0.0203753924797626,1.4564596855136,1.07130403370132,25.9999,0.0638624477390889,-0.5,0,5,3.51132224183,0,dp_mf_inferred,,,,,,,,,,,2,,1,,FALSE,1,FALSE,15,,20260507_145347_unknown_allT_DP_MB_ME_g5_sm0p5_kg0_ks0_rcpp
sp1,9936,1,1,8,6,2015-06-10,"","",tree,all,0.0381571271145179,0.372624469424891,0.406738340860665,0.00773303781512013,0.0620795782771553,-0.0203753924797626,1.4564596855136,1.07130403370132,25.9999,0.0638624477390889,-0.5,0,5,3.51132224183,0,given,2,5,2,1,1,2,0,0,1,0,3,,1,,FALSE,1,FALSE,15,confident,20260507_145347_unknown_allT_DP_MB_ME_g5_sm0p5_kg0_ks0_rcpp
sp1,9936,1,1,9,7.5,2022-03-15,"","",tree,all,0.0381571271145179,0.372624469424891,0.406738340860665,0.00773303781512013,0.0620795782771553,-0.0203753924797626,1.4564596855136,1.07130403370132,25.9999,0.0638624477390889,-0.5,0,5,3.51132224183,0,given,,,,,,,,,,,4,,1,,FALSE,1,FALSE,15,,20260507_145347_unknown_allT_DP_MB_ME_g5_sm0p5_kg0_ks0_rcpp
sp2,9937,1,,7,,2010-05-01,"","",tree,all,0.0381571271145179,0.372624469424891,0.406738340860665,0.00773303781512013,0.0620795782771553,-0.0203753924797626,1.4564596855136,1.07130403370132,25.9999,0.0638624477390889,-0.5,0,5,3.51132224183,0,given_orphan,6,8,3,,,,,,,,1,,1,,FALSE,,FALSE,15,,20260507_145347_unknown_allT_DP_MB_ME_g5_sm0p5_kg0_ks0_rcpp
sp2,9937,1,1,8,10,2015-06-10,"","",tree,all,0.0381571271145179,0.372624469424891,0.406738340860665,0.00773303781512013,0.0620795782771553,-0.0203753924797626,1.4564596855136,1.07130403370132,25.9999,0.0638624477390889,-0.5,0,5,3.51132224183,0,given,6,8,3,1,1,2,0,0,1,0,3,,1,,FALSE,1,FALSE,15,confident,20260507_145347_unknown_allT_DP_MB_ME_g5_sm0p5_kg0_ks0_rcpp
sp2,9937,1,1,9,11.5,2022-03-15,"","",tree,all,0.0381571271145179,0.372624469424891,0.406738340860665,0.00773303781512013,0.0620795782771553,-0.0203753924797626,1.4564596855136,1.07130403370132,25.9999,0.0638624477390889,-0.5,0,5,3.51132224183,0,given,,,,,,,,,,,5,,1,,FALSE,1,FALSE,15,,20260507_145347_unknown_allT_DP_MB_ME_g5_sm0p5_kg0_ks0_rcpp
sp2,9937,2,,7,,2010-05-01,"","",tree,all,0.0381571271145179,0.372624469424891,0.406738340860665,0.00773303781512013,0.0620795782771553,-0.0203753924797626,1.4564596855136,1.07130403370132,25.9999,0.0638624477390889,-0.5,0,5,3.51132224183,0,given_orphan,6,8,3,,,,,,,,2,,2,,FALSE,,FALSE,15,,20260507_145347_unknown_allT_DP_MB_ME_g5_sm0p5_kg0_ks0_rcpp
sp2,9937,2,2,8,3,2015-06-10,"","",tree,all,0.0381571271145179,0.372624469424891,0.406738340860665,0.00773303781512013,0.0620795782771553,-0.0203753924797626,1.4564596855136,1.07130403370132,25.9999,0.0638624477390889,-0.5,0,5,3.51132224183,0,given,6,8,3,2,1,1,0,0,1,0,4,,2,,FALSE,2,FALSE,15,confident,20260507_145347_unknown_allT_DP_MB_ME_g5_sm0p5_kg0_ks0_rcpp
sp2,9937,2,2,9,4.5,2022-03-15,"","",tree,all,0.0381571271145179,0.372624469424891,0.406738340860665,0.00773303781512013,0.0620795782771553,-0.0203753924797626,1.4564596855136,1.07130403370132,25.9999,0.0638624477390889,-0.5,0,5,3.51132224183,0,given,,,,,,,,,,,6,,2,,FALSE,2,FALSE,15,,20260507_145347_unknown_allT_DP_MB_ME_g5_sm0p5_kg0_ks0_rcpp
sp2,9938,1,,5,5,2000-03-10,"","",tree,all,0.0381571271145179,0.372624469424891,0.406738340860665,0.00773303781512013,0.0620795782771553,-0.0203753924797626,1.4564596855136,1.07130403370132,25.9999,0.0638624477390889,-0.5,0,5,3.51132224183,0,dp,24,5,4,1,0.52277517704296,2,0.345160670984246,1.03068066581643,0.52277517704296,0.020544821239834,1,,1,,FALSE,1,FALSE,15,ambiguous,20260507_145347_unknown_allT_DP_MB_ME_g5_sm0p5_kg0_ks0_rcpp
sp2,9938,1,1,7,7,2010-05-01,"","",tree,all,0.0381571271145179,0.372624469424891,0.406738340860665,0.00773303781512013,0.0620795782771553,-0.0203753924797626,1.4564596855136,1.07130403370132,25.9999,0.0638624477390889,-0.5,0,5,3.51132224183,0,given,24,5,4,1,1,2,0,0,1,0,4,,1,,FALSE,1,FALSE,15,confident,20260507_145347_unknown_allT_DP_MB_ME_g5_sm0p5_kg0_ks0_rcpp
sp2,9938,2,,5,8,2000-03-10,"","",tree,all,0.0381571271145179,0.372624469424891,0.406738340860665,0.00773303781512013,0.0620795782771553,-0.0203753924797626,1.4564596855136,1.07130403370132,25.9999,0.0638624477390889,-0.5,0,5,3.51132224183,0,dp,24,5,4,2,0.395665730819416,3,0.322839449425115,1.20585582426819,0.395665730819416,0.0411798300424397,2,,2,,FALSE,2,FALSE,15,ambiguous,20260507_145347_unknown_allT_DP_MB_ME_g5_sm0p5_kg0_ks0_rcpp
sp2,9938,2,2,7,10,2010-05-01,"","",tree,all,0.0381571271145179,0.372624469424891,0.406738340860665,0.00773303781512013,0.0620795782771553,-0.0203753924797626,1.4564596855136,1.07130403370132,25.9999,0.0638624477390889,-0.5,0,5,3.51132224183,0,given,24,5,4,2,1,1,0,0,1,0,5,,2,,FALSE,2,FALSE,15,confident,20260507_145347_unknown_allT_DP_MB_ME_g5_sm0p5_kg0_ks0_rcpp
sp2,9938,3,,5,12,2000-03-10,"","",tree,all,0.0381571271145179,0.372624469424891,0.406738340860665,0.00773303781512013,0.0620795782771553,-0.0203753924797626,1.4564596855136,1.07130403370132,25.9999,0.0638624477390889,-0.5,0,5,3.51132224183,0,dp,24,5,4,3,0.553178596326565,2,0.214467815955114,1.15356952454506,0.553178596326565,0.13851288141745,3,,3,,FALSE,3,FALSE,15,ambiguous,20260507_145347_unknown_allT_DP_MB_ME_g5_sm0p5_kg0_ks0_rcpp
sp2,9938,3,3,7,14,2010-05-01,"","",tree,all,0.0381571271145179,0.372624469424891,0.406738340860665,0.00773303781512013,0.0620795782771553,-0.0203753924797626,1.4564596855136,1.07130403370132,25.9999,0.0638624477390889,-0.5,0,5,3.51132224183,0,given,24,5,4,3,1,1,0,0,1,0,6,,3,,FALSE,3,FALSE,15,confident,20260507_145347_unknown_allT_DP_MB_ME_g5_sm0p5_kg0_ks0_rcpp
sp1,9939,1,,1,,1980-01-01,"","",tree,all,0.0381571271145179,0.372624469424891,0.406738340860665,0.00773303781512013,0.0620795782771553,-0.0203753924797626,1.4564596855136,1.07130403370132,25.9999,0.0638624477390889,-0.5,0,5,3.51132224183,0,given_orphan,,,,,,,,,,,,,1,,,,,15,,20260507_145347_unknown_allT_DP_MB_ME_g5_sm0p5_kg0_ks0_rcpp
sp1,9939,1,,3,,1990-06-15,"","",tree,all,0.0381571271145179,0.372624469424891,0.406738340860665,0.00773303781512013,0.0620795782771553,-0.0203753924797626,1.4564596855136,1.07130403370132,25.9999,0.0638624477390889,-0.5,0,5,3.51132224183,0,given_orphan,,,,,,,,,,,,,1,,,,,15,,20260507_145347_unknown_allT_DP_MB_ME_g5_sm0p5_kg0_ks0_rcpp
sp1,9939,1,,5,,2000-03-10,"","",tree,all,0.0381571271145179,0.372624469424891,0.406738340860665,0.00773303781512013,0.0620795782771553,-0.0203753924797626,1.4564596855136,1.07130403370132,25.9999,0.0638624477390889,-0.5,0,5,3.51132224183,0,given_orphan,,,,,,,,,,,,,1,,,,,15,,20260507_145347_unknown_allT_DP_MB_ME_g5_sm0p5_kg0_ks0_rcpp
sp1,9940,1,,7,,2010-05-01,"","",tree,all,0.0381571271145179,0.372624469424891,0.406738340860665,0.00773303781512013,0.0620795782771553,-0.0203753924797626,1.4564596855136,1.07130403370132,25.9999,0.0638624477390889,-0.5,0,5,3.51132224183,0,given_orphan,,,,,,,,,,,,,1,,,,,15,,20260507_145347_unknown_allT_DP_MB_ME_g5_sm0p5_kg0_ks0_rcpp
sp1,9941,1,,6,8,2004-07-29,"","",tree,all,0.0381571271145179,0.372624469424891,0.406738340860665,0.00773303781512013,0.0620795782771553,-0.0203753924797626,1.4564596855136,1.07130403370132,25.9999,0.0638624477390889,-0.5,0,5,3.51132224183,0,dp,2,6,2,1,0.994192120962901,2,0.00580787903709877,0.0356930771034462,0.994192120962901,0.00580787903709877,1,,1,,FALSE,1,FALSE,15,confident,20260507_145347_unknown_allT_DP_MB_ME_g5_sm0p5_kg0_ks0_rcpp
sp1,9941,1,1,7,9.5,2009-08-15,"","",tree,all,0.0381571271145179,0.372624469424891,0.406738340860665,0.00773303781512013,0.0620795782771553,-0.0203753924797626,1.4564596855136,1.07130403370132,25.9999,0.0638624477390889,-0.5,0,5,3.51132224183,0,given,2,6,2,1,1,2,0,0,1,0,2,,1,,FALSE,1,FALSE,15,confident,20260507_145347_unknown_allT_DP_MB_ME_g5_sm0p5_kg0_ks0_rcpp
sp2,9942,1,,5,3,2000-03-10,"","",tree,all,0.0381571271145179,0.372624469424891,0.406738340860665,0.00773303781512013,0.0620795782771553,-0.0203753924797626,1.4564596855136,1.07130403370132,25.9999,0.0638624477390889,-0.5,0,5,3.51132224183,0,dp,6,7,3,1,0.87362029732592,2,0.110733353858837,0.426767482280307,0.87362029732592,0.0156463488152433,1,,1,,FALSE,1,FALSE,16,ambiguous,20260507_145347_unknown_allT_DP_MB_ME_g5_sm0p5_kg0_ks0_rcpp
sp2,9942,1,1,7,8,2010-05-01,"","",tree,all,0.0381571271145179,0.372624469424891,0.406738340860665,0.00773303781512013,0.0620795782771553,-0.0203753924797626,1.4564596855136,1.07130403370132,25.9999,0.0638624477390889,-0.5,0,5,3.51132224183,0,given,6,7,3,1,1,2,0,0,1,0,2,,1,,FALSE,1,FALSE,16,confident,20260507_145347_unknown_allT_DP_MB_ME_g5_sm0p5_kg0_ks0_rcpp
sp2,9942,1,1,8,9,2015-06-10,"","",tree,all,0.0381571271145179,0.372624469424891,0.406738340860665,0.00773303781512013,0.0620795782771553,-0.0203753924797626,1.4564596855136,1.07130403370132,25.9999,0.0638624477390889,-0.5,0,5,3.51132224183,0,given,,,,,,,,,,,4,,1,,FALSE,1,FALSE,16,,20260507_145347_unknown_allT_DP_MB_ME_g5_sm0p5_kg0_ks0_rcpp
sp2,9942,1,1,9,10,2022-03-15,"","",tree,all,0.0381571271145179,0.372624469424891,0.406738340860665,0.00773303781512013,0.0620795782771553,-0.0203753924797626,1.4564596855136,1.07130403370132,25.9999,0.0638624477390889,-0.5,0,5,3.51132224183,0,given,,,,,,,,,,,6,,1,,FALSE,1,FALSE,16,,20260507_145347_unknown_allT_DP_MB_ME_g5_sm0p5_kg0_ks0_rcpp
sp2,9942,2,2,7,2,2010-05-01,"","",tree,all,0.0381571271145179,0.372624469424891,0.406738340860665,0.00773303781512013,0.0620795782771553,-0.0203753924797626,1.4564596855136,1.07130403370132,25.9999,0.0638624477390889,-0.5,0,5,3.51132224183,0,given,6,7,3,2,1,1,0,0,1,0,3,,2,,FALSE,2,FALSE,16,confident,20260507_145347_unknown_allT_DP_MB_ME_g5_sm0p5_kg0_ks0_rcpp
sp2,9942,2,2,8,3.5,2015-06-10,"","",tree,all,0.0381571271145179,0.372624469424891,0.406738340860665,0.00773303781512013,0.0620795782771553,-0.0203753924797626,1.4564596855136,1.07130403370132,25.9999,0.0638624477390889,-0.5,0,5,3.51132224183,0,given,,,,,,,,,,,5,,2,,FALSE,2,FALSE,16,,20260507_145347_unknown_allT_DP_MB_ME_g5_sm0p5_kg0_ks0_rcpp
sp2,9942,2,2,9,4,2022-03-15,"","",tree,all,0.0381571271145179,0.372624469424891,0.406738340860665,0.00773303781512013,0.0620795782771553,-0.0203753924797626,1.4564596855136,1.07130403370132,25.9999,0.0638624477390889,-0.5,0,5,3.51132224183,0,given,,,,,,,,,,,7,,2,,FALSE,2,FALSE,16,,20260507_145347_unknown_allT_DP_MB_ME_g5_sm0p5_kg0_ks0_rcpp
sp1,9943,1,,7,,2010-05-01,"","",tree,all,0.0381571271145179,0.372624469424891,0.406738340860665,0.00773303781512013,0.0620795782771553,-0.0203753924797626,1.4564596855136,1.07130403370132,25.9999,0.0638624477390889,-0.5,0,5,3.51132224183,0,given_orphan,2,8,2,,,,,,,,1,,1,,FALSE,,FALSE,16,,20260507_145347_unknown_allT_DP_MB_ME_g5_sm0p5_kg0_ks0_rcpp
sp1,9943,1,,8,6,2015-06-10,"","",tree,all,0.0381571271145179,0.372624469424891,0.406738340860665,0.00773303781512013,0.0620795782771553,-0.0203753924797626,1.4564596855136,1.07130403370132,25.9999,0.0638624477390889,-0.5,0,5,3.51132224183,0,dp,2,8,2,1,0.985357187816062,2,0.014642812183938,0.0763834726429726,0.985357187816062,0.014642812183938,2,,1,,FALSE,1,FALSE,16,confident,20260507_145347_unknown_allT_DP_MB_ME_g5_sm0p5_kg0_ks0_rcpp
sp1,9943,1,1,9,7.5,2022-03-15,"","",tree,all,0.0381571271145179,0.372624469424891,0.406738340860665,0.00773303781512013,0.0620795782771553,-0.0203753924797626,1.4564596855136,1.07130403370132,25.9999,0.0638624477390889,-0.5,0,5,3.51132224183,0,given,2,8,2,1,1,2,0,0,1,0,3,,1,,FALSE,1,FALSE,16,confident,20260507_145347_unknown_allT_DP_MB_ME_g5_sm0p5_kg0_ks0_rcpp
sp1,9944,1,,5,4,2000-03-10,"","",tree,all,0.0381571271145179,0.372624469424891,0.406738340860665,0.00773303781512013,0.0620795782771553,-0.0203753924797626,1.4564596855136,1.07130403370132,25.9999,0.0638624477390889,-0.5,0,5,3.51132224183,0,dp,2,5,2,1,0.87934186115097,2,0.12065813884903,0.368234239312898,0.87934186115097,0.12065813884903,1,,1,,FALSE,1,FALSE,16,ambiguous,20260507_145347_unknown_allT_DP_MB_ME_g5_sm0p5_kg0_ks0_rcpp
sp1,9944,1,,7,,2010-05-01,"","",tree,all,0.0381571271145179,0.372624469424891,0.406738340860665,0.00773303781512013,0.0620795782771553,-0.0203753924797626,1.4564596855136,1.07130403370132,25.9999,0.0638624477390889,-0.5,0,5,3.51132224183,0,dp_mf_inferred,,,,,,,,,,,2,,1,,FALSE,1,FALSE,16,,20260507_145347_unknown_allT_DP_MB_ME_g5_sm0p5_kg0_ks0_rcpp
sp1,9944,1,,8,,2015-06-10,"","",tree,all,0.0381571271145179,0.372624469424891,0.406738340860665,0.00773303781512013,0.0620795782771553,-0.0203753924797626,1.4564596855136,1.07130403370132,25.9999,0.0638624477390889,-0.5,0,5,3.51132224183,0,dp_mf_inferred,,,,,,,,,,,3,,1,,FALSE,1,FALSE,16,,20260507_145347_unknown_allT_DP_MB_ME_g5_sm0p5_kg0_ks0_rcpp
sp1,9944,1,1,9,8,2022-03-15,"","",tree,all,0.0381571271145179,0.372624469424891,0.406738340860665,0.00773303781512013,0.0620795782771553,-0.0203753924797626,1.4564596855136,1.07130403370132,25.9999,0.0638624477390889,-0.5,0,5,3.51132224183,0,given,2,5,2,1,1,2,0,0,1,0,4,,1,,FALSE,1,FALSE,16,confident,20260507_145347_unknown_allT_DP_MB_ME_g5_sm0p5_kg0_ks0_rcpp
sp1,9945,1,1,7,10,2010-05-01,"","",tree,all,0.0381571271145179,0.372624469424891,0.406738340860665,0.00773303781512013,0.0620795782771553,-0.0203753924797626,1.4564596855136,1.07130403370132,25.9999,0.0638624477390889,-0.5,0,5,3.51132224183,0,given,2,7,2,1,1,2,0,0,1,0,1,,1,,FALSE,1,FALSE,16,confident,20260507_145347_unknown_allT_DP_MB_ME_g5_sm0p5_kg0_ks0_rcpp
sp1,9945,1,1,8,11,2015-06-10,"","",tree,all,0.0381571271145179,0.372624469424891,0.406738340860665,0.00773303781512013,0.0620795782771553,-0.0203753924797626,1.4564596855136,1.07130403370132,25.9999,0.0638624477390889,-0.5,0,5,3.51132224183,0,given,,,,,,,,,,,2,,1,,FALSE,1,FALSE,16,,20260507_145347_unknown_allT_DP_MB_ME_g5_sm0p5_kg0_ks0_rcpp
sp1,9945,1,1,9,12,2022-03-15,"","",tree,all,0.0381571271145179,0.372624469424891,0.406738340860665,0.00773303781512013,0.0620795782771553,-0.0203753924797626,1.4564596855136,1.07130403370132,25.9999,0.0638624477390889,-0.5,0,5,3.51132224183,0,given,,,,,,,,,,,3,,1,,FALSE,1,FALSE,16,,20260507_145347_unknown_allT_DP_MB_ME_g5_sm0p5_kg0_ks0_rcpp
sp1,9945,2,2,9,3,2022-03-15,"","",tree,all,0.0381571271145179,0.372624469424891,0.406738340860665,0.00773303781512013,0.0620795782771553,-0.0203753924797626,1.4564596855136,1.07130403370132,25.9999,0.0638624477390889,-0.5,0,5,3.51132224183,0,given,,,,,,,,,,,4,,2,,FALSE,2,FALSE,16,,20260507_145347_unknown_allT_DP_MB_ME_g5_sm0p5_kg0_ks0_rcpp
sp1,11099,9173,,1,25,1981-04-04,"",alive,tree,all,0.0381571271145179,0.372624469424891,0.406738340860665,0.00773303781512013,0.0620795782771553,-0.0203753924797626,1.4564596855136,1.07130403370132,25.9999,0.0638624477390889,-0.5,0,5,3.51132224183,0,dp,1,1,1,9173,1,,,0,1,0,1,,9173,,FALSE,9173,FALSE,16,confident,20260507_145347_unknown_allT_DP_MB_ME_g5_sm0p5_kg0_ks0_rcpp
sp1,11099,9173,9173,2,30,1985-09-12,"",alive,tree,all,0.0381571271145179,0.372624469424891,0.406738340860665,0.00773303781512013,0.0620795782771553,-0.0203753924797626,1.4564596855136,1.07130403370132,25.9999,0.0638624477390889,-0.5,0,5,3.51132224183,0,given,1,1,1,9173,1,,,0,1,0,2,,9173,,FALSE,9173,FALSE,16,confident,20260507_145347_unknown_allT_DP_MB_ME_g5_sm0p5_kg0_ks0_rcpp
sp1,11099,491932,,3,,1990-12-18,R,broken below,tree,all,0.0381571271145179,0.372624469424891,0.406738340860665,0.00773303781512013,0.0620795782771553,-0.0203753924797626,1.4564596855136,1.07130403370132,25.9999,0.0638624477390889,-0.5,0,5,3.51132224183,0,given,1,1,1,,,,,,,,3,,9173,,FALSE,9173,FALSE,16,,20260507_145347_unknown_allT_DP_MB_ME_g5_sm0p5_kg0_ks0_rcpp
sp1,11099,491932,,4,,1995-09-14,R,broken below,tree,all,0.0381571271145179,0.372624469424891,0.406738340860665,0.00773303781512013,0.0620795782771553,-0.0203753924797626,1.4564596855136,1.07130403370132,25.9999,0.0638624477390889,-0.5,0,5,3.51132224183,0,given,1,1,1,,,,,,,,4,,9173,,FALSE,9173,FALSE,16,,20260507_145347_unknown_allT_DP_MB_ME_g5_sm0p5_kg0_ks0_rcpp
sp1,11099,491932,,5,,2000-09-07,OR,broken below,tree,all,0.0381571271145179,0.372624469424891,0.406738340860665,0.00773303781512013,0.0620795782771553,-0.0203753924797626,1.4564596855136,1.07130403370132,25.9999,0.0638624477390889,-0.5,0,5,3.51132224183,0,given,1,1,1,,,,,,,,5,,9173,,FALSE,9173,FALSE,16,,20260507_145347_unknown_allT_DP_MB_ME_g5_sm0p5_kg0_ks0_rcpp
sp1,11099,491932,,6,,2005-09-28,OR,broken below,tree,all,0.0381571271145179,0.372624469424891,0.406738340860665,0.00773303781512013,0.0620795782771553,-0.0203753924797626,1.4564596855136,1.07130403370132,25.9999,0.0638624477390889,-0.5,0,5,3.51132224183,0,given,1,1,1,,,,,,,,6,,9173,,FALSE,9173,FALSE,16,,20260507_145347_unknown_allT_DP_MB_ME_g5_sm0p5_kg0_ks0_rcpp
sp1,11099,491932,,7,,2010-08-17,OR,broken below,tree,all,0.0381571271145179,0.372624469424891,0.406738340860665,0.00773303781512013,0.0620795782771553,-0.0203753924797626,1.4564596855136,1.07130403370132,25.9999,0.0638624477390889,-0.5,0,5,3.51132224183,0,given,1,1,1,,,,,,,,7,,9173,,FALSE,9173,FALSE,16,,20260507_145347_unknown_allT_DP_MB_ME_g5_sm0p5_kg0_ks0_rcpp
sp1,11099,491932,,8,,2015-11-26,OR,broken below,tree,all,0.0381571271145179,0.372624469424891,0.406738340860665,0.00773303781512013,0.0620795782771553,-0.0203753924797626,1.4564596855136,1.07130403370132,25.9999,0.0638624477390889,-0.5,0,5,3.51132224183,0,given,1,1,1,,,,,,,,8,,9173,,FALSE,9173,FALSE,16,,20260507_145347_unknown_allT_DP_MB_ME_g5_sm0p5_kg0_ks0_rcpp
sp1,11099,491932,,9,,2023-06-01,OR,broken below,tree,all,0.0381571271145179,0.372624469424891,0.406738340860665,0.00773303781512013,0.0620795782771553,-0.0203753924797626,1.4564596855136,1.07130403370132,25.9999,0.0638624477390889,-0.5,0,5,3.51132224183,0,given,1,1,1,,,,,,,,9,,9173,,FALSE,9173,FALSE,16,,20260507_145347_unknown_allT_DP_MB_ME_g5_sm0p5_kg0_ks0_rcpp
sp1,11180,9251,,1,30,1981-04-04,"",alive,tree,all,0.0381571271145179,0.372624469424891,0.406738340860665,0.00773303781512013,0.0620795782771553,-0.0203753924797626,1.4564596855136,1.07130403370132,25.9999,0.0638624477390889,-0.5,0,5,3.51132224183,0,dp,6,3,3,491944,1,620130,0,0,1,0,1,,491944,,FALSE,491944,FALSE,16,confident,20260507_145347_unknown_allT_DP_MB_ME_g5_sm0p5_kg0_ks0_rcpp
sp1,11180,9251,,2,35,1985-09-12,"",alive,tree,all,0.0381571271145179,0.372624469424891,0.406738340860665,0.00773303781512013,0.0620795782771553,-0.0203753924797626,1.4564596855136,1.07130403370132,25.9999,0.0638624477390889,-0.5,0,5,3.51132224183,0,dp,6,3,3,491944,1,620130,0,0,1,0,2,,491944,,FALSE,491944,FALSE,16,confident,20260507_145347_unknown_allT_DP_MB_ME_g5_sm0p5_kg0_ks0_rcpp
sp1,11180,491944,491944,3,33,1990-12-18,M,alive,tree,all,0.0381571271145179,0.372624469424891,0.406738340860665,0.00773303781512013,0.0620795782771553,-0.0203753924797626,1.4564596855136,1.07130403370132,25.9999,0.0638624477390889,-0.5,0,5,3.51132224183,0,given,6,3,3,491944,1,620130,0,0,1,0,3,,491944,,FALSE,491944,FALSE,16,confident,20260507_145347_unknown_allT_DP_MB_ME_g5_sm0p5_kg0_ks0_rcpp
sp1,11180,491944,491944,4,,1995-09-14,D;S,dead,tree,all,0.0381571271145179,0.372624469424891,0.406738340860665,0.00773303781512013,0.0620795782771553,-0.0203753924797626,1.4564596855136,1.07130403370132,25.9999,0.0638624477390889,-0.5,0,5,3.51132224183,0,given,6,3,3,,,,,,,,5,,491944,,FALSE,491944,FALSE,16,,20260507_145347_unknown_allT_DP_MB_ME_g5_sm0p5_kg0_ks0_rcpp
sp1,11180,620130,620130,3,23,1990-12-18,"",alive,tree,all,0.0381571271145179,0.372624469424891,0.406738340860665,0.00773303781512013,0.0620795782771553,-0.0203753924797626,1.4564596855136,1.07130403370132,25.9999,0.0638624477390889,-0.5,0,5,3.51132224183,0,given,6,3,3,620130,1,491944,0,0,1,0,4,,620130,,FALSE,620130,FALSE,16,confident,20260507_145347_unknown_allT_DP_MB_ME_g5_sm0p5_kg0_ks0_rcpp
sp1,31364,26232,,1,4.5,1981-05-04,"","",tree,all,0.0381571271145179,0.372624469424891,0.406738340860665,0.00773303781512013,0.0620795782771553,-0.0203753924797626,1.4564596855136,1.07130403370132,25.9999,0.0638624477390889,-0.5,0,5,3.51132224183,0,dp,6,1,3,962325,0.50403957862264,962323,0.49596042137736,0.693114543813994,0.50403957862264,0.50403957862264,1,,962325,,FALSE,962325,FALSE,16,unlinked-likely,20260507_145347_unknown_allT_DP_MB_ME_g5_sm0p5_kg0_ks0_rcpp
sp1,31364,497233,,1,1.5,1981-05-04,"","",tree,all,0.0381571271145179,0.372624469424891,0.406738340860665,0.00773303781512013,0.0620795782771553,-0.0203753924797626,1.4564596855136,1.07130403370132,25.9999,0.0638624477390889,-0.5,0,5,3.51132224183,0,dp,6,1,3,962323,0.50403957862264,962325,0.49596042137736,0.693114543813994,0.50403957862264,0.49596042137736,2,,962323,,FALSE,962323,FALSE,16,ambiguous,20260507_145347_unknown_allT_DP_MB_ME_g5_sm0p5_kg0_ks0_rcpp
sp1,31364,623343,,2,5.1,1985-07-12,"","",tree,all,0.0381571271145179,0.372624469424891,0.406738340860665,0.00773303781512013,0.0620795782771553,-0.0203753924797626,1.4564596855136,1.07130403370132,25.9999,0.0638624477390889,-0.5,0,5,3.51132224183,0,dp,6,1,3,962325,0.504606281335695,962323,0.495393718664305,0.693104744304176,0.504606281335695,0.504606281335695,3,,962325,,FALSE,962325,FALSE,16,unlinked-likely,20260507_145347_unknown_allT_DP_MB_ME_g5_sm0p5_kg0_ks0_rcpp
sp1,31364,698622,,2,3,1985-07-12,"","",tree,all,0.0381571271145179,0.372624469424891,0.406738340860665,0.00773303781512013,0.0620795782771553,-0.0203753924797626,1.4564596855136,1.07130403370132,25.9999,0.0638624477390889,-0.5,0,5,3.51132224183,0,dp,6,1,3,962323,0.504606281335695,962325,0.495393718664305,0.693104744304176,0.504606281335695,0.495393718664305,4,,962323,,FALSE,962323,FALSE,16,ambiguous,20260507_145347_unknown_allT_DP_MB_ME_g5_sm0p5_kg0_ks0_rcpp
sp1,31364,757565,,3,5.2,1990-11-16,"","",tree,all,0.0381571271145179,0.372624469424891,0.406738340860665,0.00773303781512013,0.0620795782771553,-0.0203753924797626,1.4564596855136,1.07130403370132,25.9999,0.0638624477390889,-0.5,0,5,3.51132224183,0,dp,6,1,3,962325,0.513728597015688,962323,0.486271402984312,0.692770184430165,0.513728597015688,0.513728597015688,5,,962325,,FALSE,962325,FALSE,16,unlinked-likely,20260507_145347_unknown_allT_DP_MB_ME_g5_sm0p5_kg0_ks0_rcpp
sp1,31364,804157,,3,3.7,1990-11-16,"","",tree,all,0.0381571271145179,0.372624469424891,0.406738340860665,0.00773303781512013,0.0620795782771553,-0.0203753924797626,1.4564596855136,1.07130403370132,25.9999,0.0638624477390889,-0.5,0,5,3.51132224183,0,dp,6,1,3,962323,0.513728597015688,962325,0.486271402984312,0.692770184430165,0.513728597015688,0.486271402984312,6,,962323,,FALSE,962323,FALSE,16,ambiguous,20260507_145347_unknown_allT_DP_MB_ME_g5_sm0p5_kg0_ks0_rcpp
sp1,31364,841234,,4,5.3,1995-09-11,"","",tree,all,0.0381571271145179,0.372624469424891,0.406738340860665,0.00773303781512013,0.0620795782771553,-0.0203753924797626,1.4564596855136,1.07130403370132,25.9999,0.0638624477390889,-0.5,0,5,3.51132224183,0,dp,6,1,3,962325,0.619390042021645,962323,0.380609957978355,0.664361940996094,0.619390042021645,0.619390042021645,7,,962325,,FALSE,962325,FALSE,16,unlinked-likely,20260507_145347_unknown_allT_DP_MB_ME_g5_sm0p5_kg0_ks0_rcpp
sp1,31364,870659,,4,4.7,1995-09-11,"","",tree,all,0.0381571271145179,0.372624469424891,0.406738340860665,0.00773303781512013,0.0620795782771553,-0.0203753924797626,1.4564596855136,1.07130403370132,25.9999,0.0638624477390889,-0.5,0,5,3.51132224183,0,dp,6,1,3,962323,0.619390042021645,962325,0.380609957978355,0.664361940996094,0.619390042021645,0.380609957978355,8,,962323,,FALSE,962323,FALSE,16,ambiguous,20260507_145347_unknown_allT_DP_MB_ME_g5_sm0p5_kg0_ks0_rcpp
sp1,31364,894441,,5,4.8,2000-09-12,R;M,"",tree,all,0.0381571271145179,0.372624469424891,0.406738340860665,0.00773303781512013,0.0620795782771553,-0.0203753924797626,1.4564596855136,1.07130403370132,25.9999,0.0638624477390889,-0.5,0,5,3.51132224183,0,provisional_dp,6,1,3,962323,1,962324,0,0,1,0,9,,962323,FALSE,FALSE,962323,FALSE,16,confident,20260507_145347_unknown_allT_DP_MB_ME_g5_sm0p5_kg0_ks0_rcpp
sp1,31364,914318,,5,1.5,2000-09-12,"","",tree,all,0.0381571271145179,0.372624469424891,0.406738340860665,0.00773303781512013,0.0620795782771553,-0.0203753924797626,1.4564596855136,1.07130403370132,25.9999,0.0638624477390889,-0.5,0,5,3.51132224183,0,provisional_dp,6,1,3,962324,1,962323,0,0,1,0,10,,962324,FALSE,FALSE,962324,FALSE,16,confident,20260507_145347_unknown_allT_DP_MB_ME_g5_sm0p5_kg0_ks0_rcpp
sp1,31364,930303,,6,4.9,2005-09-01,"","",tree,all,0.0381571271145179,0.372624469424891,0.406738340860665,0.00773303781512013,0.0620795782771553,-0.0203753924797626,1.4564596855136,1.07130403370132,25.9999,0.0638624477390889,-0.5,0,5,3.51132224183,0,dp,6,6,3,953862,0.632296333343186,962322,0.367703666656814,0.657722212844438,0.632296333343186,0,11,,953862,,FALSE,953862,FALSE,16,ambiguous,20260507_145347_unknown_allT_DP_MB_ME_g5_sm0p5_kg0_ks0_rcpp
sp1,31364,943590,,6,3.1,2005-09-01,"","",tree,all,0.0381571271145179,0.372624469424891,0.406738340860665,0.00773303781512013,0.0620795782771553,-0.0203753924797626,1.4564596855136,1.07130403370132,25.9999,0.0638624477390889,-0.5,0,5,3.51132224183,0,dp,6,6,3,962322,0.632296333343186,953862,0.367703666656814,0.657722212844438,0.632296333343186,0,12,,962322,,FALSE,962322,FALSE,16,ambiguous,20260507_145347_unknown_allT_DP_MB_ME_g5_sm0p5_kg0_ks0_rcpp
sp1,31364,953862,953862,7,4.9,2010-08-21,"","",tree,all,0.0381571271145179,0.372624469424891,0.406738340860665,0.00773303781512013,0.0620795782771553,-0.0203753924797626,1.4564596855136,1.07130403370132,25.9999,0.0638624477390889,-0.5,0,5,3.51132224183,0,given,6,6,3,953862,1,962322,0,0,1,0,13,,953862,,FALSE,953862,FALSE,16,confident,20260507_145347_unknown_allT_DP_MB_ME_g5_sm0p5_kg0_ks0_rcpp
sp1,31364,953862,953862,8,4.9,2015-10-21,"","",tree,all,0.0381571271145179,0.372624469424891,0.406738340860665,0.00773303781512013,0.0620795782771553,-0.0203753924797626,1.4564596855136,1.07130403370132,25.9999,0.0638624477390889,-0.5,0,5,3.51132224183,0,given,,,,,,,,,,,15,,953862,,FALSE,953862,FALSE,16,,20260507_145347_unknown_allT_DP_MB_ME_g5_sm0p5_kg0_ks0_rcpp
sp1,31364,953862,953862,9,,2023-05-02,R,"",tree,all,0.0381571271145179,0.372624469424891,0.406738340860665,0.00773303781512013,0.0620795782771553,-0.0203753924797626,1.4564596855136,1.07130403370132,25.9999,0.0638624477390889,-0.5,0,5,3.51132224183,0,given,,,,,,,,,,,17,,953862,,FALSE,953862,FALSE,16,,20260507_145347_unknown_allT_DP_MB_ME_g5_sm0p5_kg0_ks0_rcpp
sp1,31364,962322,962322,7,3.7,2010-08-21,"","",tree,all,0.0381571271145179,0.372624469424891,0.406738340860665,0.00773303781512013,0.0620795782771553,-0.0203753924797626,1.4564596855136,1.07130403370132,25.9999,0.0638624477390889,-0.5,0,5,3.51132224183,0,given,6,6,3,962322,1,953862,0,0,1,0,14,,962322,,FALSE,962322,FALSE,16,confident,20260507_145347_unknown_allT_DP_MB_ME_g5_sm0p5_kg0_ks0_rcpp
sp1,31364,962322,962322,8,4.2,2015-10-21,"","",tree,all,0.0381571271145179,0.372624469424891,0.406738340860665,0.00773303781512013,0.0620795782771553,-0.0203753924797626,1.4564596855136,1.07130403370132,25.9999,0.0638624477390889,-0.5,0,5,3.51132224183,0,given,,,,,,,,,,,16,,962322,,FALSE,962322,FALSE,16,,20260507_145347_unknown_allT_DP_MB_ME_g5_sm0p5_kg0_ks0_rcpp
sp1,31364,962322,962322,9,5.4,2023-05-02,"","",tree,all,0.0381571271145179,0.372624469424891,0.406738340860665,0.00773303781512013,0.0620795782771553,-0.0203753924797626,1.4564596855136,1.07130403370132,25.9999,0.0638624477390889,-0.5,0,5,3.51132224183,0,given,,,,,,,,,,,18,,962322,,FALSE,962322,FALSE,16,,20260507_145347_unknown_allT_DP_MB_ME_g5_sm0p5_kg0_ks0_rcpp
sp1,40831,35106,,1,1,1981-05-23,"","",tree,all,0.0381571271145179,0.372624469424891,0.406738340860665,0.00773303781512013,0.0620795782771553,-0.0203753924797626,1.4564596855136,1.07130403370132,25.9999,0.0638624477390889,-0.5,0,5,3.51132224183,0,dp,6,3,3,914733,0.457764362795402,930640,0.455350113300089,0.928191750594091,0.457764362795402,0.0868855239045092,1,,914733,,FALSE,914733,FALSE,17,ambiguous,20260507_145347_unknown_allT_DP_MB_ME_g5_sm0p5_kg0_ks0_rcpp
sp1,40831,35106,,2,,1985-07-06,MF,"",tree,all,0.0381571271145179,0.372624469424891,0.406738340860665,0.00773303781512013,0.0620795782771553,-0.0203753924797626,1.4564596855136,1.07130403370132,25.9999,0.0638624477390889,-0.5,0,5,3.51132224183,0,dp_mf_inferred,,,,,,,,,,,2,,914733,,FALSE,914733,FALSE,17,,20260507_145347_unknown_allT_DP_MB_ME_g5_sm0p5_kg0_ks0_rcpp
sp1,40831,499935,,3,2.1,1990-09-29,"","",tree,all,0.0381571271145179,0.372624469424891,0.406738340860665,0.00773303781512013,0.0620795782771553,-0.0203753924797626,1.4564596855136,1.07130403370132,25.9999,0.0638624477390889,-0.5,0,5,3.51132224183,0,dp,6,3,3,914733,0.469185536292794,930640,0.466771282784604,0.886703219507206,0.469185536292794,0.0640431809226022,3,,914733,,FALSE,914733,FALSE,17,ambiguous,20260507_145347_unknown_allT_DP_MB_ME_g5_sm0p5_kg0_ks0_rcpp
sp1,40831,624958,,3,1.8,1990-09-29,"","",tree,all,0.0381571271145179,0.372624469424891,0.406738340860665,0.00773303781512013,0.0620795782771553,-0.0203753924797626,1.4564596855136,1.07130403370132,25.9999,0.0638624477390889,-0.5,0,5,3.51132224183,0,dp,6,3,3,914733,0.470256032696699,930640,0.467841787359095,0.882406425609339,0.467841787359095,0.0619021799442058,4,,930640,,FALSE,930640,FALSE,17,ambiguous,20260507_145347_unknown_allT_DP_MB_ME_g5_sm0p5_kg0_ks0_rcpp
sp1,40831,699955,,4,2.3,1995-08-07,"","",tree,all,0.0381571271145179,0.372624469424891,0.406738340860665,0.00773303781512013,0.0620795782771553,-0.0203753924797626,1.4564596855136,1.07130403370132,25.9999,0.0638624477390889,-0.5,0,5,3.51132224183,0,dp,6,3,3,914733,0.476323404624008,930640,0.473908826452228,0.85647860865506,0.476323404624008,0.0497677689237636,5,,914733,,FALSE,914733,FALSE,17,ambiguous,20260507_145347_unknown_allT_DP_MB_ME_g5_sm0p5_kg0_ks0_rcpp
sp1,40831,758643,,4,2.1,1995-08-07,"","",tree,all,0.0381571271145179,0.372624469424891,0.406738340860665,0.00773303781512013,0.0620795782771553,-0.0203753924797626,1.4564596855136,1.07130403370132,25.9999,0.0638624477390889,-0.5,0,5,3.51132224183,0,dp,6,3,3,914733,0.477438618022444,930640,0.475024697809095,0.851391471314929,0.475024697809095,0.0475366841684615,6,,930640,,FALSE,930640,FALSE,17,ambiguous,20260507_145347_unknown_allT_DP_MB_ME_g5_sm0p5_kg0_ks0_rcpp
sp1,40831,805019,,5,2.3,2000-08-07,"","",tree,all,0.0381571271145179,0.372624469424891,0.406738340860665,0.00773303781512013,0.0620795782771553,-0.0203753924797626,1.4564596855136,1.07130403370132,25.9999,0.0638624477390889,-0.5,0,5,3.51132224183,0,dp,6,3,3,914733,0.485103959642362,930640,0.482643540195021,0.813275264726713,0.485103959642362,0.0322525001626173,7,,914733,,FALSE,914733,FALSE,17,ambiguous,20260507_145347_unknown_allT_DP_MB_ME_g5_sm0p5_kg0_ks0_rcpp
sp1,40831,841935,,5,2.1,2000-08-07,"","",tree,all,0.0381571271145179,0.372624469424891,0.406738340860665,0.00773303781512013,0.0620795782771553,-0.0203753924797626,1.4564596855136,1.07130403370132,25.9999,0.0638624477390889,-0.5,0,5,3.51132224183,0,dp,6,3,3,914733,0.486116341235162,930640,0.483748354434635,0.807468273813717,0.483748354434635,0.0301353043302025,8,,930640,,FALSE,930640,FALSE,17,ambiguous,20260507_145347_unknown_allT_DP_MB_ME_g5_sm0p5_kg0_ks0_rcpp
sp1,40831,871240,,6,2.3,2005-08-19,"","",tree,all,0.0381571271145179,0.372624469424891,0.406738340860665,0.00773303781512013,0.0620795782771553,-0.0203753924797626,1.4564596855136,1.07130403370132,25.9999,0.0638624477390889,-0.5,0,5,3.51132224183,0,dp,6,3,3,914733,0.500542580004659,930640,0.485102494704255,0.758245015688142,0.500542580004659,0.014354925291086,9,,914733,,FALSE,914733,FALSE,17,ambiguous,20260507_145347_unknown_allT_DP_MB_ME_g5_sm0p5_kg0_ks0_rcpp
sp1,40831,894933,,6,2.2,2005-08-19,"","",tree,all,0.0381571271145179,0.372624469424891,0.406738340860665,0.00773303781512013,0.0620795782771553,-0.0203753924797626,1.4564596855136,1.07130403370132,25.9999,0.0638624477390889,-0.5,0,5,3.51132224183,0,dp,6,3,3,930640,0.49846804964406,914733,0.487844195430917,0.755933609904764,0.49846804964406,0.0136877549250228,10,,930640,,FALSE,930640,FALSE,17,ambiguous,20260507_145347_unknown_allT_DP_MB_ME_g5_sm0p5_kg0_ks0_rcpp
sp1,40831,914733,914733,7,3,2010-07-22,"","",tree,all,0.0381571271145179,0.372624469424891,0.406738340860665,0.00773303781512013,0.0620795782771553,-0.0203753924797626,1.4564596855136,1.07130403370132,25.9999,0.0638624477390889,-0.5,0,5,3.51132224183,0,given,6,3,3,914733,1,930640,0,0,1,0,11,,914733,,FALSE,914733,FALSE,17,confident,20260507_145347_unknown_allT_DP_MB_ME_g5_sm0p5_kg0_ks0_rcpp
sp1,40831,914733,914733,8,3.2,2015-10-12,"","",tree,all,0.0381571271145179,0.372624469424891,0.406738340860665,0.00773303781512013,0.0620795782771553,-0.0203753924797626,1.4564596855136,1.07130403370132,25.9999,0.0638624477390889,-0.5,0,5,3.51132224183,0,given,,,,,,,,,,,13,,914733,,FALSE,914733,FALSE,17,,20260507_145347_unknown_allT_DP_MB_ME_g5_sm0p5_kg0_ks0_rcpp
sp1,40831,914733,914733,9,4.2,2023-05-02,"","",tree,all,0.0381571271145179,0.372624469424891,0.406738340860665,0.00773303781512013,0.0620795782771553,-0.0203753924797626,1.4564596855136,1.07130403370132,25.9999,0.0638624477390889,-0.5,0,5,3.51132224183,0,given,,,,,,,,,,,16,,914733,,FALSE,914733,FALSE,17,,20260507_145347_unknown_allT_DP_MB_ME_g5_sm0p5_kg0_ks0_rcpp
sp1,40831,930640,930640,7,2.3,2010-07-22,"","",tree,all,0.0381571271145179,0.372624469424891,0.406738340860665,0.00773303781512013,0.0620795782771553,-0.0203753924797626,1.4564596855136,1.07130403370132,25.9999,0.0638624477390889,-0.5,0,5,3.51132224183,0,given,6,3,3,930640,1,914733,0,0,1,0,12,,930640,,FALSE,930640,FALSE,17,confident,20260507_145347_unknown_allT_DP_MB_ME_g5_sm0p5_kg0_ks0_rcpp
sp1,40831,930640,930640,8,,2015-10-12,"","",tree,all,0.0381571271145179,0.372624469424891,0.406738340860665,0.00773303781512013,0.0620795782771553,-0.0203753924797626,1.4564596855136,1.07130403370132,25.9999,0.0638624477390889,-0.5,0,5,3.51132224183,0,given,,,,,,,,,,,14,,930640,,FALSE,930640,FALSE,17,,20260507_145347_unknown_allT_DP_MB_ME_g5_sm0p5_kg0_ks0_rcpp
sp1,40831,930640,930640,9,,2023-05-02,"","",tree,all,0.0381571271145179,0.372624469424891,0.406738340860665,0.00773303781512013,0.0620795782771553,-0.0203753924797626,1.4564596855136,1.07130403370132,25.9999,0.0638624477390889,-0.5,0,5,3.51132224183,0,given,,,,,,,,,,,17,,930640,,FALSE,930640,FALSE,17,,20260507_145347_unknown_allT_DP_MB_ME_g5_sm0p5_kg0_ks0_rcpp
sp1,40831,1042996,1042996,8,,2015-10-12,"","",tree,all,0.0381571271145179,0.372624469424891,0.406738340860665,0.00773303781512013,0.0620795782771553,-0.0203753924797626,1.4564596855136,1.07130403370132,25.9999,0.0638624477390889,-0.5,0,5,3.51132224183,0,given,,,,,,,,,,,15,,1042996,,FALSE,1042996,FALSE,17,,20260507_145347_unknown_allT_DP_MB_ME_g5_sm0p5_kg0_ks0_rcpp
sp1,40831,1042996,1042996,9,,2023-05-02,"","",tree,all,0.0381571271145179,0.372624469424891,0.406738340860665,0.00773303781512013,0.0620795782771553,-0.0203753924797626,1.4564596855136,1.07130403370132,25.9999,0.0638624477390889,-0.5,0,5,3.51132224183,0,given,,,,,,,,,,,18,,1042996,,FALSE,1042996,FALSE,17,,20260507_145347_unknown_allT_DP_MB_ME_g5_sm0p5_kg0_ks0_rcpp
sp1,50569,40853,,1,2,1981-06-11,"","",tree,all,0.0381571271145179,0.372624469424891,0.406738340860665,0.00773303781512013,0.0620795782771553,-0.0203753924797626,1.4564596855136,1.07130403370132,25.9999,0.0638624477390889,-0.5,0,5,3.51132224183,0,dp,6,3,3,700859,0.432850770897596,700860,0.283574614551202,1.07721972591253,0.283574614551202,0.567149229102405,1,,700860,,FALSE,700860,FALSE,17,unlinked-likely,20260507_145347_unknown_allT_DP_MB_ME_g5_sm0p5_kg0_ks0_rcpp
sp1,50569,40853,,2,2.5,1985-07-03,"","",tree,all,0.0381571271145179,0.372624469424891,0.406738340860665,0.00773303781512013,0.0620795782771553,-0.0203753924797626,1.4564596855136,1.07130403370132,25.9999,0.0638624477390889,-0.5,0,5,3.51132224183,0,dp,6,3,3,700859,0.437295077012971,700860,0.281352461493514,1.07529995270584,0.281352461493514,0.562704922987029,2,,700860,,FALSE,700860,FALSE,17,unlinked-likely,20260507_145347_unknown_allT_DP_MB_ME_g5_sm0p5_kg0_ks0_rcpp
sp1,50569,501696,,3,3.4,1990-10-04,"","",tree,all,0.0381571271145179,0.372624469424891,0.406738340860665,0.00773303781512013,0.0620795782771553,-0.0203753924797626,1.4564596855136,1.07130403370132,25.9999,0.0638624477390889,-0.5,0,5,3.51132224183,0,dp,6,3,3,700859,0.364318228070604,700860,0.317840885964698,1.09648337961833,0.317840885964698,0.635681771929396,3,,700860,,FALSE,700860,FALSE,17,unlinked-likely,20260507_145347_unknown_allT_DP_MB_ME_g5_sm0p5_kg0_ks0_rcpp
sp1,50569,626064,,3,2,1990-10-04,"","",tree,all,0.0381571271145179,0.372624469424891,0.406738340860665,0.00773303781512013,0.0620795782771553,-0.0203753924797626,1.4564596855136,1.07130403370132,25.9999,0.0638624477390889,-0.5,0,5,3.51132224183,0,dp,6,3,3,700859,0.609303021771868,700860,0.195348489114066,0.939869341887654,0.609303021771868,0.390696978228133,4,,700859,,FALSE,700859,FALSE,17,ambiguous,20260507_145347_unknown_allT_DP_MB_ME_g5_sm0p5_kg0_ks0_rcpp
sp1,50569,700858,,4,3.6,1995-07-14,"","",tree,all,0.0381571271145179,0.372624469424891,0.406738340860665,0.00773303781512013,0.0620795782771553,-0.0203753924797626,1.4564596855136,1.07130403370132,25.9999,0.0638624477390889,-0.5,0,5,3.51132224183,0,dp,6,3,3,700859,0.97971559914237,700861,0.0101422004288148,0.113203971723804,0.97971559914237,0.0202844008576295,5,,700859,,FALSE,700859,FALSE,17,confident,20260507_145347_unknown_allT_DP_MB_ME_g5_sm0p5_kg0_ks0_rcpp
sp1,50569,700858,,5,3.6,2000-06-25,"","",tree,all,0.0381571271145179,0.372624469424891,0.406738340860665,0.00773303781512013,0.0620795782771553,-0.0203753924797626,1.4564596855136,1.07130403370132,25.9999,0.0638624477390889,-0.5,0,5,3.51132224183,0,provisional_dp,6,3,3,700859,1,700860,0,0,1,0,6,,700859,FALSE,FALSE,700859,FALSE,17,confident,20260507_145347_unknown_allT_DP_MB_ME_g5_sm0p5_kg0_ks0_rcpp
sp1,50569,700858,,6,,2005-08-17,"","",tree,all,0.0381571271145179,0.372624469424891,0.406738340860665,0.00773303781512013,0.0620795782771553,-0.0203753924797626,1.4564596855136,1.07130403370132,25.9999,0.0638624477390889,-0.5,0,5,3.51132224183,0,given_orphan,6,3,3,,,,,,,,7,,700858,,FALSE,,FALSE,17,,20260507_145347_unknown_allT_DP_MB_ME_g5_sm0p5_kg0_ks0_rcpp
sp1,50569,700858,700858,7,,2010-06-29,"","",tree,all,0.0381571271145179,0.372624469424891,0.406738340860665,0.00773303781512013,0.0620795782771553,-0.0203753924797626,1.4564596855136,1.07130403370132,25.9999,0.0638624477390889,-0.5,0,5,3.51132224183,0,given,6,3,3,,,,,,,,8,,700858,,FALSE,700858,FALSE,17,,20260507_145347_unknown_allT_DP_MB_ME_g5_sm0p5_kg0_ks0_rcpp
sp1,60145,48596,,1,25,1981-06-13,"",alive,tree,all,0.0381571271145179,0.372624469424891,0.406738340860665,0.00773303781512013,0.0620795782771553,-0.0203753924797626,1.4564596855136,1.07130403370132,25.9999,0.0638624477390889,-0.5,0,5,3.51132224183,0,dp,2,1,2,1077158,1,1077157,0,0,1,1,1,,1077158,,FALSE,1077158,FALSE,17,unlinked-likely,20260507_145347_unknown_allT_DP_MB_ME_g5_sm0p5_kg0_ks0_rcpp
sp1,60145,48596,,2,35,1985-06-14,"",alive,tree,all,0.0381571271145179,0.372624469424891,0.406738340860665,0.00773303781512013,0.0620795782771553,-0.0203753924797626,1.4564596855136,1.07130403370132,25.9999,0.0638624477390889,-0.5,0,5,3.51132224183,0,dp,2,1,2,1077158,1,1077157,0,0,1,1,2,,1077158,,FALSE,1077158,FALSE,17,unlinked-likely,20260507_145347_unknown_allT_DP_MB_ME_g5_sm0p5_kg0_ks0_rcpp
sp1,60145,48596,,3,35,1990-10-20,"",alive,tree,all,0.0381571271145179,0.372624469424891,0.406738340860665,0.00773303781512013,0.0620795782771553,-0.0203753924797626,1.4564596855136,1.07130403370132,25.9999,0.0638624477390889,-0.5,0,5,3.51132224183,0,dp,2,1,2,1077158,1,1077157,0,0,1,1,3,,1077158,,FALSE,1077158,FALSE,17,unlinked-likely,20260507_145347_unknown_allT_DP_MB_ME_g5_sm0p5_kg0_ks0_rcpp
sp1,60145,48596,,4,37,1995-06-27,"",alive,tree,all,0.0381571271145179,0.372624469424891,0.406738340860665,0.00773303781512013,0.0620795782771553,-0.0203753924797626,1.4564596855136,1.07130403370132,25.9999,0.0638624477390889,-0.5,0,5,3.51132224183,0,dp,2,1,2,1077158,1,1077157,0,0,1,1,4,,1077158,,FALSE,1077158,FALSE,17,unlinked-likely,20260507_145347_unknown_allT_DP_MB_ME_g5_sm0p5_kg0_ks0_rcpp
sp1,60145,48596,,5,37,2000-06-20,"",alive,tree,all,0.0381571271145179,0.372624469424891,0.406738340860665,0.00773303781512013,0.0620795782771553,-0.0203753924797626,1.4564596855136,1.07130403370132,25.9999,0.0638624477390889,-0.5,0,5,3.51132224183,0,dp,2,1,2,1077158,1,1077157,0,0,1,1,5,,1077158,,FALSE,1077158,FALSE,17,unlinked-likely,20260507_145347_unknown_allT_DP_MB_ME_g5_sm0p5_kg0_ks0_rcpp
sp1,60145,48596,,6,39,2005-06-30,"",alive,tree,all,0.0381571271145179,0.372624469424891,0.406738340860665,0.00773303781512013,0.0620795782771553,-0.0203753924797626,1.4564596855136,1.07130403370132,25.9999,0.0638624477390889,-0.5,0,5,3.51132224183,0,dp,2,1,2,1077158,1,1077157,0,0,1,1,6,,1077158,,FALSE,1077158,FALSE,17,unlinked-likely,20260507_145347_unknown_allT_DP_MB_ME_g5_sm0p5_kg0_ks0_rcpp
sp1,60145,48596,48596,7,,2010-06-21,D;N,dead,tree,all,0.0381571271145179,0.372624469424891,0.406738340860665,0.00773303781512013,0.0620795782771553,-0.0203753924797626,1.4564596855136,1.07130403370132,25.9999,0.0638624477390889,-0.5,0,5,3.51132224183,0,given,,,,,,,,,,,7,,48596,,FALSE,,FALSE,17,,20260507_145347_unknown_allT_DP_MB_ME_g5_sm0p5_kg0_ks0_rcpp
sp1,60145,48596,48596,8,,2015-09-15,R,broken below,tree,all,0.0381571271145179,0.372624469424891,0.406738340860665,0.00773303781512013,0.0620795782771553,-0.0203753924797626,1.4564596855136,1.07130403370132,25.9999,0.0638624477390889,-0.5,0,5,3.51132224183,0,given,2,1,2,,,,,,,,8,,48596,,FALSE,48596,FALSE,17,,20260507_145347_unknown_allT_DP_MB_ME_g5_sm0p5_kg0_ks0_rcpp
sp1,60145,48596,48596,9,,2023-03-21,OR,broken below,tree,all,0.0381571271145179,0.372624469424891,0.406738340860665,0.00773303781512013,0.0620795782771553,-0.0203753924797626,1.4564596855136,1.07130403370132,25.9999,0.0638624477390889,-0.5,0,5,3.51132224183,0,given,,,,,,,,,,,10,,48596,,FALSE,48596,FALSE,17,,20260507_145347_unknown_allT_DP_MB_ME_g5_sm0p5_kg0_ks0_rcpp
sp1,60145,1077157,1077157,8,23,2015-09-15,"",alive,tree,all,0.0381571271145179,0.372624469424891,0.406738340860665,0.00773303781512013,0.0620795782771553,-0.0203753924797626,1.4564596855136,1.07130403370132,25.9999,0.0638624477390889,-0.5,0,5,3.51132224183,0,given,2,1,2,1077157,1,1077158,0,0,1,0,9,,1077157,,FALSE,1077157,FALSE,17,confident,20260507_145347_unknown_allT_DP_MB_ME_g5_sm0p5_kg0_ks0_rcpp
sp1,60145,1077157,1077157,9,32,2023-03-21,"",alive,tree,all,0.0381571271145179,0.372624469424891,0.406738340860665,0.00773303781512013,0.0620795782771553,-0.0203753924797626,1.4564596855136,1.07130403370132,25.9999,0.0638624477390889,-0.5,0,5,3.51132224183,0,given,,,,,,,,,,,11,,1077157,,FALSE,1077157,FALSE,17,,20260507_145347_unknown_allT_DP_MB_ME_g5_sm0p5_kg0_ks0_rcpp
sp1,61350,49762,,1,2,1981-06-27,"","",tree,all,0.0381571271145179,0.372624469424891,0.406738340860665,0.00773303781512013,0.0620795782771553,-0.0203753924797626,1.4564596855136,1.07130403370132,25.9999,0.0638624477390889,-0.5,0,5,3.51132224183,0,dp,120,3,5,974532,0.235218883188995,974533,0.234596685050153,1.58610859247176,0.148085340464197,0.296170680994045,1,,974535,,FALSE,974535,FALSE,17,ambiguous,20260507_145347_unknown_allT_DP_MB_ME_g5_sm0p5_kg0_ks0_rcpp
sp1,61350,504881,,1,1.5,1981-06-27,"","",tree,all,0.0381571271145179,0.372624469424891,0.406738340860665,0.00773303781512013,0.0620795782771553,-0.0203753924797626,1.4564596855136,1.07130403370132,25.9999,0.0638624477390889,-0.5,0,5,3.51132224183,0,dp,120,3,5,974532,0.235897873578778,974533,0.235369835654358,1.58504230103864,0.235897873578778,0.293879890785642,2,,974532,,FALSE,974532,FALSE,17,ambiguous,20260507_145347_unknown_allT_DP_MB_ME_g5_sm0p5_kg0_ks0_rcpp
sp1,61350,628167,,2,2.5,1985-07-01,"","",tree,all,0.0381571271145179,0.372624469424891,0.406738340860665,0.00773303781512013,0.0620795782771553,-0.0203753924797626,1.4564596855136,1.07130403370132,25.9999,0.0638624477390889,-0.5,0,5,3.51132224183,0,dp,120,3,5,974532,0.235619420152533,974533,0.23467694403377,1.58595096084572,0.147916211974009,0.295832424165094,3,,974535,,FALSE,974535,FALSE,17,ambiguous,20260507_145347_unknown_allT_DP_MB_ME_g5_sm0p5_kg0_ks0_rcpp
sp1,61350,702613,,2,1.5,1985-07-01,"","",tree,all,0.0381571271145179,0.372624469424891,0.406738340860665,0.00773303781512013,0.0620795782771553,-0.0203753924797626,1.4564596855136,1.07130403370132,25.9999,0.0638624477390889,-0.5,0,5,3.51132224183,0,dp,120,3,5,974532,0.23737077045694,974533,0.236848489666036,1.58290564770619,0.23737077045694,0.28944569708056,4,,974532,,FALSE,974532,FALSE,17,ambiguous,20260507_145347_unknown_allT_DP_MB_ME_g5_sm0p5_kg0_ks0_rcpp
sp1,61350,760769,,2,1,1985-07-01,"","",tree,all,0.0381571271145179,0.372624469424891,0.406738340860665,0.00773303781512013,0.0620795782771553,-0.0203753924797626,1.4564596855136,1.07130403370132,25.9999,0.0638624477390889,-0.5,0,5,3.51132224183,0,dp,120,3,5,974532,0.23806817203178,974533,0.237922877982964,1.58135180553316,0.237671708998695,0.286337240986561,5,,974534,,FALSE,974534,FALSE,17,ambiguous,20260507_145347_unknown_allT_DP_MB_ME_g5_sm0p5_kg0_ks0_rcpp
sp1,61350,806789,,3,3.7,1990-11-15,"","",tree,all,0.0381571271145179,0.372624469424891,0.406738340860665,0.00773303781512013,0.0620795782771553,-0.0203753924797626,1.4564596855136,1.07130403370132,25.9999,0.0638624477390889,-0.5,0,5,3.51132224183,0,dp,120,3,5,974532,0.232665447641743,974533,0.230916917842341,1.59074870420514,0.153433401758826,0.306866805362378,6,,974535,,FALSE,974535,FALSE,17,ambiguous,20260507_145347_unknown_allT_DP_MB_ME_g5_sm0p5_kg0_ks0_rcpp
sp1,61350,843405,,3,3.5,1990-11-15,"","",tree,all,0.0381571271145179,0.372624469424891,0.406738340860665,0.00773303781512013,0.0620795782771553,-0.0203753924797626,1.4564596855136,1.07130403370132,25.9999,0.0638624477390889,-0.5,0,5,3.51132224183,0,dp,120,3,5,974532,0.236049610271952,974533,0.234436325715306,1.58618373294279,0.236049610271952,0.296350160168646,7,,974532,,FALSE,974532,FALSE,17,ambiguous,20260507_145347_unknown_allT_DP_MB_ME_g5_sm0p5_kg0_ks0_rcpp
sp1,61350,872475,,3,2.7,1990-11-15,"","",tree,all,0.0381571271145179,0.372624469424891,0.406738340860665,0.00773303781512013,0.0620795782771553,-0.0203753924797626,1.4564596855136,1.07130403370132,25.9999,0.0638624477390889,-0.5,0,5,3.51132224183,0,dp,120,3,5,974532,0.243022866851874,974533,0.242617970700841,1.57366369103002,0.242617970700841,0.272174010164744,8,,974533,,FALSE,974533,FALSE,17,ambiguous,20260507_145347_unknown_allT_DP_MB_ME_g5_sm0p5_kg0_ks0_rcpp
sp1,61350,895994,,3,1.8,1990-11-15,"","",tree,all,0.0381571271145179,0.372624469424891,0.406738340860665,0.00773303781512013,0.0620795782771553,-0.0203753924797626,1.4564596855136,1.07130403370132,25.9999,0.0638624477390889,-0.5,0,5,3.51132224183,0,dp,120,3,5,974534,0.247516596114461,974533,0.246344939541768,1.56731513642405,0.247516596114461,0.261692503940268,9,,974534,,FALSE,974534,FALSE,17,ambiguous,20260507_145347_unknown_allT_DP_MB_ME_g5_sm0p5_kg0_ks0_rcpp
sp1,61350,915624,,4,2.3,1995-07-18,"","",tree,all,0.0381571271145179,0.372624469424891,0.406738340860665,0.00773303781512013,0.0620795782771553,-0.0203753924797626,1.4564596855136,1.07130403370132,25.9999,0.0638624477390889,-0.5,0,5,3.51132224183,0,dp,120,3,5,974532,0.261539075367026,974533,0.239980405316377,1.57306805856637,0.261539075367026,0.273562561181985,10,,974532,,FALSE,974532,FALSE,17,ambiguous,20260507_145347_unknown_allT_DP_MB_ME_g5_sm0p5_kg0_ks0_rcpp
sp1,61350,931429,,4,2.3,1995-07-18,"","",tree,all,0.0381571271145179,0.372624469424891,0.406738340860665,0.00773303781512013,0.0620795782771553,-0.0203753924797626,1.4564596855136,1.07130403370132,25.9999,0.0638624477390889,-0.5,0,5,3.51132224183,0,dp,120,3,5,974532,0.261539075367026,974533,0.239980405316377,1.57306805856637,0.136781280590992,0.273562561181985,11,,974535,,FALSE,974535,FALSE,17,ambiguous,20260507_145347_unknown_allT_DP_MB_ME_g5_sm0p5_kg0_ks0_rcpp
sp1,61350,944462,,4,1.9,1995-07-18,"","",tree,all,0.0381571271145179,0.372624469424891,0.406738340860665,0.00773303781512013,0.0620795782771553,-0.0203753924797626,1.4564596855136,1.07130403370132,25.9999,0.0638624477390889,-0.5,0,5,3.51132224183,0,dp,120,3,5,974534,0.266201512164793,974533,0.256059880113497,1.55001665055406,0.256059880113497,0.237780942714845,12,,974533,,FALSE,974533,FALSE,17,ambiguous,20260507_145347_unknown_allT_DP_MB_ME_g5_sm0p5_kg0_ks0_rcpp
sp1,61350,954604,,4,1.8,1995-07-18,"","",tree,all,0.0381571271145179,0.372624469424891,0.406738340860665,0.00773303781512013,0.0620795782771553,-0.0203753924797626,1.4564596855136,1.07130403370132,25.9999,0.0638624477390889,-0.5,0,5,3.51132224183,0,dp,120,3,5,974534,0.276499757572761,974533,0.25801232479271,1.54523175369001,0.276499757572761,0.233200300675024,13,,974534,,FALSE,974534,FALSE,17,ambiguous,20260507_145347_unknown_allT_DP_MB_ME_g5_sm0p5_kg0_ks0_rcpp
sp1,61350,962914,,5,3.4,2000-07-05,"","",tree,all,0.0381571271145179,0.372624469424891,0.406738340860665,0.00773303781512013,0.0620795782771553,-0.0203753924797626,1.4564596855136,1.07130403370132,25.9999,0.0638624477390889,-0.5,0,5,3.51132224183,0,provisional_dp,120,3,5,974532,1,974533,0,0,1,0,14,,974532,FALSE,FALSE,974532,FALSE,17,confident,20260507_145347_unknown_allT_DP_MB_ME_g5_sm0p5_kg0_ks0_rcpp
sp1,61350,962914,,6,,2005-07-13,"","",tree,all,0.0381571271145179,0.372624469424891,0.406738340860665,0.00773303781512013,0.0620795782771553,-0.0203753924797626,1.4564596855136,1.07130403370132,25.9999,0.0638624477390889,-0.5,0,5,3.51132224183,0,given_orphan,120,3,5,,,,,,,,17,,962914,,FALSE,,FALSE,17,,20260507_145347_unknown_allT_DP_MB_ME_g5_sm0p5_kg0_ks0_rcpp
sp1,61350,969576,,5,2.7,2000-07-05,"","",tree,all,0.0381571271145179,0.372624469424891,0.406738340860665,0.00773303781512013,0.0620795782771553,-0.0203753924797626,1.4564596855136,1.07130403370132,25.9999,0.0638624477390889,-0.5,0,5,3.51132224183,0,provisional_dp,120,3,5,974533,1,974532,0,0,1,0,15,,974533,FALSE,FALSE,974533,FALSE,17,confident,20260507_145347_unknown_allT_DP_MB_ME_g5_sm0p5_kg0_ks0_rcpp
sp1,61350,974531,,5,2.2,2000-07-05,"","",tree,all,0.0381571271145179,0.372624469424891,0.406738340860665,0.00773303781512013,0.0620795782771553,-0.0203753924797626,1.4564596855136,1.07130403370132,25.9999,0.0638624477390889,-0.5,0,5,3.51132224183,0,provisional_dp,120,3,5,974534,1,974532,0,0,1,0,16,,974534,FALSE,FALSE,974534,FALSE,17,confident,20260507_145347_unknown_allT_DP_MB_ME_g5_sm0p5_kg0_ks0_rcpp
sp1,61350,974531,974531,7,,2010-07-22,"","",tree,all,0.0381571271145179,0.372624469424891,0.406738340860665,0.00773303781512013,0.0620795782771553,-0.0203753924797626,1.4564596855136,1.07130403370132,25.9999,0.0638624477390889,-0.5,0,5,3.51132224183,0,given,120,3,5,,,,,,,,18,,974531,,FALSE,974531,FALSE,17,,20260507_145347_unknown_allT_DP_MB_ME_g5_sm0p5_kg0_ks0_rcpp
sp1,71698,59081,,1,2,1981-07-11,"","",tree,all,0.0381571271145179,0.372624469424891,0.406738340860665,0.00773303781512013,0.0620795782771553,-0.0203753924797626,1.4564596855136,1.07130403370132,25.9999,0.0638624477390889,-0.5,0,5,3.51132224183,0,dp,24,3,4,873204,0.317075148493404,873205,0.227641617168865,1.37491473210108,0.227641617168865,0.682924851506596,1,,873205,,FALSE,873205,FALSE,17,unlinked-likely,20260507_145347_unknown_allT_DP_MB_ME_g5_sm0p5_kg0_ks0_rcpp
sp1,71698,59081,,2,2,1985-06-22,"","",tree,all,0.0381571271145179,0.372624469424891,0.406738340860665,0.00773303781512013,0.0620795782771553,-0.0203753924797626,1.4564596855136,1.07130403370132,25.9999,0.0638624477390889,-0.5,0,5,3.51132224183,0,dp,24,3,4,873204,0.320886900474969,873205,0.226371033175011,1.37361816813043,0.226371033175011,0.679113099525031,2,,873205,,FALSE,873205,FALSE,17,unlinked-likely,20260507_145347_unknown_allT_DP_MB_ME_g5_sm0p5_kg0_ks0_rcpp
sp1,71698,507755,,3,2.8,1990-10-18,"","",tree,all,0.0381571271145179,0.372624469424891,0.406738340860665,0.00773303781512013,0.0620795782771553,-0.0203753924797626,1.4564596855136,1.07130403370132,25.9999,0.0638624477390889,-0.5,0,5,3.51132224183,0,dp,24,3,4,873204,0.315576817635361,873207,0.228141060788213,1.37540604019422,0.228141060788213,0.684423182364639,3,,873205,,FALSE,873205,FALSE,17,unlinked-likely,20260507_145347_unknown_allT_DP_MB_ME_g5_sm0p5_kg0_ks0_rcpp
sp1,71698,629999,,3,2.1,1990-10-18,"","",tree,all,0.0381571271145179,0.372624469424891,0.406738340860665,0.00773303781512013,0.0620795782771553,-0.0203753924797626,1.4564596855136,1.07130403370132,25.9999,0.0638624477390889,-0.5,0,5,3.51132224183,0,dp,24,3,4,873204,0.323802789140217,873205,0.225399070286594,1.37258129843948,0.225399070286594,0.676197210859783,4,,873206,,FALSE,873206,FALSE,17,unlinked-likely,20260507_145347_unknown_allT_DP_MB_ME_g5_sm0p5_kg0_ks0_rcpp
sp1,71698,704141,,3,1.3,1990-10-18,"","",tree,all,0.0381571271145179,0.372624469424891,0.406738340860665,0.00773303781512013,0.0620795782771553,-0.0203753924797626,1.4564596855136,1.07130403370132,25.9999,0.0638624477390889,-0.5,0,5,3.51132224183,0,dp,24,3,4,873204,0.336394088343625,873207,0.221201970552125,1.36766028491823,0.336394088343625,0.663605911656375,5,,873204,,FALSE,873204,FALSE,17,unlinked-likely,20260507_145347_unknown_allT_DP_MB_ME_g5_sm0p5_kg0_ks0_rcpp
sp1,71698,762029,,4,2.7,1995-07-10,"","",tree,all,0.0381571271145179,0.372624469424891,0.406738340860665,0.00773303781512013,0.0620795782771553,-0.0203753924797626,1.4564596855136,1.07130403370132,25.9999,0.0638624477390889,-0.5,0,5,3.51132224183,0,dp,24,3,4,873204,0.303395434868136,873207,0.232201521710621,1.37901219114004,0.232201521710621,0.696604565131864,6,,873205,,FALSE,873205,FALSE,17,unlinked-likely,20260507_145347_unknown_allT_DP_MB_ME_g5_sm0p5_kg0_ks0_rcpp
sp1,71698,807829,,4,1.3,1995-07-10,"","",tree,all,0.0381571271145179,0.372624469424891,0.406738340860665,0.00773303781512013,0.0620795782771553,-0.0203753924797626,1.4564596855136,1.07130403370132,25.9999,0.0638624477390889,-0.5,0,5,3.51132224183,0,dp,24,3,4,873204,0.370276734097571,873205,0.20990775530081,1.3509245173522,0.370276734097571,0.629723265902429,7,,873204,,FALSE,873204,FALSE,17,unlinked-likely,20260507_145347_unknown_allT_DP_MB_ME_g5_sm0p5_kg0_ks0_rcpp
sp1,71698,844274,,4,2.6,1995-07-10,"","",tree,all,0.0381571271145179,0.372624469424891,0.406738340860665,0.00773303781512013,0.0620795782771553,-0.0203753924797626,1.4564596855136,1.07130403370132,25.9999,0.0638624477390889,-0.5,0,5,3.51132224183,0,dp,24,3,4,873204,0.321452886276072,873207,0.22618237124131,1.37341995336625,0.226182371241309,0.678547113723928,8,,873206,,FALSE,873206,FALSE,17,unlinked-likely,20260507_145347_unknown_allT_DP_MB_ME_g5_sm0p5_kg0_ks0_rcpp
sp1,71698,873203,,5,3,2000-06-29,"","",tree,all,0.0381571271145179,0.372624469424891,0.406738340860665,0.00773303781512013,0.0620795782771553,-0.0203753924797626,1.4564596855136,1.07130403370132,25.9999,0.0638624477390889,-0.5,0,5,3.51132224183,0,provisional_dp,24,3,4,873204,1,873205,0,0,1,0,9,,873204,FALSE,FALSE,873204,FALSE,17,confident,20260507_145347_unknown_allT_DP_MB_ME_g5_sm0p5_kg0_ks0_rcpp
sp1,71698,873203,,6,,2005-07-21,"","",tree,all,0.0381571271145179,0.372624469424891,0.406738340860665,0.00773303781512013,0.0620795782771553,-0.0203753924797626,1.4564596855136,1.07130403370132,25.9999,0.0638624477390889,-0.5,0,5,3.51132224183,0,given_orphan,24,3,4,,,,,,,,10,,873203,,FALSE,,FALSE,17,,20260507_145347_unknown_allT_DP_MB_ME_g5_sm0p5_kg0_ks0_rcpp
sp1,71698,873203,873203,7,,2010-07-01,"","",tree,all,0.0381571271145179,0.372624469424891,0.406738340860665,0.00773303781512013,0.0620795782771553,-0.0203753924797626,1.4564596855136,1.07130403370132,25.9999,0.0638624477390889,-0.5,0,5,3.51132224183,0,given,24,3,4,,,,,,,,11,,873203,,FALSE,873203,FALSE,17,,20260507_145347_unknown_allT_DP_MB_ME_g5_sm0p5_kg0_ks0_rcpp
sp1,82942,69400,,1,1.5,1981-07-26,"","",tree,all,0.0381571271145179,0.372624469424891,0.406738340860665,0.00773303781512013,0.0620795782771553,-0.0203753924797626,1.4564596855136,1.07130403370132,25.9999,0.0638624477390889,-0.5,0,5,3.51132224183,0,dp,6,1,3,845303,0.47299681239144,845304,0.26350159380428,1.05697890016382,0.26350159380428,0.52700318760856,1,,845304,,FALSE,845304,FALSE,17,unlinked-likely,20260507_145347_unknown_allT_DP_MB_ME_g5_sm0p5_kg0_ks0_rcpp
sp1,82942,511119,,1,1,1981-07-26,"","",tree,all,0.0381571271145179,0.372624469424891,0.406738340860665,0.00773303781512013,0.0620795782771553,-0.0203753924797626,1.4564596855136,1.07130403370132,25.9999,0.0638624477390889,-0.5,0,5,3.51132224183,0,dp,6,1,3,845303,0.474331662924785,845304,0.262834168537607,1.0561943998443,0.474331662924785,0.525668337075215,2,,845303,,FALSE,845303,FALSE,17,unlinked-likely,20260507_145347_unknown_allT_DP_MB_ME_g5_sm0p5_kg0_ks0_rcpp
sp1,82942,632151,,2,1.5,1985-06-21,"","",tree,all,0.0381571271145179,0.372624469424891,0.406738340860665,0.00773303781512013,0.0620795782771553,-0.0203753924797626,1.4564596855136,1.07130403370132,25.9999,0.0638624477390889,-0.5,0,5,3.51132224183,0,dp,6,1,3,845303,0.476383267950327,845304,0.261808366024836,1.05497472685805,0.261808366024836,0.523616732049673,3,,845304,,FALSE,845304,FALSE,17,unlinked-likely,20260507_145347_unknown_allT_DP_MB_ME_g5_sm0p5_kg0_ks0_rcpp
sp1,82942,705917,,2,1,1985-06-21,"","",tree,all,0.0381571271145179,0.372624469424891,0.406738340860665,0.00773303781512013,0.0620795782771553,-0.0203753924797626,1.4564596855136,1.07130403370132,25.9999,0.0638624477390889,-0.5,0,5,3.51132224183,0,dp,6,1,3,845303,0.481159775194678,845304,0.259420112402661,1.05206974331808,0.481159775194678,0.518840224805322,4,,845303,,FALSE,845303,FALSE,17,unlinked-likely,20260507_145347_unknown_allT_DP_MB_ME_g5_sm0p5_kg0_ks0_rcpp
sp1,82942,763499,,3,1.6,1990-10-25,"","",tree,all,0.0381571271145179,0.372624469424891,0.406738340860665,0.00773303781512013,0.0620795782771553,-0.0203753924797626,1.4564596855136,1.07130403370132,25.9999,0.0638624477390889,-0.5,0,5,3.51132224183,0,dp,6,1,3,845303,0.458462547941293,845304,0.270768726029353,1.06505763862133,0.270768726029353,0.541537452058707,5,,845304,,FALSE,845304,FALSE,17,unlinked-likely,20260507_145347_unknown_allT_DP_MB_ME_g5_sm0p5_kg0_ks0_rcpp
sp1,82942,809048,,3,1.1,1990-10-25,"","",tree,all,0.0381571271145179,0.372624469424891,0.406738340860665,0.00773303781512013,0.0620795782771553,-0.0203753924797626,1.4564596855136,1.07130403370132,25.9999,0.0638624477390889,-0.5,0,5,3.51132224183,0,dp,6,1,3,845303,0.517742687943697,845304,0.241128656028151,1.0267927385641,0.517742687943697,0.482257312056303,6,,845303,,FALSE,845303,FALSE,17,ambiguous,20260507_145347_unknown_allT_DP_MB_ME_g5_sm0p5_kg0_ks0_rcpp
sp1,82942,845302,,4,1.6,1995-07-28,"","",tree,all,0.0381571271145179,0.372624469424891,0.406738340860665,0.00773303781512013,0.0620795782771553,-0.0203753924797626,1.4564596855136,1.07130403370132,25.9999,0.0638624477390889,-0.5,0,5,3.51132224183,0,dp,6,1,3,845303,0.983551092699971,845304,0.00822445365001436,0.0952782145416163,0.983551092699971,0.0164489073000287,7,,845303,,FALSE,845303,FALSE,17,confident,20260507_145347_unknown_allT_DP_MB_ME_g5_sm0p5_kg0_ks0_rcpp
sp1,82942,845302,,5,1.7,2000-07-12,"","",tree,all,0.0381571271145179,0.372624469424891,0.406738340860665,0.00773303781512013,0.0620795782771553,-0.0203753924797626,1.4564596855136,1.07130403370132,25.9999,0.0638624477390889,-0.5,0,5,3.51132224183,0,provisional_dp,6,1,3,845303,1,845304,0,0,1,0,8,,845303,FALSE,FALSE,845303,FALSE,17,confident,20260507_145347_unknown_allT_DP_MB_ME_g5_sm0p5_kg0_ks0_rcpp
sp1,82942,845302,,6,,2005-07-19,"","",tree,all,0.0381571271145179,0.372624469424891,0.406738340860665,0.00773303781512013,0.0620795782771553,-0.0203753924797626,1.4564596855136,1.07130403370132,25.9999,0.0638624477390889,-0.5,0,5,3.51132224183,0,given_orphan,6,1,3,,,,,,,,9,,845302,,FALSE,,FALSE,17,,20260507_145347_unknown_allT_DP_MB_ME_g5_sm0p5_kg0_ks0_rcpp
sp1,82942,845302,845302,7,,2010-07-21,"","",tree,all,0.0381571271145179,0.372624469424891,0.406738340860665,0.00773303781512013,0.0620795782771553,-0.0203753924797626,1.4564596855136,1.07130403370132,25.9999,0.0638624477390889,-0.5,0,5,3.51132224183,0,given,6,1,3,,,,,,,,10,,845302,,FALSE,845302,FALSE,17,,20260507_145347_unknown_allT_DP_MB_ME_g5_sm0p5_kg0_ks0_rcpp
sp1,106452,91320,,1,1,1981-09-30,"","",tree,all,0.0381571271145179,0.372624469424891,0.406738340860665,0.00773303781512013,0.0620795782771553,-0.0203753924797626,1.4564596855136,1.07130403370132,25.9999,0.0638624477390889,-0.5,0,5,3.51132224183,0,dp,2,1,2,1,0.972795355531723,2,0.027204644468277,0.124886734278184,0.972795355531723,0.027204644468277,1,,1,,FALSE,1,FALSE,17,confident,20260507_145347_unknown_allT_DP_MB_ME_g5_sm0p5_kg0_ks0_rcpp
sp1,106452,91320,,2,1.5,1985-05-21,"","",tree,all,0.0381571271145179,0.372624469424891,0.406738340860665,0.00773303781512013,0.0620795782771553,-0.0203753924797626,1.4564596855136,1.07130403370132,25.9999,0.0638624477390889,-0.5,0,5,3.51132224183,0,dp,2,1,2,1,0.981710789035105,2,0.0182892109648948,0.091304187017146,0.981710789035105,0.0182892109648948,2,,1,,FALSE,1,FALSE,17,confident,20260507_145347_unknown_allT_DP_MB_ME_g5_sm0p5_kg0_ks0_rcpp
sp1,106452,91320,,3,1.8,1990-08-22,"","",tree,all,0.0381571271145179,0.372624469424891,0.406738340860665,0.00773303781512013,0.0620795782771553,-0.0203753924797626,1.4564596855136,1.07130403370132,25.9999,0.0638624477390889,-0.5,0,5,3.51132224183,0,provisional_dp,2,1,2,1,1,2,0,0,1,0,3,,1,FALSE,FALSE,1,FALSE,17,confident,20260507_145347_unknown_allT_DP_MB_ME_g5_sm0p5_kg0_ks0_rcpp
sp1,106452,91320,,4,,1995-05-30,"","",tree,all,0.0381571271145179,0.372624469424891,0.406738340860665,0.00773303781512013,0.0620795782771553,-0.0203753924797626,1.4564596855136,1.07130403370132,25.9999,0.0638624477390889,-0.5,0,5,3.51132224183,0,given_orphan,2,1,2,,,,,,,,4,,91320,,FALSE,,FALSE,17,,20260507_145347_unknown_allT_DP_MB_ME_g5_sm0p5_kg0_ks0_rcpp
sp1,111885,96616,,1,4.5,1981-11-04,"","",tree,all,0.0381571271145179,0.372624469424891,0.406738340860665,0.00773303781512013,0.0620795782771553,-0.0203753924797626,1.4564596855136,1.07130403370132,25.9999,0.0638624477390889,-0.5,0,5,3.51132224183,0,dp,6,2,3,899201,0.357035575801269,899202,0.357035575801269,1.09342248306168,0.357035575801269,0.714071151602538,1,,899201,,FALSE,899201,FALSE,18,unlinked-likely,20260507_145347_unknown_allT_DP_MB_ME_g5_sm0p5_kg0_ks0_rcpp
sp1,111885,519942,,2,4.5,1985-05-17,"","",tree,all,0.0381571271145179,0.372624469424891,0.406738340860665,0.00773303781512013,0.0620795782771553,-0.0203753924797626,1.4564596855136,1.07130403370132,25.9999,0.0638624477390889,-0.5,0,5,3.51132224183,0,dp,6,2,3,899201,0.355547186888295,899202,0.355547186888294,1.09406194755861,0.355547186888295,0.711094373776589,2,,899201,,FALSE,899201,FALSE,18,unlinked-likely,20260507_145347_unknown_allT_DP_MB_ME_g5_sm0p5_kg0_ks0_rcpp
sp1,111885,637884,,2,1.5,1985-05-17,"","",tree,all,0.0381571271145179,0.372624469424891,0.406738340860665,0.00773303781512013,0.0620795782771553,-0.0203753924797626,1.4564596855136,1.07130403370132,25.9999,0.0638624477390889,-0.5,0,5,3.51132224183,0,dp,6,2,3,899200,0.619458388997923,899201,0.190270805501038,0.928099993591689,0.619458388997923,0.380541611002077,3,,899200,,FALSE,899200,FALSE,18,ambiguous,20260507_145347_unknown_allT_DP_MB_ME_g5_sm0p5_kg0_ks0_rcpp
sp1,111885,710724,,3,4.1,1990-08-31,"","",tree,all,0.0381571271145179,0.372624469424891,0.406738340860665,0.00773303781512013,0.0620795782771553,-0.0203753924797626,1.4564596855136,1.07130403370132,25.9999,0.0638624477390889,-0.5,0,5,3.51132224183,0,dp,6,2,3,899201,0.380835573847779,899202,0.380835573847779,1.07709617119046,0.380835573847779,0.761671147695558,4,,899201,,FALSE,899201,FALSE,18,unlinked-likely,20260507_145347_unknown_allT_DP_MB_ME_g5_sm0p5_kg0_ks0_rcpp
sp1,111885,767442,,3,1.9,1990-08-31,"","",tree,all,0.0381571271145179,0.372624469424891,0.406738340860665,0.00773303781512013,0.0620795782771553,-0.0203753924797626,1.4564596855136,1.07130403370132,25.9999,0.0638624477390889,-0.5,0,5,3.51132224183,0,dp,6,2,3,899200,0.70994864455343,899201,0.145025677723285,0.803245938281351,0.70994864455343,0.29005135544657,5,,899200,,FALSE,899200,FALSE,18,ambiguous,20260507_145347_unknown_allT_DP_MB_ME_g5_sm0p5_kg0_ks0_rcpp
sp1,111885,812265,,4,4,1995-05-25,"","",tree,all,0.0381571271145179,0.372624469424891,0.406738340860665,0.00773303781512013,0.0620795782771553,-0.0203753924797626,1.4564596855136,1.07130403370132,25.9999,0.0638624477390889,-0.5,0,5,3.51132224183,0,dp,6,2,3,899201,0.444686308798747,899202,0.444686308798747,0.964291146526945,0.444686308798747,0.889372617597495,6,,899201,,FALSE,899201,FALSE,18,unlinked-likely,20260507_145347_unknown_allT_DP_MB_ME_g5_sm0p5_kg0_ks0_rcpp
sp1,111885,847997,,4,1.8,1995-05-25,"","",tree,all,0.0381571271145179,0.372624469424891,0.406738340860665,0.00773303781512013,0.0620795782771553,-0.0203753924797626,1.4564596855136,1.07130403370132,25.9999,0.0638624477390889,-0.5,0,5,3.51132224183,0,dp,6,2,3,899200,0.875401800607918,899201,0.0622990996960413,0.462352445279664,0.875401800607918,0.124598199392083,7,,899200,,FALSE,899200,FALSE,18,ambiguous,20260507_145347_unknown_allT_DP_MB_ME_g5_sm0p5_kg0_ks0_rcpp
sp1,111885,876277,,5,1.9,2000-05-18,"","",tree,all,0.0381571271145179,0.372624469424891,0.406738340860665,0.00773303781512013,0.0620795782771553,-0.0203753924797626,1.4564596855136,1.07130403370132,25.9999,0.0638624477390889,-0.5,0,5,3.51132224183,0,provisional_dp,6,2,3,899200,1,899201,0,0,1,0,8,,899200,FALSE,FALSE,899200,FALSE,18,confident,20260507_145347_unknown_allT_DP_MB_ME_g5_sm0p5_kg0_ks0_rcpp
sp1,111885,899199,,6,,2005-06-16,"","",tree,all,0.0381571271145179,0.372624469424891,0.406738340860665,0.00773303781512013,0.0620795782771553,-0.0203753924797626,1.4564596855136,1.07130403370132,25.9999,0.0638624477390889,-0.5,0,5,3.51132224183,0,given_orphan,6,2,3,,,,,,,,9,,899199,,FALSE,,FALSE,18,,20260507_145347_unknown_allT_DP_MB_ME_g5_sm0p5_kg0_ks0_rcpp
sp1,111885,899199,899199,7,,2010-05-19,"","",tree,all,0.0381571271145179,0.372624469424891,0.406738340860665,0.00773303781512013,0.0620795782771553,-0.0203753924797626,1.4564596855136,1.07130403370132,25.9999,0.0638624477390889,-0.5,0,5,3.51132224183,0,given,6,2,3,,,,,,,,10,,899199,,FALSE,899199,FALSE,18,,20260507_145347_unknown_allT_DP_MB_ME_g5_sm0p5_kg0_ks0_rcpp
sp1,111885,899199,899199,8,,2015-08-11,"","",tree,all,0.0381571271145179,0.372624469424891,0.406738340860665,0.00773303781512013,0.0620795782771553,-0.0203753924797626,1.4564596855136,1.07130403370132,25.9999,0.0638624477390889,-0.5,0,5,3.51132224183,0,given,6,2,3,,,,,,,,11,,899199,,FALSE,899199,FALSE,18,,20260507_145347_unknown_allT_DP_MB_ME_g5_sm0p5_kg0_ks0_rcpp
sp1,123315,107666,,1,2,1981-11-21,"","",tree,all,0.0381571271145179,0.372624469424891,0.406738340860665,0.00773303781512013,0.0620795782771553,-0.0203753924797626,1.4564596855136,1.07130403370132,25.9999,0.0638624477390889,-0.5,0,5,3.51132224183,0,dp,120,6,5,964327,0.204966016446729,970518,0.200930605640748,1.60921783404458,0.200930605640748,0.602791816922244,1,,970517,,FALSE,970517,FALSE,18,unlinked-likely,20260507_145347_unknown_allT_DP_MB_ME_g5_sm0p5_kg0_ks0_rcpp
sp1,123315,107666,,2,3,1985-05-24,"","",tree,all,0.0381571271145179,0.372624469424891,0.406738340860665,0.00773303781512013,0.0620795782771553,-0.0203753924797626,1.4564596855136,1.07130403370132,25.9999,0.0638624477390889,-0.5,0,5,3.51132224183,0,dp,120,6,5,964327,0.206149428168327,970518,0.200162516184293,1.60923276761859,0.200162516184293,0.600487548552878,2,,970517,,FALSE,970517,FALSE,18,unlinked-likely,20260507_145347_unknown_allT_DP_MB_ME_g5_sm0p5_kg0_ks0_rcpp
sp1,123315,523406,,3,3.4,1990-09-11,"","",tree,all,0.0381571271145179,0.372624469424891,0.406738340860665,0.00773303781512013,0.0620795782771553,-0.0203753924797626,1.4564596855136,1.07130403370132,25.9999,0.0638624477390889,-0.5,0,5,3.51132224183,0,dp,120,6,5,970517,0.20435457035973,970519,0.20435457035973,1.60878578746276,0.20435457035973,0.613063711079189,3,,970517,,FALSE,970517,FALSE,18,unlinked-likely,20260507_145347_unknown_allT_DP_MB_ME_g5_sm0p5_kg0_ks0_rcpp
sp1,123315,640078,,3,1.7,1990-09-11,"","",tree,all,0.0381571271145179,0.372624469424891,0.406738340860665,0.00773303781512013,0.0620795782771553,-0.0203753924797626,1.4564596855136,1.07130403370132,25.9999,0.0638624477390889,-0.5,0,5,3.51132224183,0,dp,120,6,5,964327,0.234751324461482,970516,0.229070662734598,1.60104106308225,0.178726004267974,0.536178012803921,4,,970518,,FALSE,970518,FALSE,18,unlinked-likely,20260507_145347_unknown_allT_DP_MB_ME_g5_sm0p5_kg0_ks0_rcpp
sp1,123315,712576,,4,3.5,1995-06-14,"","",tree,all,0.0381571271145179,0.372624469424891,0.406738340860665,0.00773303781512013,0.0620795782771553,-0.0203753924797626,1.4564596855136,1.07130403370132,25.9999,0.0638624477390889,-0.5,0,5,3.51132224183,0,dp,120,6,5,970519,0.216589834857692,970518,0.216589834857692,1.6035376795798,0.216589834857692,0.649769504573075,5,,970517,,FALSE,970517,FALSE,18,unlinked-likely,20260507_145347_unknown_allT_DP_MB_ME_g5_sm0p5_kg0_ks0_rcpp
sp1,123315,768941,,4,1.5,1995-06-14,"","",tree,all,0.0381571271145179,0.372624469424891,0.406738340860665,0.00773303781512013,0.0620795782771553,-0.0203753924797626,1.4564596855136,1.07130403370132,25.9999,0.0638624477390889,-0.5,0,5,3.51132224183,0,dp,120,6,5,964327,0.247462301285634,970516,0.245101134907873,1.59192591398155,0.169145521268831,0.507436563806493,6,,970518,,FALSE,970518,FALSE,18,unlinked-likely,20260507_145347_unknown_allT_DP_MB_ME_g5_sm0p5_kg0_ks0_rcpp
sp1,123315,813512,,4,1.3,1995-06-14,"","",tree,all,0.0381571271145179,0.372624469424891,0.406738340860665,0.00773303781512013,0.0620795782771553,-0.0203753924797626,1.4564596855136,1.07130403370132,25.9999,0.0638624477390889,-0.5,0,5,3.51132224183,0,dp,120,6,5,964327,0.251446502828284,970516,0.250454902420184,1.5882477514411,0.251446502828284,0.498098594751532,7,,964327,,FALSE,964327,FALSE,18,ambiguous,20260507_145347_unknown_allT_DP_MB_ME_g5_sm0p5_kg0_ks0_rcpp
sp1,123315,849035,,5,3.6,2000-06-01,"","",tree,all,0.0381571271145179,0.372624469424891,0.406738340860665,0.00773303781512013,0.0620795782771553,-0.0203753924797626,1.4564596855136,1.07130403370132,25.9999,0.0638624477390889,-0.5,0,5,3.51132224183,0,dp,120,6,5,970517,0.239244626700838,970518,0.239244626700838,1.57711610675744,0.239244626700838,0.717733880102513,8,,970517,,FALSE,970517,FALSE,18,unlinked-likely,20260507_145347_unknown_allT_DP_MB_ME_g5_sm0p5_kg0_ks0_rcpp
sp1,123315,877137,,5,1.7,2000-06-01,"","",tree,all,0.0381571271145179,0.372624469424891,0.406738340860665,0.00773303781512013,0.0620795782771553,-0.0203753924797626,1.4564596855136,1.07130403370132,25.9999,0.0638624477390889,-0.5,0,5,3.51132224183,0,dp,120,6,5,970516,0.270556500177237,964327,0.267812217620234,1.57051553096985,0.15387709406751,0.46163128220253,9,,970518,,FALSE,970518,FALSE,18,ambiguous,20260507_145347_unknown_allT_DP_MB_ME_g5_sm0p5_kg0_ks0_rcpp
sp1,123315,899940,,5,1.5,2000-06-01,"","",tree,all,0.0381571271145179,0.372624469424891,0.406738340860665,0.00773303781512013,0.0620795782771553,-0.0203753924797626,1.4564596855136,1.07130403370132,25.9999,0.0638624477390889,-0.5,0,5,3.51132224183,0,dp,120,6,5,970516,0.282494220991617,964327,0.275530671044474,1.55870742333309,0.275530671044474,0.441975107963909,10,,964327,,FALSE,964327,FALSE,18,ambiguous,20260507_145347_unknown_allT_DP_MB_ME_g5_sm0p5_kg0_ks0_rcpp
sp1,123315,918872,,6,3.8,2005-06-30,"","",tree,all,0.0381571271145179,0.372624469424891,0.406738340860665,0.00773303781512013,0.0620795782771553,-0.0203753924797626,1.4564596855136,1.07130403370132,25.9999,0.0638624477390889,-0.5,0,5,3.51132224183,0,dp,120,6,5,970519,0.311822565733597,970518,0.311822565733597,1.26697665050343,0.311822565733597,0.93546769720079,11,,970517,,FALSE,970517,FALSE,18,unlinked-likely,20260507_145347_unknown_allT_DP_MB_ME_g5_sm0p5_kg0_ks0_rcpp
sp1,123315,934224,,6,1.9,2005-06-30,"","",tree,all,0.0381571271145179,0.372624469424891,0.406738340860665,0.00773303781512013,0.0620795782771553,-0.0203753924797626,1.4564596855136,1.07130403370132,25.9999,0.0638624477390889,-0.5,0,5,3.51132224183,0,dp,120,6,5,964327,0.307797873083938,970516,0.277536932165749,1.53900845866319,0.138221731583438,0.414665194750314,12,,970518,,FALSE,970518,FALSE,18,ambiguous,20260507_145347_unknown_allT_DP_MB_ME_g5_sm0p5_kg0_ks0_rcpp
sp1,123315,946579,,6,1.7,2005-06-30,"","",tree,all,0.0381571271145179,0.372624469424891,0.406738340860665,0.00773303781512013,0.0620795782771553,-0.0203753924797626,1.4564596855136,1.07130403370132,25.9999,0.0638624477390889,-0.5,0,5,3.51132224183,0,dp,120,6,5,964327,0.321491496210835,970516,0.314304584956438,1.4965772322147,0.321491496210835,0.364203918832727,13,,964327,,FALSE,964327,FALSE,18,ambiguous,20260507_145347_unknown_allT_DP_MB_ME_g5_sm0p5_kg0_ks0_rcpp
sp1,123315,956374,,6,1.2,2005-06-30,"","",tree,all,0.0381571271145179,0.372624469424891,0.406738340860665,0.00773303781512013,0.0620795782771553,-0.0203753924797626,1.4564596855136,1.07130403370132,25.9999,0.0638624477390889,-0.5,0,5,3.51132224183,0,dp,120,6,5,970516,0.399452902357548,964327,0.306178327906017,1.41233776669779,0.399452902357548,0.294368769736435,14,,970516,,FALSE,970516,FALSE,18,ambiguous,20260507_145347_unknown_allT_DP_MB_ME_g5_sm0p5_kg0_ks0_rcpp
sp1,123315,964327,964327,7,1.8,2010-05-25,R,"",tree,all,0.0381571271145179,0.372624469424891,0.406738340860665,0.00773303781512013,0.0620795782771553,-0.0203753924797626,1.4564596855136,1.07130403370132,25.9999,0.0638624477390889,-0.5,0,5,3.51132224183,0,given,120,6,5,964327,1,970516,0,0,1,0,15,,964327,,FALSE,964327,FALSE,18,confident,20260507_145347_unknown_allT_DP_MB_ME_g5_sm0p5_kg0_ks0_rcpp
sp1,123315,964327,964327,8,,2015-09-01,"","",tree,all,0.0381571271145179,0.372624469424891,0.406738340860665,0.00773303781512013,0.0620795782771553,-0.0203753924797626,1.4564596855136,1.07130403370132,25.9999,0.0638624477390889,-0.5,0,5,3.51132224183,0,given,120,6,5,,,,,,,,17,,964327,,FALSE,964327,FALSE,18,,20260507_145347_unknown_allT_DP_MB_ME_g5_sm0p5_kg0_ks0_rcpp
sp1,123315,964327,964327,9,,2022-12-21,"","",tree,all,0.0381571271145179,0.372624469424891,0.406738340860665,0.00773303781512013,0.0620795782771553,-0.0203753924797626,1.4564596855136,1.07130403370132,25.9999,0.0638624477390889,-0.5,0,5,3.51132224183,0,given,120,6,5,,,,,,,,19,,964327,,FALSE,964327,FALSE,18,,20260507_145347_unknown_allT_DP_MB_ME_g5_sm0p5_kg0_ks0_rcpp
sp1,123315,970516,970516,7,1.1,2010-05-25,"","",tree,all,0.0381571271145179,0.372624469424891,0.406738340860665,0.00773303781512013,0.0620795782771553,-0.0203753924797626,1.4564596855136,1.07130403370132,25.9999,0.0638624477390889,-0.5,0,5,3.51132224183,0,given,120,6,5,970516,1,964327,0,0,1,0,16,,970516,,FALSE,970516,FALSE,18,confident,20260507_145347_unknown_allT_DP_MB_ME_g5_sm0p5_kg0_ks0_rcpp
sp1,123315,970516,970516,8,,2015-09-01,"","",tree,all,0.0381571271145179,0.372624469424891,0.406738340860665,0.00773303781512013,0.0620795782771553,-0.0203753924797626,1.4564596855136,1.07130403370132,25.9999,0.0638624477390889,-0.5,0,5,3.51132224183,0,given,120,6,5,,,,,,,,18,,970516,,FALSE,970516,FALSE,18,,20260507_145347_unknown_allT_DP_MB_ME_g5_sm0p5_kg0_ks0_rcpp
sp1,123315,970516,970516,9,,2022-12-21,"","",tree,all,0.0381571271145179,0.372624469424891,0.406738340860665,0.00773303781512013,0.0620795782771553,-0.0203753924797626,1.4564596855136,1.07130403370132,25.9999,0.0638624477390889,-0.5,0,5,3.51132224183,0,given,120,6,5,,,,,,,,20,,970516,,FALSE,970516,FALSE,18,,20260507_145347_unknown_allT_DP_MB_ME_g5_sm0p5_kg0_ks0_rcpp
sp1,131222,114524,,1,3,1981-12-09,"","",tree,all,0.0381571271145179,0.372624469424891,0.406738340860665,0.00773303781512013,0.0620795782771553,-0.0203753924797626,1.4564596855136,1.07130403370132,25.9999,0.0638624477390889,-0.5,0,5,3.51132224183,0,dp,2,1,2,713657,0.501414508101892,713658,0.498585491898108,0.693143178888267,0.501414508101892,0.498585491898108,1,,713657,,FALSE,713657,FALSE,18,ambiguous,20260507_145347_unknown_allT_DP_MB_ME_g5_sm0p5_kg0_ks0_rcpp
sp1,131222,114524,,2,,1985-05-07,MF,"",tree,all,0.0381571271145179,0.372624469424891,0.406738340860665,0.00773303781512013,0.0620795782771553,-0.0203753924797626,1.4564596855136,1.07130403370132,25.9999,0.0638624477390889,-0.5,0,5,3.51132224183,0,dp_mf_inferred,,,,,,,,,,,2,,713657,,FALSE,713657,FALSE,18,,20260507_145347_unknown_allT_DP_MB_ME_g5_sm0p5_kg0_ks0_rcpp
sp1,131222,525593,,3,5.1,1990-08-01,"","",tree,all,0.0381571271145179,0.372624469424891,0.406738340860665,0.00773303781512013,0.0620795782771553,-0.0203753924797626,1.4564596855136,1.07130403370132,25.9999,0.0638624477390889,-0.5,0,5,3.51132224183,0,dp,2,1,2,713657,0.510820096051252,713658,0.489179903948748,0.69291301332416,0.510820096051252,0.489179903948748,3,,713657,,FALSE,713657,FALSE,18,ambiguous,20260507_145347_unknown_allT_DP_MB_ME_g5_sm0p5_kg0_ks0_rcpp
sp1,131222,641379,,3,4.4,1990-08-01,"","",tree,all,0.0381571271145179,0.372624469424891,0.406738340860665,0.00773303781512013,0.0620795782771553,-0.0203753924797626,1.4564596855136,1.07130403370132,25.9999,0.0638624477390889,-0.5,0,5,3.51132224183,0,dp,2,1,2,713658,0.510820096051252,713657,0.489179903948748,0.69291301332416,0.510820096051252,0.510820096051252,4,,713658,,FALSE,713658,FALSE,18,unlinked-likely,20260507_145347_unknown_allT_DP_MB_ME_g5_sm0p5_kg0_ks0_rcpp
sp1,131222,713657,,4,7.9,1995-05-09,"","",tree,all,0.0381571271145179,0.372624469424891,0.406738340860665,0.00773303781512013,0.0620795782771553,-0.0203753924797626,1.4564596855136,1.07130403370132,25.9999,0.0638624477390889,-0.5,0,5,3.51132224183,0,dp,2,1,2,713657,1,713658,0,0,1,0,5,,713657,,FALSE,713657,FALSE,18,confident,20260507_145347_unknown_allT_DP_MB_ME_g5_sm0p5_kg0_ks0_rcpp
sp1,131222,713657,,5,13.4,2000-05-04,"","",tree,all,0.0381571271145179,0.372624469424891,0.406738340860665,0.00773303781512013,0.0620795782771553,-0.0203753924797626,1.4564596855136,1.07130403370132,25.9999,0.0638624477390889,-0.5,0,5,3.51132224183,0,dp,2,1,2,713657,1,713658,0,0,1,0,6,,713657,,FALSE,713657,FALSE,18,confident,20260507_145347_unknown_allT_DP_MB_ME_g5_sm0p5_kg0_ks0_rcpp
sp1,131222,713657,,6,20.4,2005-05-27,"","",tree,all,0.0381571271145179,0.372624469424891,0.406738340860665,0.00773303781512013,0.0620795782771553,-0.0203753924797626,1.4564596855136,1.07130403370132,25.9999,0.0638624477390889,-0.5,0,5,3.51132224183,0,dp,2,1,2,713657,1,713658,0,0,1,0,7,,713657,,FALSE,713657,FALSE,18,confident,20260507_145347_unknown_allT_DP_MB_ME_g5_sm0p5_kg0_ks0_rcpp
sp1,131222,713657,713657,7,27.3,2010-05-05,"","",tree,all,0.0381571271145179,0.372624469424891,0.406738340860665,0.00773303781512013,0.0620795782771553,-0.0203753924797626,1.4564596855136,1.07130403370132,25.9999,0.0638624477390889,-0.5,0,5,3.51132224183,0,given,2,1,2,713657,1,713658,0,0,1,0,8,,713657,,FALSE,713657,FALSE,18,confident,20260507_145347_unknown_allT_DP_MB_ME_g5_sm0p5_kg0_ks0_rcpp
sp1,131222,713657,713657,8,33.03964,2015-06-26,"","",tree,all,0.0381571271145179,0.372624469424891,0.406738340860665,0.00773303781512013,0.0620795782771553,-0.0203753924797626,1.4564596855136,1.07130403370132,25.9999,0.0638624477390889,-0.5,0,5,3.51132224183,0,given,,,,,,,,,,,9,,713657,,FALSE,713657,FALSE,18,,20260507_145347_unknown_allT_DP_MB_ME_g5_sm0p5_kg0_ks0_rcpp
sp1,131222,713657,713657,9,38.85152,2023-06-29,"","",tree,all,0.0381571271145179,0.372624469424891,0.406738340860665,0.00773303781512013,0.0620795782771553,-0.0203753924797626,1.4564596855136,1.07130403370132,25.9999,0.0638624477390889,-0.5,0,5,3.51132224183,0,given,,,,,,,,,,,10,,713657,,FALSE,713657,FALSE,18,,20260507_145347_unknown_allT_DP_MB_ME_g5_sm0p5_kg0_ks0_rcpp
sp1,140729,122561,,1,1,1981-12-04,"","",tree,all,0.0381571271145179,0.372624469424891,0.406738340860665,0.00773303781512013,0.0620795782771553,-0.0203753924797626,1.4564596855136,1.07130403370132,25.9999,0.0638624477390889,-0.5,0,5,3.51132224183,0,dp,6,4,3,850377,0.470674167910538,850379,0.264662916044731,1.05832689231189,0.264662916044731,0.529325832089462,1,,850378,,FALSE,850378,FALSE,18,unlinked-likely,20260507_145347_unknown_allT_DP_MB_ME_g5_sm0p5_kg0_ks0_rcpp
sp1,140729,122561,,2,1.5,1985-04-16,"","",tree,all,0.0381571271145179,0.372624469424891,0.406738340860665,0.00773303781512013,0.0620795782771553,-0.0203753924797626,1.4564596855136,1.07130403370132,25.9999,0.0638624477390889,-0.5,0,5,3.51132224183,0,dp,6,4,3,850377,0.474331906600824,850378,0.262834046699588,1.05619425598187,0.262834046699588,0.525668093399176,2,,850378,,FALSE,850378,FALSE,18,unlinked-likely,20260507_145347_unknown_allT_DP_MB_ME_g5_sm0p5_kg0_ks0_rcpp
sp1,140729,122561,,3,1.3,1990-08-03,"","",tree,all,0.0381571271145179,0.372624469424891,0.406738340860665,0.00773303781512013,0.0620795782771553,-0.0203753924797626,1.4564596855136,1.07130403370132,25.9999,0.0638624477390889,-0.5,0,5,3.51132224183,0,dp,6,4,3,850377,0.484365742312393,850378,0.257817128843804,1.0500686727568,0.257817128843804,0.515634257687607,3,,850378,,FALSE,850378,FALSE,18,unlinked-likely,20260507_145347_unknown_allT_DP_MB_ME_g5_sm0p5_kg0_ks0_rcpp
sp1,140729,527958,,4,1.2,1995-04-25,"","",tree,all,0.0381571271145179,0.372624469424891,0.406738340860665,0.00773303781512013,0.0620795782771553,-0.0203753924797626,1.4564596855136,1.07130403370132,25.9999,0.0638624477390889,-0.5,0,5,3.51132224183,0,dp,6,4,3,850377,0.48797140722891,850378,0.256014296385545,1.04776895399828,0.256014296385545,0.51202859277109,4,,850378,,FALSE,850378,FALSE,18,unlinked-likely,20260507_145347_unknown_allT_DP_MB_ME_g5_sm0p5_kg0_ks0_rcpp
sp1,140729,642866,,4,1.1,1995-04-25,"","",tree,all,0.0381571271145179,0.372624469424891,0.406738340860665,0.00773303781512013,0.0620795782771553,-0.0203753924797626,1.4564596855136,1.07130403370132,25.9999,0.0638624477390889,-0.5,0,5,3.51132224183,0,dp,6,4,3,850377,0.488174862493966,850378,0.255912568753017,1.0476376377307,0.488174862493966,0.511825137506035,5,,850377,,FALSE,850377,FALSE,18,unlinked-likely,20260507_145347_unknown_allT_DP_MB_ME_g5_sm0p5_kg0_ks0_rcpp
sp1,140729,714907,,5,1.3,2000-04-28,"","",tree,all,0.0381571271145179,0.372624469424891,0.406738340860665,0.00773303781512013,0.0620795782771553,-0.0203753924797626,1.4564596855136,1.07130403370132,25.9999,0.0638624477390889,-0.5,0,5,3.51132224183,0,dp,6,4,3,850377,0.488403269886783,850378,0.255798365056609,1.04749001920313,0.255798365056609,0.511596730113218,6,,850378,,FALSE,850378,FALSE,18,unlinked-likely,20260507_145347_unknown_allT_DP_MB_ME_g5_sm0p5_kg0_ks0_rcpp
sp1,140729,770852,,5,1.2,2000-04-28,"","",tree,all,0.0381571271145179,0.372624469424891,0.406738340860665,0.00773303781512013,0.0620795782771553,-0.0203753924797626,1.4564596855136,1.07130403370132,25.9999,0.0638624477390889,-0.5,0,5,3.51132224183,0,dp,6,4,3,850377,0.503540778889964,850378,0.248229610555018,1.03724141549548,0.503540778889964,0.496459221110036,7,,850377,,FALSE,850377,FALSE,18,ambiguous,20260507_145347_unknown_allT_DP_MB_ME_g5_sm0p5_kg0_ks0_rcpp
sp1,140729,815104,,6,1.3,2005-04-29,"","",tree,all,0.0381571271145179,0.372624469424891,0.406738340860665,0.00773303781512013,0.0620795782771553,-0.0203753924797626,1.4564596855136,1.07130403370132,25.9999,0.0638624477390889,-0.5,0,5,3.51132224183,0,provisional_dp,6,4,3,850377,1,850378,0,0,1,0,8,,850377,FALSE,FALSE,850377,FALSE,18,confident,20260507_145347_unknown_allT_DP_MB_ME_g5_sm0p5_kg0_ks0_rcpp
sp1,140729,850376,850376,7,,2010-04-21,"","",tree,all,0.0381571271145179,0.372624469424891,0.406738340860665,0.00773303781512013,0.0620795782771553,-0.0203753924797626,1.4564596855136,1.07130403370132,25.9999,0.0638624477390889,-0.5,0,5,3.51132224183,0,given,6,4,3,,,,,,,,9,,850376,,FALSE,850376,FALSE,18,,20260507_145347_unknown_allT_DP_MB_ME_g5_sm0p5_kg0_ks0_rcpp
sp1,140729,850376,850376,8,,2015-06-16,"","",tree,all,0.0381571271145179,0.372624469424891,0.406738340860665,0.00773303781512013,0.0620795782771553,-0.0203753924797626,1.4564596855136,1.07130403370132,25.9999,0.0638624477390889,-0.5,0,5,3.51132224183,0,given,6,4,3,,,,,,,,10,,850376,,FALSE,850376,FALSE,18,,20260507_145347_unknown_allT_DP_MB_ME_g5_sm0p5_kg0_ks0_rcpp
sp1,140729,850376,850376,9,,2023-06-15,"","",tree,all,0.0381571271145179,0.372624469424891,0.406738340860665,0.00773303781512013,0.0620795782771553,-0.0203753924797626,1.4564596855136,1.07130403370132,25.9999,0.0638624477390889,-0.5,0,5,3.51132224183,0,given,6,4,3,,,,,,,,11,,850376,,FALSE,850376,FALSE,18,,20260507_145347_unknown_allT_DP_MB_ME_g5_sm0p5_kg0_ks0_rcpp
sp1,159367,138454,,1,1.5,1982-03-23,"","",tree,all,0.0381571271145179,0.372624469424891,0.406738340860665,0.00773303781512013,0.0620795782771553,-0.0203753924797626,1.4564596855136,1.07130403370132,25.9999,0.0638624477390889,-0.5,0,5,3.51132224183,0,dp,2,1,2,138454,0.909389805233536,138455,0.0906101947664643,0.303947322512489,0.909389805233536,0.0906101947664643,1,,138454,,FALSE,138454,FALSE,18,ambiguous,20260507_145347_unknown_allT_DP_MB_ME_g5_sm0p5_kg0_ks0_rcpp
sp1,159367,138454,,2,1,1985-04-20,"","",tree,all,0.0381571271145179,0.372624469424891,0.406738340860665,0.00773303781512013,0.0620795782771553,-0.0203753924797626,1.4564596855136,1.07130403370132,25.9999,0.0638624477390889,-0.5,0,5,3.51132224183,0,dp,2,1,2,138454,0.917257638725194,138455,0.0827423612748056,0.285416603033709,0.917257638725194,0.0827423612748056,2,,138454,,FALSE,138454,FALSE,18,ambiguous,20260507_145347_unknown_allT_DP_MB_ME_g5_sm0p5_kg0_ks0_rcpp
sp1,159367,138454,,3,1.6,1990-09-20,"","",tree,all,0.0381571271145179,0.372624469424891,0.406738340860665,0.00773303781512013,0.0620795782771553,-0.0203753924797626,1.4564596855136,1.07130403370132,25.9999,0.0638624477390889,-0.5,0,5,3.51132224183,0,dp,2,1,2,138454,0.935236143525176,138455,0.0647638564748237,0.239879046017681,0.935236143525176,0.0647638564748237,3,,138454,,FALSE,138454,FALSE,18,ambiguous,20260507_145347_unknown_allT_DP_MB_ME_g5_sm0p5_kg0_ks0_rcpp
sp1,159367,138454,,4,1.9,1995-05-30,"","",tree,all,0.0381571271145179,0.372624469424891,0.406738340860665,0.00773303781512013,0.0620795782771553,-0.0203753924797626,1.4564596855136,1.07130403370132,25.9999,0.0638624477390889,-0.5,0,5,3.51132224183,0,dp,2,1,2,138454,0.948864513759087,138455,0.0511354862409126,0.201845137646805,0.948864513759087,0.0511354862409126,4,,138454,,FALSE,138454,FALSE,18,ambiguous,20260507_145347_unknown_allT_DP_MB_ME_g5_sm0p5_kg0_ks0_rcpp
sp1,159367,138454,,5,2,2000-05-17,"","",tree,all,0.0381571271145179,0.372624469424891,0.406738340860665,0.00773303781512013,0.0620795782771553,-0.0203753924797626,1.4564596855136,1.07130403370132,25.9999,0.0638624477390889,-0.5,0,5,3.51132224183,0,dp,2,1,2,138454,0.965764258586312,138455,0.0342357414136877,0.149170893289496,0.965764258586312,0.0342357414136877,5,,138454,,FALSE,138454,FALSE,18,confident,20260507_145347_unknown_allT_DP_MB_ME_g5_sm0p5_kg0_ks0_rcpp
sp1,159367,138454,,6,2,2005-06-08,"","",tree,all,0.0381571271145179,0.372624469424891,0.406738340860665,0.00773303781512013,0.0620795782771553,-0.0203753924797626,1.4564596855136,1.07130403370132,25.9999,0.0638624477390889,-0.5,0,5,3.51132224183,0,dp,2,1,2,138454,0.984336086675358,138455,0.0156639133246418,0.0806460110297753,0.984336086675358,0.0156639133246418,6,,138454,,FALSE,138454,FALSE,18,confident,20260507_145347_unknown_allT_DP_MB_ME_g5_sm0p5_kg0_ks0_rcpp
sp1,159367,138454,138454,7,2.3,2010-06-03,"","",tree,all,0.0381571271145179,0.372624469424891,0.406738340860665,0.00773303781512013,0.0620795782771553,-0.0203753924797626,1.4564596855136,1.07130403370132,25.9999,0.0638624477390889,-0.5,0,5,3.51132224183,0,given,2,1,2,138454,1,138455,0,0,1,0,7,,138454,,FALSE,138454,FALSE,18,confident,20260507_145347_unknown_allT_DP_MB_ME_g5_sm0p5_kg0_ks0_rcpp
sp1,159367,138454,138454,8,2.3,2015-06-30,"","",tree,all,0.0381571271145179,0.372624469424891,0.406738340860665,0.00773303781512013,0.0620795782771553,-0.0203753924797626,1.4564596855136,1.07130403370132,25.9999,0.0638624477390889,-0.5,0,5,3.51132224183,0,given,,,,,,,,,,,8,,138454,,FALSE,138454,FALSE,18,,20260507_145347_unknown_allT_DP_MB_ME_g5_sm0p5_kg0_ks0_rcpp
sp1,159367,138454,138454,9,,2022-09-28,R,"",tree,all,0.0381571271145179,0.372624469424891,0.406738340860665,0.00773303781512013,0.0620795782771553,-0.0203753924797626,1.4564596855136,1.07130403370132,25.9999,0.0638624477390889,-0.5,0,5,3.51132224183,0,given,,,,,,,,,,,9,,138454,,FALSE,138454,FALSE,18,,20260507_145347_unknown_allT_DP_MB_ME_g5_sm0p5_kg0_ks0_rcpp
sp1,166815,145077,,1,2,1982-03-28,"","",tree,all,0.0381571271145179,0.372624469424891,0.406738340860665,0.00773303781512013,0.0620795782771553,-0.0203753924797626,1.4564596855136,1.07130403370132,25.9999,0.0638624477390889,-0.5,0,5,3.51132224183,0,dp,2,1,2,145077,0.824162468713362,145078,0.175837531286638,0.465022687416918,0.824162468713362,0.175837531286638,1,,145077,,FALSE,145077,FALSE,18,ambiguous,20260507_145347_unknown_allT_DP_MB_ME_g5_sm0p5_kg0_ks0_rcpp
sp1,166815,145077,,2,,1985-04-25,MF,"",tree,all,0.0381571271145179,0.372624469424891,0.406738340860665,0.00773303781512013,0.0620795782771553,-0.0203753924797626,1.4564596855136,1.07130403370132,25.9999,0.0638624477390889,-0.5,0,5,3.51132224183,0,dp_mf_inferred,,,,,,,,,,,2,,145077,,FALSE,145077,FALSE,18,,20260507_145347_unknown_allT_DP_MB_ME_g5_sm0p5_kg0_ks0_rcpp
sp1,166815,145077,,3,,1990-08-23,"","",tree,all,0.0381571271145179,0.372624469424891,0.406738340860665,0.00773303781512013,0.0620795782771553,-0.0203753924797626,1.4564596855136,1.07130403370132,25.9999,0.0638624477390889,-0.5,0,5,3.51132224183,0,dp_mf_inferred,,,,,,,,,,,3,,145077,,FALSE,145077,FALSE,18,,20260507_145347_unknown_allT_DP_MB_ME_g5_sm0p5_kg0_ks0_rcpp
sp1,166815,145077,,4,1.5,1995-04-05,"","",tree,all,0.0381571271145179,0.372624469424891,0.406738340860665,0.00773303781512013,0.0620795782771553,-0.0203753924797626,1.4564596855136,1.07130403370132,25.9999,0.0638624477390889,-0.5,0,5,3.51132224183,0,dp,2,1,2,145077,0.954153015639364,145078,0.0458469843606365,0.186100418303953,0.954153015639364,0.0458469843606365,4,,145077,,FALSE,145077,FALSE,18,confident,20260507_145347_unknown_allT_DP_MB_ME_g5_sm0p5_kg0_ks0_rcpp
sp1,166815,145077,,5,1.6,2000-04-05,"","",tree,all,0.0381571271145179,0.372624469424891,0.406738340860665,0.00773303781512013,0.0620795782771553,-0.0203753924797626,1.4564596855136,1.07130403370132,25.9999,0.0638624477390889,-0.5,0,5,3.51132224183,0,dp,2,1,2,145077,0.968975253055459,145078,0.0310247469445405,0.138286442378061,0.968975253055459,0.0310247469445405,5,,145077,,FALSE,145077,FALSE,18,confident,20260507_145347_unknown_allT_DP_MB_ME_g5_sm0p5_kg0_ks0_rcpp
sp1,166815,145077,,6,1.6,2005-04-26,"","",tree,all,0.0381571271145179,0.372624469424891,0.406738340860665,0.00773303781512013,0.0620795782771553,-0.0203753924797626,1.4564596855136,1.07130403370132,25.9999,0.0638624477390889,-0.5,0,5,3.51132224183,0,dp,2,1,2,145077,0.984828864249,145078,0.0151711357510003,0.0785976551857148,0.984828864249,0.0151711357510003,6,,145077,,FALSE,145077,FALSE,18,confident,20260507_145347_unknown_allT_DP_MB_ME_g5_sm0p5_kg0_ks0_rcpp
sp1,166815,145077,145077,7,1.7,2010-05-06,"","",tree,all,0.0381571271145179,0.372624469424891,0.406738340860665,0.00773303781512013,0.0620795782771553,-0.0203753924797626,1.4564596855136,1.07130403370132,25.9999,0.0638624477390889,-0.5,0,5,3.51132224183,0,given,2,1,2,145077,1,145078,0,0,1,0,7,,145077,,FALSE,145077,FALSE,18,confident,20260507_145347_unknown_allT_DP_MB_ME_g5_sm0p5_kg0_ks0_rcpp
sp1,166815,145077,145077,8,1.7,2015-07-01,"","",tree,all,0.0381571271145179,0.372624469424891,0.406738340860665,0.00773303781512013,0.0620795782771553,-0.0203753924797626,1.4564596855136,1.07130403370132,25.9999,0.0638624477390889,-0.5,0,5,3.51132224183,0,given,,,,,,,,,,,8,,145077,,FALSE,145077,FALSE,18,,20260507_145347_unknown_allT_DP_MB_ME_g5_sm0p5_kg0_ks0_rcpp
sp1,166815,145077,145077,9,,2022-09-20,"","",tree,all,0.0381571271145179,0.372624469424891,0.406738340860665,0.00773303781512013,0.0620795782771553,-0.0203753924797626,1.4564596855136,1.07130403370132,25.9999,0.0638624477390889,-0.5,0,5,3.51132224183,0,given,,,,,,,,,,,10,,145077,,FALSE,145077,FALSE,18,,20260507_145347_unknown_allT_DP_MB_ME_g5_sm0p5_kg0_ks0_rcpp
sp1,166815,1038359,1038359,8,1,2015-07-01,"","",tree,all,0.0381571271145179,0.372624469424891,0.406738340860665,0.00773303781512013,0.0620795782771553,-0.0203753924797626,1.4564596855136,1.07130403370132,25.9999,0.0638624477390889,-0.5,0,5,3.51132224183,0,given,,,,,,,,,,,9,,1038359,,FALSE,1038359,FALSE,18,,20260507_145347_unknown_allT_DP_MB_ME_g5_sm0p5_kg0_ks0_rcpp
sp1,166815,1038359,1038359,9,,2022-09-20,"","",tree,all,0.0381571271145179,0.372624469424891,0.406738340860665,0.00773303781512013,0.0620795782771553,-0.0203753924797626,1.4564596855136,1.07130403370132,25.9999,0.0638624477390889,-0.5,0,5,3.51132224183,0,given,,,,,,,,,,,11,,1038359,,FALSE,1038359,FALSE,18,,20260507_145347_unknown_allT_DP_MB_ME_g5_sm0p5_kg0_ks0_rcpp
sp1,167848,146104,,1,1,1982-04-08,"","",tree,all,0.0381571271145179,0.372624469424891,0.406738340860665,0.00773303781512013,0.0620795782771553,-0.0203753924797626,1.4564596855136,1.07130403370132,25.9999,0.0638624477390889,-0.5,0,5,3.51132224183,0,dp,2,1,2,146104,0.911530669290079,146105,0.0884693307099212,0.298982035743647,0.911530669290079,0.0884693307099212,1,,146104,,FALSE,146104,FALSE,18,ambiguous,20260507_145347_unknown_allT_DP_MB_ME_g5_sm0p5_kg0_ks0_rcpp
sp1,167848,146104,,2,1,1985-04-27,"","",tree,all,0.0381571271145179,0.372624469424891,0.406738340860665,0.00773303781512013,0.0620795782771553,-0.0203753924797626,1.4564596855136,1.07130403370132,25.9999,0.0638624477390889,-0.5,0,5,3.51132224183,0,dp,2,1,2,146104,0.917086243776799,146105,0.0829137562232009,0.285828727030397,0.917086243776799,0.0829137562232009,2,,146104,,FALSE,146104,FALSE,18,ambiguous,20260507_145347_unknown_allT_DP_MB_ME_g5_sm0p5_kg0_ks0_rcpp
sp1,167848,146104,,3,1.5,1990-09-08,"","",tree,all,0.0381571271145179,0.372624469424891,0.406738340860665,0.00773303781512013,0.0620795782771553,-0.0203753924797626,1.4564596855136,1.07130403370132,25.9999,0.0638624477390889,-0.5,0,5,3.51132224183,0,dp,2,1,2,146104,0.934782280739084,146105,0.065217719260916,0.241089186205129,0.934782280739084,0.065217719260916,3,,146104,,FALSE,146104,FALSE,18,ambiguous,20260507_145347_unknown_allT_DP_MB_ME_g5_sm0p5_kg0_ks0_rcpp
sp1,167848,146104,,4,1.5,1995-04-12,"","",tree,all,0.0381571271145179,0.372624469424891,0.406738340860665,0.00773303781512013,0.0620795782771553,-0.0203753924797626,1.4564596855136,1.07130403370132,25.9999,0.0638624477390889,-0.5,0,5,3.51132224183,0,dp,2,1,2,146104,0.948990473289517,146105,0.0510095267104834,0.201477073025221,0.948990473289517,0.0510095267104834,4,,146104,,FALSE,146104,FALSE,18,ambiguous,20260507_145347_unknown_allT_DP_MB_ME_g5_sm0p5_kg0_ks0_rcpp
sp1,167848,146104,,5,1.5,2000-04-13,"","",tree,all,0.0381571271145179,0.372624469424891,0.406738340860665,0.00773303781512013,0.0620795782771553,-0.0203753924797626,1.4564596855136,1.07130403370132,25.9999,0.0638624477390889,-0.5,0,5,3.51132224183,0,dp,2,1,2,146104,0.96584846412653,146105,0.0341515358734696,0.148889568980073,0.96584846412653,0.0341515358734696,5,,146104,,FALSE,146104,FALSE,18,confident,20260507_145347_unknown_allT_DP_MB_ME_g5_sm0p5_kg0_ks0_rcpp
sp1,167848,146104,,6,1.6,2005-05-17,"","",tree,all,0.0381571271145179,0.372624469424891,0.406738340860665,0.00773303781512013,0.0620795782771553,-0.0203753924797626,1.4564596855136,1.07130403370132,25.9999,0.0638624477390889,-0.5,0,5,3.51132224183,0,dp,2,1,2,146104,0.982840654087605,146105,0.0171593459123951,0.0867676590693923,0.982840654087605,0.0171593459123951,6,,146104,,FALSE,146104,FALSE,18,confident,20260507_145347_unknown_allT_DP_MB_ME_g5_sm0p5_kg0_ks0_rcpp
sp1,167848,146104,146104,7,1.6,2010-05-18,"","",tree,all,0.0381571271145179,0.372624469424891,0.406738340860665,0.00773303781512013,0.0620795782771553,-0.0203753924797626,1.4564596855136,1.07130403370132,25.9999,0.0638624477390889,-0.5,0,5,3.51132224183,0,given,2,1,2,146104,1,146105,0,0,1,0,7,,146104,,FALSE,146104,FALSE,18,confident,20260507_145347_unknown_allT_DP_MB_ME_g5_sm0p5_kg0_ks0_rcpp
sp1,167848,146104,146104,8,1.7,2015-07-15,"","",tree,all,0.0381571271145179,0.372624469424891,0.406738340860665,0.00773303781512013,0.0620795782771553,-0.0203753924797626,1.4564596855136,1.07130403370132,25.9999,0.0638624477390889,-0.5,0,5,3.51132224183,0,given,,,,,,,,,,,8,,146104,,FALSE,146104,FALSE,18,,20260507_145347_unknown_allT_DP_MB_ME_g5_sm0p5_kg0_ks0_rcpp
sp1,167848,146104,146104,9,,2022-09-27,R,"",tree,all,0.0381571271145179,0.372624469424891,0.406738340860665,0.00773303781512013,0.0620795782771553,-0.0203753924797626,1.4564596855136,1.07130403370132,25.9999,0.0638624477390889,-0.5,0,5,3.51132224183,0,given,,,,,,,,,,,9,,146104,,FALSE,146104,FALSE,18,,20260507_145347_unknown_allT_DP_MB_ME_g5_sm0p5_kg0_ks0_rcpp
sp1,170662,147963,,1,1,1982-02-25,"","",tree,all,0.0381571271145179,0.372624469424891,0.406738340860665,0.00773303781512013,0.0620795782771553,-0.0203753924797626,1.4564596855136,1.07130403370132,25.9999,0.0638624477390889,-0.5,0,5,3.51132224183,0,dp,2,1,2,147963,0.908587764298054,147964,0.0914122357019459,0.305793101998973,0.908587764298054,0.0914122357019459,1,,147963,,FALSE,147963,FALSE,19,ambiguous,20260507_145347_unknown_allT_DP_MB_ME_g5_sm0p5_kg0_ks0_rcpp
sp1,170662,147963,,2,1.5,1985-04-04,"","",tree,all,0.0381571271145179,0.372624469424891,0.406738340860665,0.00773303781512013,0.0620795782771553,-0.0203753924797626,1.4564596855136,1.07130403370132,25.9999,0.0638624477390889,-0.5,0,5,3.51132224183,0,dp,2,1,2,147963,0.914764397366752,147964,0.0852356026332484,0.291373902029337,0.914764397366752,0.0852356026332484,2,,147963,,FALSE,147963,FALSE,19,ambiguous,20260507_145347_unknown_allT_DP_MB_ME_g5_sm0p5_kg0_ks0_rcpp
sp1,170662,147963,,3,2,1990-06-02,"","",tree,all,0.0381571271145179,0.372624469424891,0.406738340860665,0.00773303781512013,0.0620795782771553,-0.0203753924797626,1.4564596855136,1.07130403370132,25.9999,0.0638624477390889,-0.5,0,5,3.51132224183,0,dp,2,1,2,147963,0.93036979447816,147964,0.0696302055218402,0.252681351479171,0.93036979447816,0.0696302055218402,3,,147963,,FALSE,147963,FALSE,19,ambiguous,20260507_145347_unknown_allT_DP_MB_ME_g5_sm0p5_kg0_ks0_rcpp
sp1,170662,147963,,4,2.4,1995-03-23,"","",tree,all,0.0381571271145179,0.372624469424891,0.406738340860665,0.00773303781512013,0.0620795782771553,-0.0203753924797626,1.4564596855136,1.07130403370132,25.9999,0.0638624477390889,-0.5,0,5,3.51132224183,0,dp,2,1,2,147963,0.94423218081139,147964,0.0557678191886104,0.215160114491957,0.94423218081139,0.0557678191886104,4,,147963,,FALSE,147963,FALSE,19,ambiguous,20260507_145347_unknown_allT_DP_MB_ME_g5_sm0p5_kg0_ks0_rcpp
sp1,170662,147963,,5,2.5,2000-03-14,"","",tree,all,0.0381571271145179,0.372624469424891,0.406738340860665,0.00773303781512013,0.0620795782771553,-0.0203753924797626,1.4564596855136,1.07130403370132,25.9999,0.0638624477390889,-0.5,0,5,3.51132224183,0,dp,2,1,2,147963,0.961853121316235,147964,0.0381468786837654,0.162009436598034,0.961853121316235,0.0381468786837654,5,,147963,,FALSE,147963,FALSE,19,confident,20260507_145347_unknown_allT_DP_MB_ME_g5_sm0p5_kg0_ks0_rcpp
sp1,170662,147963,,6,2.5,2005-03-22,"","",tree,all,0.0381571271145179,0.372624469424891,0.406738340860665,0.00773303781512013,0.0620795782771553,-0.0203753924797626,1.4564596855136,1.07130403370132,25.9999,0.0638624477390889,-0.5,0,5,3.51132224183,0,dp,2,1,2,147963,0.980998958629486,147964,0.0190010413705144,0.0941254628195743,0.980998958629486,0.0190010413705144,6,,147963,,FALSE,147963,FALSE,19,confident,20260507_145347_unknown_allT_DP_MB_ME_g5_sm0p5_kg0_ks0_rcpp
sp1,170662,147963,147963,7,2.5,2010-03-23,"","",tree,all,0.0381571271145179,0.372624469424891,0.406738340860665,0.00773303781512013,0.0620795782771553,-0.0203753924797626,1.4564596855136,1.07130403370132,25.9999,0.0638624477390889,-0.5,0,5,3.51132224183,0,given,2,1,2,147963,1,147964,0,0,1,0,7,,147963,,FALSE,147963,FALSE,19,confident,20260507_145347_unknown_allT_DP_MB_ME_g5_sm0p5_kg0_ks0_rcpp
sp1,170662,147963,147963,8,,2015-05-25,R,"",tree,all,0.0381571271145179,0.372624469424891,0.406738340860665,0.00773303781512013,0.0620795782771553,-0.0203753924797626,1.4564596855136,1.07130403370132,25.9999,0.0638624477390889,-0.5,0,5,3.51132224183,0,given,2,1,2,,,,,,,,8,,147963,,FALSE,147963,FALSE,19,,20260507_145347_unknown_allT_DP_MB_ME_g5_sm0p5_kg0_ks0_rcpp
sp1,170662,147963,147963,9,,2023-04-19,"","",tree,all,0.0381571271145179,0.372624469424891,0.406738340860665,0.00773303781512013,0.0620795782771553,-0.0203753924797626,1.4564596855136,1.07130403370132,25.9999,0.0638624477390889,-0.5,0,5,3.51132224183,0,given,2,1,2,,,,,,,,9,,147963,,FALSE,147963,FALSE,19,,20260507_145347_unknown_allT_DP_MB_ME_g5_sm0p5_kg0_ks0_rcpp
sp1,176772,153339,,1,2,1982-04-19,"","",tree,all,0.0381571271145179,0.372624469424891,0.406738340860665,0.00773303781512013,0.0620795782771553,-0.0203753924797626,1.4564596855136,1.07130403370132,25.9999,0.0638624477390889,-0.5,0,5,3.51132224183,0,dp,6,1,3,1,0.381996934823137,2,0.309001532588431,1.09340034741238,0.309001532588431,0.618003065176863,1,,2,,FALSE,2,FALSE,19,unlinked-likely,20260507_145347_unknown_allT_DP_MB_ME_g5_sm0p5_kg0_ks0_rcpp
sp1,176772,537473,,1,1.5,1982-04-19,"","",tree,all,0.0381571271145179,0.372624469424891,0.406738340860665,0.00773303781512013,0.0620795782771553,-0.0203753924797626,1.4564596855136,1.07130403370132,25.9999,0.0638624477390889,-0.5,0,5,3.51132224183,0,dp,6,1,3,1,0.613862338764575,2,0.193068830617712,0.93463925620491,0.613862338764575,0.386137661235425,2,,1,,FALSE,1,FALSE,19,ambiguous,20260507_145347_unknown_allT_DP_MB_ME_g5_sm0p5_kg0_ks0_rcpp
sp1,176772,649031,,2,1.5,1985-04-21,"","",tree,all,0.0381571271145179,0.372624469424891,0.406738340860665,0.00773303781512013,0.0620795782771553,-0.0203753924797626,1.4564596855136,1.07130403370132,25.9999,0.0638624477390889,-0.5,0,5,3.51132224183,0,provisional_dp,6,1,3,1,1,2,0,0,1,0,3,,1,FALSE,FALSE,1,FALSE,19,confident,20260507_145347_unknown_allT_DP_MB_ME_g5_sm0p5_kg0_ks0_rcpp
sp1,176772,649031,,3,,1990-06-05,"","",tree,all,0.0381571271145179,0.372624469424891,0.406738340860665,0.00773303781512013,0.0620795782771553,-0.0203753924797626,1.4564596855136,1.07130403370132,25.9999,0.0638624477390889,-0.5,0,5,3.51132224183,0,given_orphan,6,1,3,,,,,,,,4,,649031,,FALSE,,FALSE,19,,20260507_145347_unknown_allT_DP_MB_ME_g5_sm0p5_kg0_ks0_rcpp
sp1,193880,169280,,1,1,1982-05-30,"","",tree,all,0.0381571271145179,0.372624469424891,0.406738340860665,0.00773303781512013,0.0620795782771553,-0.0203753924797626,1.4564596855136,1.07130403370132,25.9999,0.0638624477390889,-0.5,0,5,3.51132224183,0,dp,2,1,2,542614,0.99490343716121,542615,0.00509656283879001,0.0319892713089611,0.99490343716121,0.00509656283879001,1,,542614,,FALSE,542614,FALSE,19,confident,20260507_145347_unknown_allT_DP_MB_ME_g5_sm0p5_kg0_ks0_rcpp
sp1,193880,169280,,2,1,1985-03-16,"","",tree,all,0.0381571271145179,0.372624469424891,0.406738340860665,0.00773303781512013,0.0620795782771553,-0.0203753924797626,1.4564596855136,1.07130403370132,25.9999,0.0638624477390889,-0.5,0,5,3.51132224183,0,dp,2,1,2,542614,1,542615,0,0,1,0,2,,542614,,FALSE,542614,FALSE,19,confident,20260507_145347_unknown_allT_DP_MB_ME_g5_sm0p5_kg0_ks0_rcpp
sp1,193880,542613,,3,1.2,1990-07-06,R,"",tree,all,0.0381571271145179,0.372624469424891,0.406738340860665,0.00773303781512013,0.0620795782771553,-0.0203753924797626,1.4564596855136,1.07130403370132,25.9999,0.0638624477390889,-0.5,0,5,3.51132224183,0,provisional_dp,2,1,2,542614,1,542615,0,0,1,0,3,,542614,FALSE,FALSE,542614,FALSE,19,confident,20260507_145347_unknown_allT_DP_MB_ME_g5_sm0p5_kg0_ks0_rcpp
sp1,193880,542613,,4,1.2,1995-05-04,"","",tree,all,0.0381571271145179,0.372624469424891,0.406738340860665,0.00773303781512013,0.0620795782771553,-0.0203753924797626,1.4564596855136,1.07130403370132,25.9999,0.0638624477390889,-0.5,0,5,3.51132224183,0,dp,2,4,2,542613,0.966033903057175,542614,0.0339660969428247,0.148269272928189,0.966033903057175,0.0339660969428247,4,,542613,,FALSE,542613,FALSE,19,confident,20260507_145347_unknown_allT_DP_MB_ME_g5_sm0p5_kg0_ks0_rcpp
sp1,193880,542613,,5,1.3,2000-04-17,"","",tree,all,0.0381571271145179,0.372624469424891,0.406738340860665,0.00773303781512013,0.0620795782771553,-0.0203753924797626,1.4564596855136,1.07130403370132,25.9999,0.0638624477390889,-0.5,0,5,3.51132224183,0,dp,2,4,2,542613,0.966033903057175,542614,0.0339660969428247,0.148269272928189,0.966033903057175,0.0339660969428247,5,,542613,,FALSE,542613,FALSE,19,confident,20260507_145347_unknown_allT_DP_MB_ME_g5_sm0p5_kg0_ks0_rcpp
sp1,193880,542613,,6,1.3,2005-04-06,"","",tree,all,0.0381571271145179,0.372624469424891,0.406738340860665,0.00773303781512013,0.0620795782771553,-0.0203753924797626,1.4564596855136,1.07130403370132,25.9999,0.0638624477390889,-0.5,0,5,3.51132224183,0,dp,2,4,2,542613,0.982889214760578,542614,0.0171107852394217,0.0865710201481036,0.982889214760578,0.0171107852394217,6,,542613,,FALSE,542613,FALSE,19,confident,20260507_145347_unknown_allT_DP_MB_ME_g5_sm0p5_kg0_ks0_rcpp
sp1,193880,542613,542613,7,1.4,2010-04-21,"","",tree,all,0.0381571271145179,0.372624469424891,0.406738340860665,0.00773303781512013,0.0620795782771553,-0.0203753924797626,1.4564596855136,1.07130403370132,25.9999,0.0638624477390889,-0.5,0,5,3.51132224183,0,given,2,4,2,542613,1,542614,0,0,1,0,7,,542613,,FALSE,542613,FALSE,19,confident,20260507_145347_unknown_allT_DP_MB_ME_g5_sm0p5_kg0_ks0_rcpp
sp1,193880,542613,542613,8,,2015-05-26,"","",tree,all,0.0381571271145179,0.372624469424891,0.406738340860665,0.00773303781512013,0.0620795782771553,-0.0203753924797626,1.4564596855136,1.07130403370132,25.9999,0.0638624477390889,-0.5,0,5,3.51132224183,0,given,2,4,2,,,,,,,,8,,542613,,FALSE,542613,FALSE,19,,20260507_145347_unknown_allT_DP_MB_ME_g5_sm0p5_kg0_ks0_rcpp
sp1,193880,542613,542613,9,,2022-08-19,"","",tree,all,0.0381571271145179,0.372624469424891,0.406738340860665,0.00773303781512013,0.0620795782771553,-0.0203753924797626,1.4564596855136,1.07130403370132,25.9999,0.0638624477390889,-0.5,0,5,3.51132224183,0,given,2,4,2,,,,,,,,9,,542613,,FALSE,542613,FALSE,19,,20260507_145347_unknown_allT_DP_MB_ME_g5_sm0p5_kg0_ks0_rcpp
sp1,228583,201626,,1,2,1982-07-03,"","",tree,all,0.0381571271145179,0.372624469424891,0.406738340860665,0.00773303781512013,0.0620795782771553,-0.0203753924797626,1.4564596855136,1.07130403370132,25.9999,0.0638624477390889,-0.5,0,5,3.51132224183,0,dp,6,1,3,1,0.430870388875687,2,0.284564805562157,1.07804927381654,0.284564805562157,0.569129611124313,1,,3,,FALSE,3,FALSE,19,unlinked-likely,20260507_145347_unknown_allT_DP_MB_ME_g5_sm0p5_kg0_ks0_rcpp
sp1,228583,553142,,1,1,1982-07-03,"","",tree,all,0.0381571271145179,0.372624469424891,0.406738340860665,0.00773303781512013,0.0620795782771553,-0.0203753924797626,1.4564596855136,1.07130403370132,25.9999,0.0638624477390889,-0.5,0,5,3.51132224183,0,dp,6,1,3,1,0.551302252164685,2,0.224348873917658,0.99888764211552,0.551302252164685,0.448697747835315,2,,1,,FALSE,1,FALSE,19,ambiguous,20260507_145347_unknown_allT_DP_MB_ME_g5_sm0p5_kg0_ks0_rcpp
sp1,228583,659459,,2,2,1985-03-08,"","",tree,all,0.0381571271145179,0.372624469424891,0.406738340860665,0.00773303781512013,0.0620795782771553,-0.0203753924797626,1.4564596855136,1.07130403370132,25.9999,0.0638624477390889,-0.5,0,5,3.51132224183,0,dp,6,1,3,1,0.386392201081624,3,0.306803899459188,1.09242740290071,0.306803899459188,0.613607798918376,3,,3,,FALSE,3,FALSE,19,unlinked-likely,20260507_145347_unknown_allT_DP_MB_ME_g5_sm0p5_kg0_ks0_rcpp
sp1,228583,728906,,2,1,1985-03-08,"","",tree,all,0.0381571271145179,0.372624469424891,0.406738340860665,0.00773303781512013,0.0620795782771553,-0.0203753924797626,1.4564596855136,1.07130403370132,25.9999,0.0638624477390889,-0.5,0,5,3.51132224183,0,dp,6,1,3,1,0.602239756942872,2,0.198880121528564,0.947799457122498,0.602239756942872,0.397760243057128,4,,1,,FALSE,1,FALSE,19,ambiguous,20260507_145347_unknown_allT_DP_MB_ME_g5_sm0p5_kg0_ks0_rcpp
sp1,228583,782235,,3,1.4,1990-07-06,"","",tree,all,0.0381571271145179,0.372624469424891,0.406738340860665,0.00773303781512013,0.0620795782771553,-0.0203753924797626,1.4564596855136,1.07130403370132,25.9999,0.0638624477390889,-0.5,0,5,3.51132224183,0,dp,6,1,3,1,1,2,0,0,1,0,5,,1,,FALSE,1,FALSE,19,confident,20260507_145347_unknown_allT_DP_MB_ME_g5_sm0p5_kg0_ks0_rcpp
sp1,228583,824437,,4,1.5,1995-03-16,L;R,"",tree,all,0.0381571271145179,0.372624469424891,0.406738340860665,0.00773303781512013,0.0620795782771553,-0.0203753924797626,1.4564596855136,1.07130403370132,25.9999,0.0638624477390889,-0.5,0,5,3.51132224183,0,provisional_dp,6,1,3,1,1,2,0,0,1,0,6,,1,FALSE,FALSE,1,FALSE,19,confident,20260507_145347_unknown_allT_DP_MB_ME_g5_sm0p5_kg0_ks0_rcpp
sp1,228583,824437,,5,,2000-02-21,"","",tree,all,0.0381571271145179,0.372624469424891,0.406738340860665,0.00773303781512013,0.0620795782771553,-0.0203753924797626,1.4564596855136,1.07130403370132,25.9999,0.0638624477390889,-0.5,0,5,3.51132224183,0,given_orphan,6,1,3,,,,,,,,7,,824437,,FALSE,,FALSE,19,,20260507_145347_unknown_allT_DP_MB_ME_g5_sm0p5_kg0_ks0_rcpp
sp1,229214,202251,,1,1,1982-07-10,"","",tree,all,0.0381571271145179,0.372624469424891,0.406738340860665,0.00773303781512013,0.0620795782771553,-0.0203753924797626,1.4564596855136,1.07130403370132,25.9999,0.0638624477390889,-0.5,0,5,3.51132224183,0,dp,6,3,3,858290,0.474290542853492,858291,0.262854728645189,1.05621867306493,0.474290542853492,0.525709457146508,1,,858290,,FALSE,858290,FALSE,19,unlinked-likely,20260507_145347_unknown_allT_DP_MB_ME_g5_sm0p5_kg0_ks0_rcpp
sp1,229214,202251,,2,1,1985-03-13,"","",tree,all,0.0381571271145179,0.372624469424891,0.406738340860665,0.00773303781512013,0.0620795782771553,-0.0203753924797626,1.4564596855136,1.07130403370132,25.9999,0.0638624477390889,-0.5,0,5,3.51132224183,0,dp,6,3,3,858290,0.476485488936761,858291,0.261757255603555,1.05491351541809,0.476485488936761,0.523514511063239,2,,858290,,FALSE,858290,FALSE,19,unlinked-likely,20260507_145347_unknown_allT_DP_MB_ME_g5_sm0p5_kg0_ks0_rcpp
sp1,229214,553338,,3,1.2,1990-07-18,"","",tree,all,0.0381571271145179,0.372624469424891,0.406738340860665,0.00773303781512013,0.0620795782771553,-0.0203753924797626,1.4564596855136,1.07130403370132,25.9999,0.0638624477390889,-0.5,0,5,3.51132224183,0,dp,6,3,3,858290,0.480807250380353,858292,0.259596386959904,1.05228726682293,0.259596362659743,0.519192749619647,3,,858291,,FALSE,858291,FALSE,19,unlinked-likely,20260507_145347_unknown_allT_DP_MB_ME_g5_sm0p5_kg0_ks0_rcpp
sp1,229214,659595,,3,1.1,1990-07-18,"","",tree,all,0.0381571271145179,0.372624469424891,0.406738340860665,0.00773303781512013,0.0620795782771553,-0.0203753924797626,1.4564596855136,1.07130403370132,25.9999,0.0638624477390889,-0.5,0,5,3.51132224183,0,dp,6,3,3,858290,0.481016478552465,858291,0.259491772873848,1.05215822377605,0.481016478552465,0.518983521447535,4,,858290,,FALSE,858290,FALSE,19,unlinked-likely,20260507_145347_unknown_allT_DP_MB_ME_g5_sm0p5_kg0_ks0_rcpp
sp1,229214,729015,,4,1.1,1995-03-21,"","",tree,all,0.0381571271145179,0.372624469424891,0.406738340860665,0.00773303781512013,0.0620795782771553,-0.0203753924797626,1.4564596855136,1.07130403370132,25.9999,0.0638624477390889,-0.5,0,5,3.51132224183,0,dp,6,3,3,858290,0.487849919263312,858291,0.256075040368344,1.04784728705814,0.487849919263312,0.512150080736688,5,,858290,,FALSE,858290,FALSE,19,unlinked-likely,20260507_145347_unknown_allT_DP_MB_ME_g5_sm0p5_kg0_ks0_rcpp
sp1,229214,782324,,4,1.1,1995-03-21,"","",tree,all,0.0381571271145179,0.372624469424891,0.406738340860665,0.00773303781512013,0.0620795782771553,-0.0203753924797626,1.4564596855136,1.07130403370132,25.9999,0.0638624477390889,-0.5,0,5,3.51132224183,0,dp,6,3,3,858290,0.487849919263312,858291,0.256075040368344,1.04784728705814,0.256075040368344,0.512150080736688,6,,858291,,FALSE,858291,FALSE,19,unlinked-likely,20260507_145347_unknown_allT_DP_MB_ME_g5_sm0p5_kg0_ks0_rcpp
sp1,229214,824512,,5,1.2,2000-02-25,"","",tree,all,0.0381571271145179,0.372624469424891,0.406738340860665,0.00773303781512013,0.0620795782771553,-0.0203753924797626,1.4564596855136,1.07130403370132,25.9999,0.0638624477390889,-0.5,0,5,3.51132224183,0,dp,6,3,3,858290,0.983352410696399,858291,0.00832379881369796,0.0962275055338911,0.983352410696399,0.0166475893036013,7,,858290,,FALSE,858290,FALSE,19,confident,20260507_145347_unknown_allT_DP_MB_ME_g5_sm0p5_kg0_ks0_rcpp
sp1,229214,824512,,6,1.2,2005-03-28,"","",tree,all,0.0381571271145179,0.372624469424891,0.406738340860665,0.00773303781512013,0.0620795782771553,-0.0203753924797626,1.4564596855136,1.07130403370132,25.9999,0.0638624477390889,-0.5,0,5,3.51132224183,0,provisional_dp,6,3,3,858290,1,858291,0,0,1,0,8,,858290,FALSE,FALSE,858290,FALSE,19,confident,20260507_145347_unknown_allT_DP_MB_ME_g5_sm0p5_kg0_ks0_rcpp
sp1,229214,858289,,7,,2010-03-16,"","",tree,all,0.0381571271145179,0.372624469424891,0.406738340860665,0.00773303781512013,0.0620795782771553,-0.0203753924797626,1.4564596855136,1.07130403370132,25.9999,0.0638624477390889,-0.5,0,5,3.51132224183,0,given_orphan,6,3,3,,,,,,,,9,,858289,,FALSE,,FALSE,19,,20260507_145347_unknown_allT_DP_MB_ME_g5_sm0p5_kg0_ks0_rcpp
sp1,229214,858289,858289,8,,2015-04-01,"","",tree,all,0.0381571271145179,0.372624469424891,0.406738340860665,0.00773303781512013,0.0620795782771553,-0.0203753924797626,1.4564596855136,1.07130403370132,25.9999,0.0638624477390889,-0.5,0,5,3.51132224183,0,given,6,3,3,,,,,,,,10,,858289,,FALSE,858289,FALSE,19,,20260507_145347_unknown_allT_DP_MB_ME_g5_sm0p5_kg0_ks0_rcpp
sp1,229214,858289,858289,9,,2022-06-09,"","",tree,all,0.0381571271145179,0.372624469424891,0.406738340860665,0.00773303781512013,0.0620795782771553,-0.0203753924797626,1.4564596855136,1.07130403370132,25.9999,0.0638624477390889,-0.5,0,5,3.51132224183,0,given,6,3,3,,,,,,,,11,,858289,,FALSE,858289,FALSE,19,,20260507_145347_unknown_allT_DP_MB_ME_g5_sm0p5_kg0_ks0_rcpp
sp1,242799,214534,,1,9.5,1982-06-29,"","",tree,all,0.0381571271145179,0.372624469424891,0.406738340860665,0.00773303781512013,0.0620795782771553,-0.0203753924797626,1.4564596855136,1.07130403370132,25.9999,0.0638624477390889,-0.5,0,5,3.51132224183,0,probabilistic,6,1,3,1115251,0.98,1115255,0.005,0.12576500050213,0.98,,1,no_states_produced,1115251,,FALSE,1115251,FALSE,19,confident,20260507_145347_unknown_allT_DP_MB_ME_g5_sm0p5_kg0_ks0_rcpp
sp1,242799,557119,,1,2,1982-06-29,"","",tree,all,0.0381571271145179,0.372624469424891,0.406738340860665,0.00773303781512013,0.0620795782771553,-0.0203753924797626,1.4564596855136,1.07130403370132,25.9999,0.0638624477390889,-0.5,0,5,3.51132224183,0,probabilistic,6,1,3,1115252,0.98,1115251,0.02,0.098039113279732,0.98,,2,no_states_produced,1115252,,FALSE,1115252,FALSE,19,confident,20260507_145347_unknown_allT_DP_MB_ME_g5_sm0p5_kg0_ks0_rcpp
sp1,242799,662198,,2,11,1985-01-31,"","",tree,all,0.0381571271145179,0.372624469424891,0.406738340860665,0.00773303781512013,0.0620795782771553,-0.0203753924797626,1.4564596855136,1.07130403370132,25.9999,0.0638624477390889,-0.5,0,5,3.51132224183,0,probabilistic,6,1,3,1115251,0.98,1115254,0.005,0.12576500050213,0.98,,3,no_states_produced,1115251,,FALSE,1115251,FALSE,19,confident,20260507_145347_unknown_allT_DP_MB_ME_g5_sm0p5_kg0_ks0_rcpp
sp1,242799,731211,,2,3,1985-01-31,"","",tree,all,0.0381571271145179,0.372624469424891,0.406738340860665,0.00773303781512013,0.0620795782771553,-0.0203753924797626,1.4564596855136,1.07130403370132,25.9999,0.0638624477390889,-0.5,0,5,3.51132224183,0,probabilistic,6,1,3,1115252,0.98,1115251,0.02,0.098039113279732,0.98,,4,no_states_produced,1115252,,FALSE,1115252,FALSE,19,confident,20260507_145347_unknown_allT_DP_MB_ME_g5_sm0p5_kg0_ks0_rcpp
sp1,242799,784143,,3,14.5,1990-03-23,"","",tree,all,0.0381571271145179,0.372624469424891,0.406738340860665,0.00773303781512013,0.0620795782771553,-0.0203753924797626,1.4564596855136,1.07130403370132,25.9999,0.0638624477390889,-0.5,0,5,3.51132224183,0,probabilistic,6,1,3,1115251,0.98,1115253,0.005,0.12576500050213,0.98,,5,no_states_produced,1115251,,FALSE,1115251,FALSE,19,confident,20260507_145347_unknown_allT_DP_MB_ME_g5_sm0p5_kg0_ks0_rcpp
sp1,242799,826042,,3,5.2,1990-03-23,"","",tree,all,0.0381571271145179,0.372624469424891,0.406738340860665,0.00773303781512013,0.0620795782771553,-0.0203753924797626,1.4564596855136,1.07130403370132,25.9999,0.0638624477390889,-0.5,0,5,3.51132224183,0,probabilistic,6,1,3,1115252,0.98,1115251,0.02,0.098039113279732,0.98,,6,no_states_produced,1115252,,FALSE,1115252,FALSE,19,confident,20260507_145347_unknown_allT_DP_MB_ME_g5_sm0p5_kg0_ks0_rcpp
sp1,242799,859580,,4,14.8,1995-01-31,"","",tree,all,0.0381571271145179,0.372624469424891,0.406738340860665,0.00773303781512013,0.0620795782771553,-0.0203753924797626,1.4564596855136,1.07130403370132,25.9999,0.0638624477390889,-0.5,0,5,3.51132224183,0,probabilistic,6,1,3,1115251,1,,,0,1,,7,no_states_produced,1115251,,FALSE,1115251,FALSE,19,confident,20260507_145347_unknown_allT_DP_MB_ME_g5_sm0p5_kg0_ks0_rcpp
sp1,242799,885940,,4,5.4,1995-01-31,"","",tree,all,0.0381571271145179,0.372624469424891,0.406738340860665,0.00773303781512013,0.0620795782771553,-0.0203753924797626,1.4564596855136,1.07130403370132,25.9999,0.0638624477390889,-0.5,0,5,3.51132224183,0,probabilistic,6,1,3,1115252,1,,,0,1,,8,no_states_produced,1115252,,FALSE,1115252,FALSE,19,confident,20260507_145347_unknown_allT_DP_MB_ME_g5_sm0p5_kg0_ks0_rcpp
sp1,242799,907508,,5,1.9,2000-02-17,R,"",tree,all,0.0381571271145179,0.372624469424891,0.406738340860665,0.00773303781512013,0.0620795782771553,-0.0203753924797626,1.4564596855136,1.07130403370132,25.9999,0.0638624477390889,-0.5,0,5,3.51132224183,0,provisional_dp,6,1,3,1115250,1,,,0,1,,9,no_states_produced,1115250,FALSE,FALSE,1115250,FALSE,19,confident,20260507_145347_unknown_allT_DP_MB_ME_g5_sm0p5_kg0_ks0_rcpp
sp1,242799,925108,,6,,2005-02-10,R,"",tree,all,0.0381571271145179,0.372624469424891,0.406738340860665,0.00773303781512013,0.0620795782771553,-0.0203753924797626,1.4564596855136,1.07130403370132,25.9999,0.0638624477390889,-0.5,0,5,3.51132224183,0,given_orphan,2,9,2,,,,,,,,10,,925108,,FALSE,,FALSE,19,,20260507_145347_unknown_allT_DP_MB_ME_g5_sm0p5_kg0_ks0_rcpp
sp1,242799,925108,925108,7,,2010-02-04,"","",tree,all,0.0381571271145179,0.372624469424891,0.406738340860665,0.00773303781512013,0.0620795782771553,-0.0203753924797626,1.4564596855136,1.07130403370132,25.9999,0.0638624477390889,-0.5,0,5,3.51132224183,0,given,,,,,,,,,,,11,,925108,,FALSE,925108,FALSE,19,,20260507_145347_unknown_allT_DP_MB_ME_g5_sm0p5_kg0_ks0_rcpp
sp1,242799,925108,925108,8,,2015-03-16,"","",tree,all,0.0381571271145179,0.372624469424891,0.406738340860665,0.00773303781512013,0.0620795782771553,-0.0203753924797626,1.4564596855136,1.07130403370132,25.9999,0.0638624477390889,-0.5,0,5,3.51132224183,0,given,,,,,,,,,,,12,,925108,,FALSE,925108,FALSE,19,,20260507_145347_unknown_allT_DP_MB_ME_g5_sm0p5_kg0_ks0_rcpp
sp1,242799,925108,925108,9,,2022-03-31,"","",tree,all,0.0381571271145179,0.372624469424891,0.406738340860665,0.00773303781512013,0.0620795782771553,-0.0203753924797626,1.4564596855136,1.07130403370132,25.9999,0.0638624477390889,-0.5,0,5,3.51132224183,0,given,2,9,2,,,,,,,,13,,925108,,FALSE,925108,FALSE,19,,20260507_145347_unknown_allT_DP_MB_ME_g5_sm0p5_kg0_ks0_rcpp
sp1,242799,1115249,1115249,9,1.7,2022-03-31,"","",tree,all,0.0381571271145179,0.372624469424891,0.406738340860665,0.00773303781512013,0.0620795782771553,-0.0203753924797626,1.4564596855136,1.07130403370132,25.9999,0.0638624477390889,-0.5,0,5,3.51132224183,0,given,2,9,2,1115249,1,1115250,0,0,1,0,14,,1115249,,FALSE,1115249,FALSE,19,confident,20260507_145347_unknown_allT_DP_MB_ME_g5_sm0p5_kg0_ks0_rcpp
sp1,246746,218395,,1,2,1982-07-16,"","",tree,all,0.0381571271145179,0.372624469424891,0.406738340860665,0.00773303781512013,0.0620795782771553,-0.0203753924797626,1.4564596855136,1.07130403370132,25.9999,0.0638624477390889,-0.5,0,5,3.51132224183,0,dp,2,1,2,558363,0.957140773862901,558364,0.0428592261370991,0.176926821899939,0.957140773862901,0.0428592261370991,1,,558363,,FALSE,558363,FALSE,19,confident,20260507_145347_unknown_allT_DP_MB_ME_g5_sm0p5_kg0_ks0_rcpp
sp1,246746,218395,,2,,1985-01-22,MF,"",tree,all,0.0381571271145179,0.372624469424891,0.406738340860665,0.00773303781512013,0.0620795782771553,-0.0203753924797626,1.4564596855136,1.07130403370132,25.9999,0.0638624477390889,-0.5,0,5,3.51132224183,0,dp_mf_inferred,,,,,,,,,,,2,,558363,,FALSE,558363,FALSE,19,,20260507_145347_unknown_allT_DP_MB_ME_g5_sm0p5_kg0_ks0_rcpp
sp1,246746,218395,,3,2.1,1990-03-06,"","",tree,all,0.0381571271145179,0.372624469424891,0.406738340860665,0.00773303781512013,0.0620795782771553,-0.0203753924797626,1.4564596855136,1.07130403370132,25.9999,0.0638624477390889,-0.5,0,5,3.51132224183,0,dp,2,1,2,558363,1,558364,0,0,1,0,3,,558363,,FALSE,558363,FALSE,19,confident,20260507_145347_unknown_allT_DP_MB_ME_g5_sm0p5_kg0_ks0_rcpp
sp1,246746,558362,,4,1.9,1995-01-30,R,"",tree,all,0.0381571271145179,0.372624469424891,0.406738340860665,0.00773303781512013,0.0620795782771553,-0.0203753924797626,1.4564596855136,1.07130403370132,25.9999,0.0638624477390889,-0.5,0,5,3.51132224183,0,provisional_dp,2,1,2,558363,1,558364,0,0,1,0,4,,558363,FALSE,FALSE,558363,FALSE,19,confident,20260507_145347_unknown_allT_DP_MB_ME_g5_sm0p5_kg0_ks0_rcpp
sp1,246746,558362,,5,2.3,2000-01-24,"","",tree,all,0.0381571271145179,0.372624469424891,0.406738340860665,0.00773303781512013,0.0620795782771553,-0.0203753924797626,1.4564596855136,1.07130403370132,25.9999,0.0638624477390889,-0.5,0,5,3.51132224183,0,dp,2,5,2,558362,0.980840619070337,558363,0.019159380929663,0.0947492956376425,0.980840619070337,0.019159380929663,5,,558362,,FALSE,558362,FALSE,19,confident,20260507_145347_unknown_allT_DP_MB_ME_g5_sm0p5_kg0_ks0_rcpp
sp1,246746,558362,,6,2.3,2005-01-28,"","",tree,all,0.0381571271145179,0.372624469424891,0.406738340860665,0.00773303781512013,0.0620795782771553,-0.0203753924797626,1.4564596855136,1.07130403370132,25.9999,0.0638624477390889,-0.5,0,5,3.51132224183,0,dp,2,5,2,558362,0.980840619070337,558363,0.019159380929663,0.0947492956376425,0.980840619070337,0.019159380929663,6,,558362,,FALSE,558362,FALSE,19,confident,20260507_145347_unknown_allT_DP_MB_ME_g5_sm0p5_kg0_ks0_rcpp
sp1,246746,558362,558362,7,2.4,2010-02-01,"","",tree,all,0.0381571271145179,0.372624469424891,0.406738340860665,0.00773303781512013,0.0620795782771553,-0.0203753924797626,1.4564596855136,1.07130403370132,25.9999,0.0638624477390889,-0.5,0,5,3.51132224183,0,given,2,5,2,558362,1,558363,0,0,1,0,7,,558362,,FALSE,558362,FALSE,19,confident,20260507_145347_unknown_allT_DP_MB_ME_g5_sm0p5_kg0_ks0_rcpp
sp1,246746,558362,558362,8,2.5,2015-02-27,"","",tree,all,0.0381571271145179,0.372624469424891,0.406738340860665,0.00773303781512013,0.0620795782771553,-0.0203753924797626,1.4564596855136,1.07130403370132,25.9999,0.0638624477390889,-0.5,0,5,3.51132224183,0,given,,,,,,,,,,,8,,558362,,FALSE,558362,FALSE,19,,20260507_145347_unknown_allT_DP_MB_ME_g5_sm0p5_kg0_ks0_rcpp
sp1,246746,558362,558362,9,2.6,2022-03-28,"","",tree,all,0.0381571271145179,0.372624469424891,0.406738340860665,0.00773303781512013,0.0620795782771553,-0.0203753924797626,1.4564596855136,1.07130403370132,25.9999,0.0638624477390889,-0.5,0,5,3.51132224183,0,given,,,,,,,,,,,9,,558362,,FALSE,558362,FALSE,19,,20260507_145347_unknown_allT_DP_MB_ME_g5_sm0p5_kg0_ks0_rcpp
sp1,247222,218861,,1,5,1982-07-18,"","",tree,all,0.0381571271145179,0.372624469424891,0.406738340860665,0.00773303781512013,0.0620795782771553,-0.0203753924797626,1.4564596855136,1.07130403370132,25.9999,0.0638624477390889,-0.5,0,5,3.51132224183,0,dp,12,1,4,907851,0.47187675431838,907852,0.47187675431838,0.909341860442559,0.47187675431838,0.94375350863676,1,,907851,,FALSE,907851,FALSE,20,unlinked-likely,20260507_145347_unknown_allT_DP_MB_ME_g5_sm0p5_kg0_ks0_rcpp
sp1,247222,558508,,1,1,1982-07-18,"","",tree,all,0.0381571271145179,0.372624469424891,0.406738340860665,0.00773303781512013,0.0620795782771553,-0.0203753924797626,1.4564596855136,1.07130403370132,25.9999,0.0638624477390889,-0.5,0,5,3.51132224183,0,dp,12,1,4,907849,0.488702532071111,907850,0.394903788820432,1.04783673909093,0.488702532071111,0.116393679108457,2,,907849,,FALSE,907849,FALSE,20,ambiguous,20260507_145347_unknown_allT_DP_MB_ME_g5_sm0p5_kg0_ks0_rcpp
sp1,247222,663129,,2,4,1985-01-26,"","",tree,all,0.0381571271145179,0.372624469424891,0.406738340860665,0.00773303781512013,0.0620795782771553,-0.0203753924797626,1.4564596855136,1.07130403370132,25.9999,0.0638624477390889,-0.5,0,5,3.51132224183,0,dp,12,1,4,907851,0.471028723032219,907852,0.471028723032218,0.914088545075337,0.471028723032219,0.942057446064437,3,,907851,,FALSE,907851,FALSE,20,unlinked-likely,20260507_145347_unknown_allT_DP_MB_ME_g5_sm0p5_kg0_ks0_rcpp
sp1,247222,731991,,2,1.5,1985-01-26,"","",tree,all,0.0381571271145179,0.372624469424891,0.406738340860665,0.00773303781512013,0.0620795782771553,-0.0203753924797626,1.4564596855136,1.07130403370132,25.9999,0.0638624477390889,-0.5,0,5,3.51132224183,0,dp,12,1,4,907849,0.491829294019985,907850,0.39743041812828,1.03618759099836,0.491829294019985,0.110740287851735,4,,907849,,FALSE,907849,FALSE,20,ambiguous,20260507_145347_unknown_allT_DP_MB_ME_g5_sm0p5_kg0_ks0_rcpp
sp1,247222,784793,,3,5,1990-03-10,"","",tree,all,0.0381571271145179,0.372624469424891,0.406738340860665,0.00773303781512013,0.0620795782771553,-0.0203753924797626,1.4564596855136,1.07130403370132,25.9999,0.0638624477390889,-0.5,0,5,3.51132224183,0,dp,12,1,4,907851,0.5,907852,0.5,0.693147180559945,0.5,1,5,,907851,,FALSE,907851,FALSE,20,unlinked-likely,20260507_145347_unknown_allT_DP_MB_ME_g5_sm0p5_kg0_ks0_rcpp
sp1,247222,826574,,3,1.5,1990-03-10,"","",tree,all,0.0381571271145179,0.372624469424891,0.406738340860665,0.00773303781512013,0.0620795782771553,-0.0203753924797626,1.4564596855136,1.07130403370132,25.9999,0.0638624477390889,-0.5,0,5,3.51132224183,0,dp,12,1,4,907849,0.539406176795696,907850,0.435875668634287,0.803514356699945,0.539406176795696,0.0247181545700167,6,,907849,,FALSE,907849,FALSE,20,ambiguous,20260507_145347_unknown_allT_DP_MB_ME_g5_sm0p5_kg0_ks0_rcpp
sp1,247222,860033,,4,1.7,1995-02-08,"","",tree,all,0.0381571271145179,0.372624469424891,0.406738340860665,0.00773303781512013,0.0620795782771553,-0.0203753924797626,1.4564596855136,1.07130403370132,25.9999,0.0638624477390889,-0.5,0,5,3.51132224183,0,dp,12,1,4,907849,0.54786052722665,907850,0.442707339841413,0.740930927799932,0.54786052722665,0.00943213293193782,7,,907849,,FALSE,907849,FALSE,20,ambiguous,20260507_145347_unknown_allT_DP_MB_ME_g5_sm0p5_kg0_ks0_rcpp
sp1,247222,886324,,5,1.7,2000-01-26,"","",tree,all,0.0381571271145179,0.372624469424891,0.406738340860665,0.00773303781512013,0.0620795782771553,-0.0203753924797626,1.4564596855136,1.07130403370132,25.9999,0.0638624477390889,-0.5,0,5,3.51132224183,0,provisional_dp,12,1,4,907849,1,907850,0,0,1,0,8,,907849,FALSE,FALSE,907849,FALSE,20,confident,20260507_145347_unknown_allT_DP_MB_ME_g5_sm0p5_kg0_ks0_rcpp
sp1,247222,886324,,6,,2005-02-02,"","",tree,all,0.0381571271145179,0.372624469424891,0.406738340860665,0.00773303781512013,0.0620795782771553,-0.0203753924797626,1.4564596855136,1.07130403370132,25.9999,0.0638624477390889,-0.5,0,5,3.51132224183,0,given_orphan,12,1,4,,,,,,,,10,,886324,,FALSE,,FALSE,20,,20260507_145347_unknown_allT_DP_MB_ME_g5_sm0p5_kg0_ks0_rcpp
sp1,247222,907848,,5,1,2000-01-26,"","",tree,all,0.0381571271145179,0.372624469424891,0.406738340860665,0.00773303781512013,0.0620795782771553,-0.0203753924797626,1.4564596855136,1.07130403370132,25.9999,0.0638624477390889,-0.5,0,5,3.51132224183,0,provisional_dp,12,1,4,907850,1,907849,0,0,1,0,9,,907850,FALSE,FALSE,907850,FALSE,20,confident,20260507_145347_unknown_allT_DP_MB_ME_g5_sm0p5_kg0_ks0_rcpp
sp1,247222,907848,907848,7,,2010-02-03,"","",tree,all,0.0381571271145179,0.372624469424891,0.406738340860665,0.00773303781512013,0.0620795782771553,-0.0203753924797626,1.4564596855136,1.07130403370132,25.9999,0.0638624477390889,-0.5,0,5,3.51132224183,0,given,12,1,4,,,,,,,,11,,907848,,FALSE,907848,FALSE,20,,20260507_145347_unknown_allT_DP_MB_ME_g5_sm0p5_kg0_ks0_rcpp
sp1,249573,221145,,1,2,1982-08-09,"","",tree,all,0.0381571271145179,0.372624469424891,0.406738340860665,0.00773303781512013,0.0620795782771553,-0.0203753924797626,1.4564596855136,1.07130403370132,25.9999,0.0638624477390889,-0.5,0,5,3.51132224183,0,dp,6,7,3,559342,0.494577427099372,663693,0.405486159684916,0.94440327150436,0.494577427099372,0.0999364132157122,1,,559342,,FALSE,559342,FALSE,20,ambiguous,20260507_145347_unknown_allT_DP_MB_ME_g5_sm0p5_kg0_ks0_rcpp
sp1,249573,221145,,2,,1985-02-08,MF,"",tree,all,0.0381571271145179,0.372624469424891,0.406738340860665,0.00773303781512013,0.0620795782771553,-0.0203753924797626,1.4564596855136,1.07130403370132,25.9999,0.0638624477390889,-0.5,0,5,3.51132224183,0,dp_mf_inferred,,,,,,,,,,,2,,559342,,FALSE,559342,FALSE,20,,20260507_145347_unknown_allT_DP_MB_ME_g5_sm0p5_kg0_ks0_rcpp
sp1,249573,221145,,3,2.2,1990-04-18,"","",tree,all,0.0381571271145179,0.372624469424891,0.406738340860665,0.00773303781512013,0.0620795782771553,-0.0203753924797626,1.4564596855136,1.07130403370132,25.9999,0.0638624477390889,-0.5,0,5,3.51132224183,0,dp,6,7,3,559342,0.516199660726438,663693,0.42321344766219,0.875121292875582,0.516199660726438,0.0605868916113716,3,,559342,,FALSE,559342,FALSE,20,ambiguous,20260507_145347_unknown_allT_DP_MB_ME_g5_sm0p5_kg0_ks0_rcpp
sp1,249573,221145,,4,2.4,1995-03-28,"","",tree,all,0.0381571271145179,0.372624469424891,0.406738340860665,0.00773303781512013,0.0620795782771553,-0.0203753924797626,1.4564596855136,1.07130403370132,25.9999,0.0638624477390889,-0.5,0,5,3.51132224183,0,dp,6,7,3,559342,0.525053954686079,663693,0.430472763307613,0.83954074489565,0.525053954686079,0.0444732820063079,4,,559342,,FALSE,559342,FALSE,20,ambiguous,20260507_145347_unknown_allT_DP_MB_ME_g5_sm0p5_kg0_ks0_rcpp
sp1,249573,221145,,5,2.5,2000-02-24,"","",tree,all,0.0381571271145179,0.372624469424891,0.406738340860665,0.00773303781512013,0.0620795782771553,-0.0203753924797626,1.4564596855136,1.07130403370132,25.9999,0.0638624477390889,-0.5,0,5,3.51132224183,0,dp,6,7,3,559342,0.534391447724931,663693,0.438128236416474,0.795198562132871,0.534391447724931,0.0274803158585956,5,,559342,,FALSE,559342,FALSE,20,ambiguous,20260507_145347_unknown_allT_DP_MB_ME_g5_sm0p5_kg0_ks0_rcpp
sp1,249573,221145,,6,2.7,2005-03-04,"","",tree,all,0.0381571271145179,0.372624469424891,0.406738340860665,0.00773303781512013,0.0620795782771553,-0.0203753924797626,1.4564596855136,1.07130403370132,25.9999,0.0638624477390889,-0.5,0,5,3.51132224183,0,dp,6,7,3,559342,0.54366226034175,663693,0.445729040656975,0.739719199232084,0.54366226034175,0.0106086990012749,6,,559342,,FALSE,559342,FALSE,20,ambiguous,20260507_145347_unknown_allT_DP_MB_ME_g5_sm0p5_kg0_ks0_rcpp
sp1,249573,559342,559342,7,2.7,2010-03-17,"","",tree,all,0.0381571271145179,0.372624469424891,0.406738340860665,0.00773303781512013,0.0620795782771553,-0.0203753924797626,1.4564596855136,1.07130403370132,25.9999,0.0638624477390889,-0.5,0,5,3.51132224183,0,given,6,7,3,559342,1,663693,0,0,1,0,7,,559342,,FALSE,559342,FALSE,20,confident,20260507_145347_unknown_allT_DP_MB_ME_g5_sm0p5_kg0_ks0_rcpp
sp1,249573,559342,559342,8,2.7,2015-03-19,"","",tree,all,0.0381571271145179,0.372624469424891,0.406738340860665,0.00773303781512013,0.0620795782771553,-0.0203753924797626,1.4564596855136,1.07130403370132,25.9999,0.0638624477390889,-0.5,0,5,3.51132224183,0,given,,,,,,,,,,,9,,559342,,FALSE,559342,FALSE,20,,20260507_145347_unknown_allT_DP_MB_ME_g5_sm0p5_kg0_ks0_rcpp
sp1,249573,559342,559342,9,,2022-06-03,R;M,"",tree,all,0.0381571271145179,0.372624469424891,0.406738340860665,0.00773303781512013,0.0620795782771553,-0.0203753924797626,1.4564596855136,1.07130403370132,25.9999,0.0638624477390889,-0.5,0,5,3.51132224183,0,given,,,,,,,,,,,11,,559342,,FALSE,559342,FALSE,20,,20260507_145347_unknown_allT_DP_MB_ME_g5_sm0p5_kg0_ks0_rcpp
sp1,249573,663693,663693,7,2.4,2010-03-17,"","",tree,all,0.0381571271145179,0.372624469424891,0.406738340860665,0.00773303781512013,0.0620795782771553,-0.0203753924797626,1.4564596855136,1.07130403370132,25.9999,0.0638624477390889,-0.5,0,5,3.51132224183,0,given,6,7,3,663693,1,559342,0,0,1,0,8,,663693,,FALSE,663693,FALSE,20,confident,20260507_145347_unknown_allT_DP_MB_ME_g5_sm0p5_kg0_ks0_rcpp
sp1,249573,663693,663693,8,2.5,2015-03-19,"","",tree,all,0.0381571271145179,0.372624469424891,0.406738340860665,0.00773303781512013,0.0620795782771553,-0.0203753924797626,1.4564596855136,1.07130403370132,25.9999,0.0638624477390889,-0.5,0,5,3.51132224183,0,given,,,,,,,,,,,10,,663693,,FALSE,663693,FALSE,20,,20260507_145347_unknown_allT_DP_MB_ME_g5_sm0p5_kg0_ks0_rcpp
sp1,249573,663693,663693,9,,2022-06-03,"","",tree,all,0.0381571271145179,0.372624469424891,0.406738340860665,0.00773303781512013,0.0620795782771553,-0.0203753924797626,1.4564596855136,1.07130403370132,25.9999,0.0638624477390889,-0.5,0,5,3.51132224183,0,given,,,,,,,,,,,12,,663693,,FALSE,663693,FALSE,20,,20260507_145347_unknown_allT_DP_MB_ME_g5_sm0p5_kg0_ks0_rcpp
sp1,249573,1115540,1115540,9,1.8,2022-06-03,"","",tree,all,0.0381571271145179,0.372624469424891,0.406738340860665,0.00773303781512013,0.0620795782771553,-0.0203753924797626,1.4564596855136,1.07130403370132,25.9999,0.0638624477390889,-0.5,0,5,3.51132224183,0,given,,,,,,,,,,,13,,1115540,,FALSE,1115540,FALSE,20,,20260507_145347_unknown_allT_DP_MB_ME_g5_sm0p5_kg0_ks0_rcpp
sp1,252057,223580,,1,9.3,1982-07-19,"","",tree,all,0.0381571271145179,0.372624469424891,0.406738340860665,0.00773303781512013,0.0620795782771553,-0.0203753924797626,1.4564596855136,1.07130403370132,25.9999,0.0638624477390889,-0.5,0,5,3.51132224183,0,dp,120,4,5,967547,0.441697829833069,967551,0.186100723388977,1.29969102943782,0.186100723388977,0.558302170166931,1,,967549,,FALSE,967549,FALSE,20,unlinked-likely,20260507_145347_unknown_allT_DP_MB_ME_g5_sm0p5_kg0_ks0_rcpp
sp1,252057,560162,,2,9.5,1985-01-23,"","",tree,all,0.0381571271145179,0.372624469424891,0.406738340860665,0.00773303781512013,0.0620795782771553,-0.0203753924797626,1.4564596855136,1.07130403370132,25.9999,0.0638624477390889,-0.5,0,5,3.51132224183,0,dp,120,4,5,967547,0.442916105585135,967549,0.185694631471622,1.29863501873287,0.185694631471622,0.557083894414865,2,,967549,,FALSE,967549,FALSE,20,unlinked-likely,20260507_145347_unknown_allT_DP_MB_ME_g5_sm0p5_kg0_ks0_rcpp
sp1,252057,664302,,2,1,1985-01-23,"","",tree,all,0.0381571271145179,0.372624469424891,0.406738340860665,0.00773303781512013,0.0620795782771553,-0.0203753924797626,1.4564596855136,1.07130403370132,25.9999,0.0638624477390889,-0.5,0,5,3.51132224183,0,dp,120,4,5,967548,0.31218410894445,967551,0.174549287046297,1.57411491027612,0.174549287046297,0.523647861138891,3,,967550,,FALSE,967550,FALSE,20,unlinked-likely,20260507_145347_unknown_allT_DP_MB_ME_g5_sm0p5_kg0_ks0_rcpp
sp1,252057,732980,,3,9.7,1990-03-09,"","",tree,all,0.0381571271145179,0.372624469424891,0.406738340860665,0.00773303781512013,0.0620795782771553,-0.0203753924797626,1.4564596855136,1.07130403370132,25.9999,0.0638624477390889,-0.5,0,5,3.51132224183,0,dp,120,4,5,967547,0.448854839308229,967551,0.183715053563924,1.29340121020725,0.183715053563924,0.551145160691771,4,,967549,,FALSE,967549,FALSE,20,unlinked-likely,20260507_145347_unknown_allT_DP_MB_ME_g5_sm0p5_kg0_ks0_rcpp
sp1,252057,785617,,3,1.6,1990-03-09,"","",tree,all,0.0381571271145179,0.372624469424891,0.406738340860665,0.00773303781512013,0.0620795782771553,-0.0203753924797626,1.4564596855136,1.07130403370132,25.9999,0.0638624477390889,-0.5,0,5,3.51132224183,0,dp,120,4,5,967548,0.317351149981878,967551,0.17205443072843,1.57114041447183,0.172054430728429,0.516163292185288,5,,967550,,FALSE,967550,FALSE,20,unlinked-likely,20260507_145347_unknown_allT_DP_MB_ME_g5_sm0p5_kg0_ks0_rcpp
sp1,252057,827227,,4,7.9,1995-01-31,"","",tree,all,0.0381571271145179,0.372624469424891,0.406738340860665,0.00773303781512013,0.0620795782771553,-0.0203753924797626,1.4564596855136,1.07130403370132,25.9999,0.0638624477390889,-0.5,0,5,3.51132224183,0,dp,120,4,5,967547,0.48201058238664,967549,0.172663139204453,1.26156934214639,0.172663139204453,0.51798941761336,6,,967549,,FALSE,967549,FALSE,20,unlinked-likely,20260507_145347_unknown_allT_DP_MB_ME_g5_sm0p5_kg0_ks0_rcpp
sp1,252057,860569,,4,2.1,1995-01-31,"","",tree,all,0.0381571271145179,0.372624469424891,0.406738340860665,0.00773303781512013,0.0620795782771553,-0.0203753924797626,1.4564596855136,1.07130403370132,25.9999,0.0638624477390889,-0.5,0,5,3.51132224183,0,dp,120,4,5,967548,0.32196404655803,967547,0.169732175682391,1.568298269394,0.169732175682391,0.508303777759579,7,,967547,,FALSE,967547,FALSE,20,unlinked-likely,20260507_145347_unknown_allT_DP_MB_ME_g5_sm0p5_kg0_ks0_rcpp
sp1,252057,886751,,4,2.4,1995-01-31,"","",tree,all,0.0381571271145179,0.372624469424891,0.406738340860665,0.00773303781512013,0.0620795782771553,-0.0203753924797626,1.4564596855136,1.07130403370132,25.9999,0.0638624477390889,-0.5,0,5,3.51132224183,0,dp,120,4,5,967548,0.279965985239058,967549,0.186624128631963,1.58960327120383,0.186624128631963,0.559872385895889,8,,967550,,FALSE,967550,FALSE,20,unlinked-likely,20260507_145347_unknown_allT_DP_MB_ME_g5_sm0p5_kg0_ks0_rcpp
sp1,252057,908222,,4,1.3,1995-01-31,"","",tree,all,0.0381571271145179,0.372624469424891,0.406738340860665,0.00773303781512013,0.0620795782771553,-0.0203753924797626,1.4564596855136,1.07130403370132,25.9999,0.0638624477390889,-0.5,0,5,3.51132224183,0,dp,120,4,5,967548,0.375243582899288,967547,0.168136078750452,1.52718453105268,0.375243582899288,0.45662033835026,9,,967548,,FALSE,967548,FALSE,20,ambiguous,20260507_145347_unknown_allT_DP_MB_ME_g5_sm0p5_kg0_ks0_rcpp
sp1,252057,925701,,5,9.8,2000-02-03,"","",tree,all,0.0381571271145179,0.372624469424891,0.406738340860665,0.00773303781512013,0.0620795782771553,-0.0203753924797626,1.4564596855136,1.07130403370132,25.9999,0.0638624477390889,-0.5,0,5,3.51132224183,0,dp,120,4,5,967547,0.511551198449958,967549,0.162816267183347,1.22949615221355,0.162816267183347,0.488448801550042,10,,967549,,FALSE,967549,FALSE,20,ambiguous,20260507_145347_unknown_allT_DP_MB_ME_g5_sm0p5_kg0_ks0_rcpp
sp1,252057,940180,,5,2.5,2000-02-03,"","",tree,all,0.0381571271145179,0.372624469424891,0.406738340860665,0.00773303781512013,0.0620795782771553,-0.0203753924797626,1.4564596855136,1.07130403370132,25.9999,0.0638624477390889,-0.5,0,5,3.51132224183,0,dp,120,4,5,967547,0.359736652753311,967548,0.324869334621692,1.44348888002981,0.359736652753311,0.315394012624997,11,,967547,,FALSE,967547,FALSE,20,ambiguous,20260507_145347_unknown_allT_DP_MB_ME_g5_sm0p5_kg0_ks0_rcpp
sp1,252057,951248,,5,2,2000-02-03,"","",tree,all,0.0381571271145179,0.372624469424891,0.406738340860665,0.00773303781512013,0.0620795782771553,-0.0203753924797626,1.4564596855136,1.07130403370132,25.9999,0.0638624477390889,-0.5,0,5,3.51132224183,0,dp,120,4,5,967548,0.660939807460018,967547,0.114487328243184,1.10394803920018,0.660939807460018,0.224572864296798,12,,967548,,FALSE,967548,FALSE,20,ambiguous,20260507_145347_unknown_allT_DP_MB_ME_g5_sm0p5_kg0_ks0_rcpp
sp1,252057,960314,,6,8.9,2005-02-02,"","",tree,all,0.0381571271145179,0.372624469424891,0.406738340860665,0.00773303781512013,0.0620795782771553,-0.0203753924797626,1.4564596855136,1.07130403370132,25.9999,0.0638624477390889,-0.5,0,5,3.51132224183,0,provisional_dp,120,4,5,967547,1,967548,0,0,1,0,13,,967547,FALSE,FALSE,967547,FALSE,20,confident,20260507_145347_unknown_allT_DP_MB_ME_g5_sm0p5_kg0_ks0_rcpp
sp1,252057,967546,,6,2,2005-02-02,"","",tree,all,0.0381571271145179,0.372624469424891,0.406738340860665,0.00773303781512013,0.0620795782771553,-0.0203753924797626,1.4564596855136,1.07130403370132,25.9999,0.0638624477390889,-0.5,0,5,3.51132224183,0,provisional_dp,120,4,5,967548,1,967547,0,0,1,0,14,,967548,FALSE,FALSE,967548,FALSE,20,confident,20260507_145347_unknown_allT_DP_MB_ME_g5_sm0p5_kg0_ks0_rcpp
sp1,252057,967546,967546,7,,2010-02-04,"","",tree,all,0.0381571271145179,0.372624469424891,0.406738340860665,0.00773303781512013,0.0620795782771553,-0.0203753924797626,1.4564596855136,1.07130403370132,25.9999,0.0638624477390889,-0.5,0,5,3.51132224183,0,given,120,4,5,,,,,,,,15,,967546,,FALSE,967546,FALSE,20,,20260507_145347_unknown_allT_DP_MB_ME_g5_sm0p5_kg0_ks0_rcpp
sp1,252057,967546,967546,8,,2015-02-27,"","",tree,all,0.0381571271145179,0.372624469424891,0.406738340860665,0.00773303781512013,0.0620795782771553,-0.0203753924797626,1.4564596855136,1.07130403370132,25.9999,0.0638624477390889,-0.5,0,5,3.51132224183,0,given,120,4,5,,,,,,,,16,,967546,,FALSE,967546,FALSE,20,,20260507_145347_unknown_allT_DP_MB_ME_g5_sm0p5_kg0_ks0_rcpp
sp1,306322,262595,,2,1,1985-07-23,"","",tree,all,0.0381571271145179,0.372624469424891,0.406738340860665,0.00773303781512013,0.0620795782771553,-0.0203753924797626,1.4564596855136,1.07130403370132,25.9999,0.0638624477390889,-0.5,0,5,3.51132224183,0,dp,2,2,2,574524,0.894057677735354,574525,0.105942322264646,0.337946770132331,0.894057677735354,0.105942322264646,1,,574524,,FALSE,574524,FALSE,20,ambiguous,20260507_145347_unknown_allT_DP_MB_ME_g5_sm0p5_kg0_ks0_rcpp
sp1,306322,262595,,3,,1990-10-25,"","",tree,all,0.0381571271145179,0.372624469424891,0.406738340860665,0.00773303781512013,0.0620795782771553,-0.0203753924797626,1.4564596855136,1.07130403370132,25.9999,0.0638624477390889,-0.5,0,5,3.51132224183,0,dp_mf_inferred,,,,,,,,,,,2,,574524,,FALSE,574524,FALSE,20,,20260507_145347_unknown_allT_DP_MB_ME_g5_sm0p5_kg0_ks0_rcpp
sp1,306322,262595,,4,1.1,1995-08-09,"","",tree,all,0.0381571271145179,0.372624469424891,0.406738340860665,0.00773303781512013,0.0620795782771553,-0.0203753924797626,1.4564596855136,1.07130403370132,25.9999,0.0638624477390889,-0.5,0,5,3.51132224183,0,dp,2,2,2,574524,0.953855391591648,574525,0.0461446084083524,0.187002850074637,0.953855391591648,0.0461446084083524,3,,574524,,FALSE,574524,FALSE,20,confident,20260507_145347_unknown_allT_DP_MB_ME_g5_sm0p5_kg0_ks0_rcpp
sp1,306322,262595,,5,1.3,2000-08-02,"","",tree,all,0.0381571271145179,0.372624469424891,0.406738340860665,0.00773303781512013,0.0620795782771553,-0.0203753924797626,1.4564596855136,1.07130403370132,25.9999,0.0638624477390889,-0.5,0,5,3.51132224183,0,dp,2,2,2,574524,0.968804968867346,574525,0.0311950311326537,0.138871986134542,0.968804968867346,0.0311950311326537,4,,574524,,FALSE,574524,FALSE,20,confident,20260507_145347_unknown_allT_DP_MB_ME_g5_sm0p5_kg0_ks0_rcpp
sp1,306322,262595,,6,1.3,2005-09-01,"","",tree,all,0.0381571271145179,0.372624469424891,0.406738340860665,0.00773303781512013,0.0620795782771553,-0.0203753924797626,1.4564596855136,1.07130403370132,25.9999,0.0638624477390889,-0.5,0,5,3.51132224183,0,dp,2,2,2,574524,0.985111680434215,574525,0.014888319565785,0.077414749304759,0.985111680434215,0.014888319565785,5,,574524,,FALSE,574524,FALSE,20,confident,20260507_145347_unknown_allT_DP_MB_ME_g5_sm0p5_kg0_ks0_rcpp
sp1,306322,262595,574524,7,1.4,2010-07-22,"","",tree,all,0.0381571271145179,0.372624469424891,0.406738340860665,0.00773303781512013,0.0620795782771553,-0.0203753924797626,1.4564596855136,1.07130403370132,25.9999,0.0638624477390889,-0.5,0,5,3.51132224183,0,given,2,2,2,574524,1,574525,0,0,1,0,6,,574524,,FALSE,574524,FALSE,20,confident,20260507_145347_unknown_allT_DP_MB_ME_g5_sm0p5_kg0_ks0_rcpp
sp1,306322,262595,574524,8,,2015-10-20,"","",tree,all,0.0381571271145179,0.372624469424891,0.406738340860665,0.00773303781512013,0.0620795782771553,-0.0203753924797626,1.4564596855136,1.07130403370132,25.9999,0.0638624477390889,-0.5,0,5,3.51132224183,0,given,2,2,2,,,,,,,,7,,574524,,FALSE,574524,FALSE,20,,20260507_145347_unknown_allT_DP_MB_ME_g5_sm0p5_kg0_ks0_rcpp
sp1,306322,262595,574524,9,,2023-05-02,"","",tree,all,0.0381571271145179,0.372624469424891,0.406738340860665,0.00773303781512013,0.0620795782771553,-0.0203753924797626,1.4564596855136,1.07130403370132,25.9999,0.0638624477390889,-0.5,0,5,3.51132224183,0,given,2,2,2,,,,,,,,8,,574524,,FALSE,574524,FALSE,20,,20260507_145347_unknown_allT_DP_MB_ME_g5_sm0p5_kg0_ks0_rcpp
sp1,527220,318026,,4,1.7,1995-06-14,"","",tree,all,0.0381571271145179,0.372624469424891,0.406738340860665,0.00773303781512013,0.0620795782771553,-0.0203753924797626,1.4564596855136,1.07130403370132,25.9999,0.0638624477390889,-0.5,0,5,3.51132224183,0,dp,2,4,2,318026,0.943465964999618,318027,0.0565340350003825,0.217322322499856,0.943465964999618,0.0565340350003825,1,,318026,,FALSE,318026,FALSE,20,ambiguous,20260507_145347_unknown_allT_DP_MB_ME_g5_sm0p5_kg0_ks0_rcpp
sp1,527220,318026,,5,,2000-06-01,"","",tree,all,0.0381571271145179,0.372624469424891,0.406738340860665,0.00773303781512013,0.0620795782771553,-0.0203753924797626,1.4564596855136,1.07130403370132,25.9999,0.0638624477390889,-0.5,0,5,3.51132224183,0,dp_mf_inferred,,,,,,,,,,,2,,318026,,FALSE,318026,FALSE,20,,20260507_145347_unknown_allT_DP_MB_ME_g5_sm0p5_kg0_ks0_rcpp
sp1,527220,318026,,6,3.2,2005-06-30,"","",tree,all,0.0381571271145179,0.372624469424891,0.406738340860665,0.00773303781512013,0.0620795782771553,-0.0203753924797626,1.4564596855136,1.07130403370132,25.9999,0.0638624477390889,-0.5,0,5,3.51132224183,0,dp,2,4,2,318026,0.991264569978935,318027,0.0087354300210651,0.0501063184399711,0.991264569978935,0.0087354300210651,3,,318026,,FALSE,318026,FALSE,20,confident,20260507_145347_unknown_allT_DP_MB_ME_g5_sm0p5_kg0_ks0_rcpp
sp1,527220,318026,318026,7,4.6,2010-05-25,"","",tree,all,0.0381571271145179,0.372624469424891,0.406738340860665,0.00773303781512013,0.0620795782771553,-0.0203753924797626,1.4564596855136,1.07130403370132,25.9999,0.0638624477390889,-0.5,0,5,3.51132224183,0,given,2,4,2,318026,1,318027,0,0,1,0,4,,318026,,FALSE,318026,FALSE,20,confident,20260507_145347_unknown_allT_DP_MB_ME_g5_sm0p5_kg0_ks0_rcpp
sp1,527220,318026,318026,8,6,2015-09-01,"","",tree,all,0.0381571271145179,0.372624469424891,0.406738340860665,0.00773303781512013,0.0620795782771553,-0.0203753924797626,1.4564596855136,1.07130403370132,25.9999,0.0638624477390889,-0.5,0,5,3.51132224183,0,given,,,,,,,,,,,5,,318026,,FALSE,318026,FALSE,20,,20260507_145347_unknown_allT_DP_MB_ME_g5_sm0p5_kg0_ks0_rcpp
sp1,527220,318026,318026,9,8,2022-12-21,"","",tree,all,0.0381571271145179,0.372624469424891,0.406738340860665,0.00773303781512013,0.0620795782771553,-0.0203753924797626,1.4564596855136,1.07130403370132,25.9999,0.0638624477390889,-0.5,0,5,3.51132224183,0,given,,,,,,,,,,,6,,318026,,FALSE,318026,FALSE,20,,20260507_145347_unknown_allT_DP_MB_ME_g5_sm0p5_kg0_ks0_rcpp
sp1,531093,319129,,4,1.2,1995-06-02,"","",tree,all,0.0381571271145179,0.372624469424891,0.406738340860665,0.00773303781512013,0.0620795782771553,-0.0203753924797626,1.4564596855136,1.07130403370132,25.9999,0.0638624477390889,-0.5,0,5,3.51132224183,0,dp,2,4,2,319129,0.9488916440028,319130,0.0511083559971999,0.201765888388853,0.9488916440028,0.0511083559971999,1,,319129,,FALSE,319129,FALSE,20,ambiguous,20260507_145347_unknown_allT_DP_MB_ME_g5_sm0p5_kg0_ks0_rcpp
sp1,531093,319129,,5,1.8,2000-05-31,"","",tree,all,0.0381571271145179,0.372624469424891,0.406738340860665,0.00773303781512013,0.0620795782771553,-0.0203753924797626,1.4564596855136,1.07130403370132,25.9999,0.0638624477390889,-0.5,0,5,3.51132224183,0,dp,2,4,2,319129,0.964289200475554,319130,0.0357107995244463,0.154064613581578,0.964289200475554,0.0357107995244463,2,,319129,,FALSE,319129,FALSE,20,confident,20260507_145347_unknown_allT_DP_MB_ME_g5_sm0p5_kg0_ks0_rcpp
sp1,531093,319129,,6,2.1,2005-06-27,"","",tree,all,0.0381571271145179,0.372624469424891,0.406738340860665,0.00773303781512013,0.0620795782771553,-0.0203753924797626,1.4564596855136,1.07130403370132,25.9999,0.0638624477390889,-0.5,0,5,3.51132224183,0,dp,2,4,2,319129,0.981109746092907,319130,0.0188902539070931,0.0936881786016862,0.981109746092907,0.0188902539070931,3,,319129,,FALSE,319129,FALSE,20,confident,20260507_145347_unknown_allT_DP_MB_ME_g5_sm0p5_kg0_ks0_rcpp
sp1,531093,319129,319129,7,2.1,2010-06-15,"","",tree,all,0.0381571271145179,0.372624469424891,0.406738340860665,0.00773303781512013,0.0620795782771553,-0.0203753924797626,1.4564596855136,1.07130403370132,25.9999,0.0638624477390889,-0.5,0,5,3.51132224183,0,given,2,4,2,319129,1,319130,0,0,1,0,4,,319129,,FALSE,319129,FALSE,20,confident,20260507_145347_unknown_allT_DP_MB_ME_g5_sm0p5_kg0_ks0_rcpp
sp1,531093,319129,319129,8,2.2,2015-07-30,"","",tree,all,0.0381571271145179,0.372624469424891,0.406738340860665,0.00773303781512013,0.0620795782771553,-0.0203753924797626,1.4564596855136,1.07130403370132,25.9999,0.0638624477390889,-0.5,0,5,3.51132224183,0,given,,,,,,,,,,,5,,319129,,FALSE,319129,FALSE,20,,20260507_145347_unknown_allT_DP_MB_ME_g5_sm0p5_kg0_ks0_rcpp
sp1,531093,319129,319129,9,2.8,2023-01-25,"","",tree,all,0.0381571271145179,0.372624469424891,0.406738340860665,0.00773303781512013,0.0620795782771553,-0.0203753924797626,1.4564596855136,1.07130403370132,25.9999,0.0638624477390889,-0.5,0,5,3.51132224183,0,given,,,,,,,,,,,6,,319129,,FALSE,319129,FALSE,20,,20260507_145347_unknown_allT_DP_MB_ME_g5_sm0p5_kg0_ks0_rcpp
sp1,600156,325783,,5,1.2,2000-02-25,"","",tree,all,0.0381571271145179,0.372624469424891,0.406738340860665,0.00773303781512013,0.0620795782771553,-0.0203753924797626,1.4564596855136,1.07130403370132,25.9999,0.0638624477390889,-0.5,0,5,3.51132224183,0,dp,2,5,2,325783,0.935245093209271,325784,0.064754906790729,0.239855149240087,0.935245093209271,0.064754906790729,1,,325783,,FALSE,325783,FALSE,20,ambiguous,20260507_145347_unknown_allT_DP_MB_ME_g5_sm0p5_kg0_ks0_rcpp
sp1,600156,325783,,6,,2005-02-22,"","",tree,all,0.0381571271145179,0.372624469424891,0.406738340860665,0.00773303781512013,0.0620795782771553,-0.0203753924797626,1.4564596855136,1.07130403370132,25.9999,0.0638624477390889,-0.5,0,5,3.51132224183,0,dp_mf_inferred,,,,,,,,,,,2,,325783,,FALSE,325783,FALSE,20,,20260507_145347_unknown_allT_DP_MB_ME_g5_sm0p5_kg0_ks0_rcpp
sp1,600156,325783,325783,7,1.3,2010-02-26,"","",tree,all,0.0381571271145179,0.372624469424891,0.406738340860665,0.00773303781512013,0.0620795782771553,-0.0203753924797626,1.4564596855136,1.07130403370132,25.9999,0.0638624477390889,-0.5,0,5,3.51132224183,0,given,2,5,2,325783,1,325784,0,0,1,0,3,,325783,,FALSE,325783,FALSE,20,confident,20260507_145347_unknown_allT_DP_MB_ME_g5_sm0p5_kg0_ks0_rcpp
sp1,600156,325783,325783,8,1.4,2015-03-24,"","",tree,all,0.0381571271145179,0.372624469424891,0.406738340860665,0.00773303781512013,0.0620795782771553,-0.0203753924797626,1.4564596855136,1.07130403370132,25.9999,0.0638624477390889,-0.5,0,5,3.51132224183,0,given,,,,,,,,,,,4,,325783,,FALSE,325783,FALSE,20,,20260507_145347_unknown_allT_DP_MB_ME_g5_sm0p5_kg0_ks0_rcpp
sp1,600156,325783,325783,9,,2022-03-31,R,"",tree,all,0.0381571271145179,0.372624469424891,0.406738340860665,0.00773303781512013,0.0620795782771553,-0.0203753924797626,1.4564596855136,1.07130403370132,25.9999,0.0638624477390889,-0.5,0,5,3.51132224183,0,given,,,,,,,,,,,5,,325783,,FALSE,325783,FALSE,20,,20260507_145347_unknown_allT_DP_MB_ME_g5_sm0p5_kg0_ks0_rcpp
sp1,606162,328837,,5,12,2000-02-18,"",alive,tree,all,0.0381571271145179,0.372624469424891,0.406738340860665,0.00773303781512013,0.0620795782771553,-0.0203753924797626,1.4564596855136,1.07130403370132,25.9999,0.0638624477390889,-0.5,0,5,3.51132224183,0,dp,2,5,2,1075846,0.990179904245603,1075847,0.00982009575439679,0.0551732083698885,0.990179904245603,0.00982009575439679,1,,1075846,,FALSE,1075846,FALSE,21,confident,20260507_145347_unknown_allT_DP_MB_ME_g5_sm0p5_kg0_ks0_rcpp
sp1,606162,328837,,6,13,2005-02-17,"",alive,tree,all,0.0381571271145179,0.372624469424891,0.406738340860665,0.00773303781512013,0.0620795782771553,-0.0203753924797626,1.4564596855136,1.07130403370132,25.9999,0.0638624477390889,-0.5,0,5,3.51132224183,0,dp,2,5,2,1075846,0.995499258367578,1075847,0.00450074163242215,0.0288104143846146,0.995499258367578,0.00450074163242215,2,,1075846,,FALSE,1075846,FALSE,21,confident,20260507_145347_unknown_allT_DP_MB_ME_g5_sm0p5_kg0_ks0_rcpp
sp1,606162,328837,328837,7,,2010-02-19,D;N,dead,tree,all,0.0381571271145179,0.372624469424891,0.406738340860665,0.00773303781512013,0.0620795782771553,-0.0203753924797626,1.4564596855136,1.07130403370132,25.9999,0.0638624477390889,-0.5,0,5,3.51132224183,0,given,,,,,,,,,,,3,,328837,,TRUE,1075846,FALSE,21,,20260507_145347_unknown_allT_DP_MB_ME_g5_sm0p5_kg0_ks0_rcpp
sp1,606162,328837,328837,8,,2015-03-24,R,broken below,tree,all,0.0381571271145179,0.372624469424891,0.406738340860665,0.00773303781512013,0.0620795782771553,-0.0203753924797626,1.4564596855136,1.07130403370132,25.9999,0.0638624477390889,-0.5,0,5,3.51132224183,0,given,2,5,2,,,,,,,,4,,328837,,FALSE,328837,FALSE,21,,20260507_145347_unknown_allT_DP_MB_ME_g5_sm0p5_kg0_ks0_rcpp
sp1,606162,328837,328837,9,,2022-12-08,D,dead,tree,all,0.0381571271145179,0.372624469424891,0.406738340860665,0.00773303781512013,0.0620795782771553,-0.0203753924797626,1.4564596855136,1.07130403370132,25.9999,0.0638624477390889,-0.5,0,5,3.51132224183,0,given,,,,,,,,,,,6,,328837,,FALSE,328837,FALSE,21,,20260507_145347_unknown_allT_DP_MB_ME_g5_sm0p5_kg0_ks0_rcpp
sp1,606162,1075846,1075846,8,19,2015-03-24,"",alive,tree,all,0.0381571271145179,0.372624469424891,0.406738340860665,0.00773303781512013,0.0620795782771553,-0.0203753924797626,1.4564596855136,1.07130403370132,25.9999,0.0638624477390889,-0.5,0,5,3.51132224183,0,given,2,5,2,1075846,1,1075847,0,0,1,0,5,,1075846,,FALSE,1075846,FALSE,21,confident,20260507_145347_unknown_allT_DP_MB_ME_g5_sm0p5_kg0_ks0_rcpp
sp1,606162,1075846,1075846,9,,2022-12-08,Ns,stem dead,tree,all,0.0381571271145179,0.372624469424891,0.406738340860665,0.00773303781512013,0.0620795782771553,-0.0203753924797626,1.4564596855136,1.07130403370132,25.9999,0.0638624477390889,-0.5,0,5,3.51132224183,0,given,,,,,,,,,,,7,,1075846,,FALSE,1075846,FALSE,21,,20260507_145347_unknown_allT_DP_MB_ME_g5_sm0p5_kg0_ks0_rcpp
sp1,606163,328837,,1,12,1981-06-13,"",alive,tree,all,0.0381571271145179,0.372624469424891,0.406738340860665,0.00773303781512013,0.0620795782771553,-0.0203753924797626,1.4564596855136,1.07130403370132,25.9999,0.0638624477390889,-0.5,0,5,3.51132224183,0,dp,2,1,2,1075846,0.992438194549972,1075847,0.00756180545002821,0.0444698801201172,0.992438194549972,0.00756180545002821,1,,1075846,,FALSE,1075846,FALSE,21,confident,20260507_145347_unknown_allT_DP_MB_ME_g5_sm0p5_kg0_ks0_rcpp
sp1,606163,328837,,2,13,1985-08-24,"",alive,tree,all,0.0381571271145179,0.372624469424891,0.406738340860665,0.00773303781512013,0.0620795782771553,-0.0203753924797626,1.4564596855136,1.07130403370132,25.9999,0.0638624477390889,-0.5,0,5,3.51132224183,0,dp,2,1,2,1075846,0.995820215497969,1075847,0.00417978450203049,0.027065788176703,0.995820215497969,0.00417978450203049,2,,1075846,,FALSE,1075846,FALSE,21,confident,20260507_145347_unknown_allT_DP_MB_ME_g5_sm0p5_kg0_ks0_rcpp
sp1,606163,328837,,3,,1990-10-20,D;N,dead,tree,all,0.0381571271145179,0.372624469424891,0.406738340860665,0.00773303781512013,0.0620795782771553,-0.0203753924797626,1.4564596855136,1.07130403370132,25.9999,0.0638624477390889,-0.5,0,5,3.51132224183,0,dp_mf_inferred,,,,,,,,,,,3,,1075846,,FALSE,1075846,FALSE,21,,20260507_145347_unknown_allT_DP_MB_ME_g5_sm0p5_kg0_ks0_rcpp
sp1,606163,328837,328837,4,,1995-06-27,R,broken below,tree,all,0.0381571271145179,0.372624469424891,0.406738340860665,0.00773303781512013,0.0620795782771553,-0.0203753924797626,1.4564596855136,1.07130403370132,25.9999,0.0638624477390889,-0.5,0,5,3.51132224183,0,given,2,1,2,,,,,,,,4,,328837,,FALSE,328837,FALSE,21,,20260507_145347_unknown_allT_DP_MB_ME_g5_sm0p5_kg0_ks0_rcpp
sp1,606163,328837,328837,5,,2000-02-18,D,dead,tree,all,0.0381571271145179,0.372624469424891,0.406738340860665,0.00773303781512013,0.0620795782771553,-0.0203753924797626,1.4564596855136,1.07130403370132,25.9999,0.0638624477390889,-0.5,0,5,3.51132224183,0,given,2,1,2,,,,,,,,6,,328837,,FALSE,328837,FALSE,21,,20260507_145347_unknown_allT_DP_MB_ME_g5_sm0p5_kg0_ks0_rcpp
sp1,606163,1075846,1075846,4,19,1995-06-27,"",alive,tree,all,0.0381571271145179,0.372624469424891,0.406738340860665,0.00773303781512013,0.0620795782771553,-0.0203753924797626,1.4564596855136,1.07130403370132,25.9999,0.0638624477390889,-0.5,0,5,3.51132224183,0,given,2,1,2,1075846,1,1075847,0,0,1,0,5,,1075846,,FALSE,1075846,FALSE,21,confident,20260507_145347_unknown_allT_DP_MB_ME_g5_sm0p5_kg0_ks0_rcpp
sp1,606163,1075846,1075846,5,,2000-02-18,Ns,stem dead,tree,all,0.0381571271145179,0.372624469424891,0.406738340860665,0.00773303781512013,0.0620795782771553,-0.0203753924797626,1.4564596855136,1.07130403370132,25.9999,0.0638624477390889,-0.5,0,5,3.51132224183,0,given,2,1,2,,,,,,,,7,,1075846,,FALSE,1075846,FALSE,21,,20260507_145347_unknown_allT_DP_MB_ME_g5_sm0p5_kg0_ks0_rcpp
